timestamp,temperature,vibration,pressure,voltage,current,fault
2026-08-13 06:39:44.383986,45.99,0.196,101.95,12.23,1.77,Normal
2026-08-13 06:39:45.383986,44.53,0.247,102.07,11.93,1.87,Normal
2026-08-13 06:39:46.383986,44.07,0.186,101.54,11.71,1.59,Normal
2026-08-13 06:39:47.383986,43.88,0.17,101.61,11.86,1.63,Normal
2026-08-13 06:39:48.383986,47.93,0.193,101.37,11.79,1.73,Normal
2026-08-13 06:39:49.383986,45.22,0.165,101.68,11.91,1.76,Normal
2026-08-13 06:39:50.383986,43.8,0.256,101.29,11.84,1.9,Normal
2026-08-13 06:39:51.383986,42.56,0.206,99.34,11.8,1.82,Normal
2026-08-13 06:39:52.383986,46.48,0.205,101.18,11.95,1.62,Normal
2026-08-13 06:39:53.383986,43.56,0.186,102.36,12.05,1.59,Normal
2026-08-13 06:39:54.383986,45.65,0.188,100.62,12.09,1.92,Normal
2026-08-13 06:39:55.383986,46.86,0.175,100.99,12.05,1.92,Normal
2026-08-13 06:39:56.383986,44.04,0.194,100.19,11.82,1.9,Normal
2026-08-13 06:39:57.383986,47.71,0.198,102.3,12.05,1.72,Normal
2026-08-13 06:39:58.383986,45.72,0.246,101.26,12.23,1.49,Normal
2026-08-13 06:39:59.383986,46.64,0.203,101.0,12.01,1.56,Normal
2026-08-13 06:40:00.383986,44.56,0.211,102.78,11.92,1.7,Normal
2026-08-13 06:40:01.383986,44.0,0.227,101.63,11.92,1.86,Normal
2026-08-13 06:40:02.383986,45.19,0.229,100.6,11.95,1.75,Normal
2026-08-13 06:40:03.383986,42.07,0.209,101.56,12.0,1.77,Normal
2026-08-13 06:40:04.383986,42.17,0.187,100.96,11.88,1.78,Normal
2026-08-13 06:40:05.383986,45.81,0.257,101.47,12.04,1.79,Normal
2026-08-13 06:40:06.383986,41.16,0.199,101.36,12.37,1.78,Normal
2026-08-13 06:40:07.383986,45.6,0.199,100.13,12.17,1.89,Normal
2026-08-13 06:40:08.383986,46.58,0.173,102.7,11.79,1.87,Normal
2026-08-13 06:40:09.383986,49.38,0.17,100.73,12.01,1.74,Normal
2026-08-13 06:40:10.383986,41.9,0.202,100.24,12.07,1.69,Normal
2026-08-13 06:40:11.383986,48.1,0.177,100.98,12.12,1.65,Normal
2026-08-13 06:40:12.383986,45.45,0.239,99.69,12.03,1.83,Normal
2026-08-13 06:40:13.383986,46.56,0.163,99.98,12.08,1.84,Normal
2026-08-13 06:40:14.383986,45.5,0.21,100.62,12.03,1.84,Normal
2026-08-13 06:40:15.383986,43.57,0.256,101.77,11.82,1.88,Normal
2026-08-13 06:40:16.383986,43.05,0.224,102.46,11.88,1.92,Normal
2026-08-13 06:40:17.383986,45.83,0.225,103.2,11.96,1.71,Normal
2026-08-13 06:40:18.383986,43.22,0.176,101.22,12.05,1.83,Normal
2026-08-13 06:40:19.383986,46.65,0.2,102.75,11.96,2.13,Normal
2026-08-13 06:40:20.383986,46.25,0.174,100.23,12.07,1.77,Normal
2026-08-13 06:40:21.383986,46.43,0.214,101.23,11.87,1.62,Normal
2026-08-13 06:40:22.383986,44.11,0.226,101.51,11.81,1.82,Normal
2026-08-13 06:40:23.383986,45.77,0.173,101.45,12.01,1.66,Normal
2026-08-13 06:40:24.383986,45.72,0.217,102.38,12.16,1.63,Normal
2026-08-13 06:40:25.383986,43.12,0.215,101.81,12.08,2.26,Normal
2026-08-13 06:40:26.383986,46.14,0.234,102.25,12.1,1.76,Normal
2026-08-13 06:40:27.383986,46.52,0.177,101.06,11.93,1.81,Normal
2026-08-13 06:40:28.383986,49.63,0.144,101.99,11.76,1.74,Normal
2026-08-13 06:40:29.383986,47.18,0.202,100.22,11.89,1.88,Normal
2026-08-13 06:40:30.383986,43.54,0.206,101.35,11.9,2.06,Normal
2026-08-13 06:40:31.383986,46.27,0.139,101.49,11.9,1.9,Normal
2026-08-13 06:40:32.383986,43.41,0.197,101.8,12.13,1.66,Normal
2026-08-13 06:40:33.383986,44.33,0.186,100.65,12.26,1.85,Normal
2026-08-13 06:40:34.383986,42.48,0.228,103.42,12.15,1.62,Normal
2026-08-13 06:40:35.383986,44.03,0.238,100.59,12.07,1.89,Normal
2026-08-13 06:40:36.383986,43.15,0.198,98.06,11.85,1.77,Normal
2026-08-13 06:40:37.383986,42.5,0.249,99.87,11.93,1.82,Normal
2026-08-13 06:40:38.383986,47.88,0.157,102.46,12.0,1.68,Normal
2026-08-13 06:40:39.383986,45.92,0.206,100.7,12.01,1.75,Normal
2026-08-13 06:40:40.383986,45.23,0.22,102.89,11.81,2.06,Normal
2026-08-13 06:40:41.383986,41.1,0.195,101.89,12.04,1.73,Normal
2026-08-13 06:40:42.383986,44.58,0.185,100.71,12.13,1.84,Normal
2026-08-13 06:40:43.383986,43.61,0.227,101.61,12.12,1.88,Normal
2026-08-13 06:40:44.383986,43.34,0.183,102.05,12.09,1.8,Normal
2026-08-13 06:40:45.383986,45.23,0.238,100.71,12.08,1.78,Normal
2026-08-13 06:40:46.383986,44.56,0.233,102.13,12.12,1.96,Normal
2026-08-13 06:40:47.383986,45.04,0.22,100.99,12.05,1.78,Normal
2026-08-13 06:40:48.383986,45.19,0.218,100.48,12.31,1.68,Normal
2026-08-13 06:40:49.383986,42.57,0.235,102.09,12.09,1.88,Normal
2026-08-13 06:40:50.383986,44.98,0.173,101.38,11.9,1.92,Normal
2026-08-13 06:40:51.383986,44.71,0.175,100.98,12.06,1.73,Normal
2026-08-13 06:40:52.383986,43.36,0.207,101.54,11.92,1.74,Normal
2026-08-13 06:40:53.383986,45.46,0.157,99.89,11.89,1.77,Normal
2026-08-13 06:40:54.383986,45.62,0.244,102.16,11.98,1.8,Normal
2026-08-13 06:40:55.383986,42.99,0.199,101.01,12.05,1.7,Normal
2026-08-13 06:40:56.383986,46.04,0.246,101.19,12.06,1.88,Normal
2026-08-13 06:40:57.383986,44.2,0.207,101.31,12.01,1.71,Normal
2026-08-13 06:40:58.383986,45.05,0.215,102.75,12.14,2.06,Normal
2026-08-13 06:40:59.383986,43.47,0.226,101.48,12.33,1.7,Normal
2026-08-13 06:41:00.383986,43.32,0.182,99.18,11.92,1.71,Normal
2026-08-13 06:41:01.383986,45.3,0.21,103.18,12.14,1.73,Normal
2026-08-13 06:41:02.383986,43.2,0.215,99.98,12.27,1.94,Normal
2026-08-13 06:41:03.383986,44.06,0.149,102.65,11.98,1.95,Normal
2026-08-13 06:41:04.383986,41.81,0.182,101.31,12.01,1.75,Normal
2026-08-13 06:41:05.383986,46.25,0.168,101.16,12.02,1.86,Normal
2026-08-13 06:41:06.383986,46.42,0.166,99.77,12.19,1.84,Normal
2026-08-13 06:41:07.383986,43.5,0.247,101.42,12.18,1.81,Normal
2026-08-13 06:41:08.383986,49.12,0.253,101.05,12.15,1.88,Normal
2026-08-13 06:41:09.383986,47.74,0.171,101.99,12.16,1.59,Normal
2026-08-13 06:41:10.383986,42.63,0.139,101.03,12.11,1.98,Normal
2026-08-13 06:41:11.383986,45.15,0.249,99.92,11.74,1.79,Normal
2026-08-13 06:41:12.383986,45.77,0.199,99.23,11.99,1.64,Normal
2026-08-13 06:41:13.383986,46.34,0.211,100.36,11.92,1.67,Normal
2026-08-13 06:41:14.383986,44.87,0.229,100.31,12.08,1.74,Normal
2026-08-13 06:41:15.383986,43.41,0.197,100.26,11.92,1.66,Normal
2026-08-13 06:41:16.383986,48.93,0.201,100.6,12.03,1.79,Normal
2026-08-13 06:41:17.383986,44.56,0.218,102.06,11.92,1.73,Normal
2026-08-13 06:41:18.383986,44.45,0.131,99.78,12.21,2.0,Normal
2026-08-13 06:41:19.383986,44.5,0.217,101.61,12.46,1.93,Normal
2026-08-13 06:41:20.383986,44.74,0.171,99.69,12.03,1.71,Normal
2026-08-13 06:41:21.383986,42.16,0.181,100.22,12.25,1.91,Normal
2026-08-13 06:41:22.383986,44.98,0.244,101.38,11.87,1.98,Normal
2026-08-13 06:41:23.383986,46.08,0.169,101.11,11.87,1.63,Normal
2026-08-13 06:41:24.383986,46.85,0.257,99.9,12.08,1.72,Normal
2026-08-13 06:41:25.383986,44.03,0.182,100.44,12.01,1.7,Normal
2026-08-13 06:41:26.383986,45.54,0.198,101.06,11.86,1.73,Normal
2026-08-13 06:41:27.383986,46.51,0.215,100.32,12.01,1.89,Normal
2026-08-13 06:41:28.383986,41.66,0.216,100.64,12.09,1.71,Normal
2026-08-13 06:41:29.383986,41.39,0.151,101.35,12.04,1.69,Normal
2026-08-13 06:41:30.383986,46.28,0.15,101.23,11.82,1.72,Normal
2026-08-13 06:41:31.383986,45.09,0.174,100.92,12.15,1.73,Normal
2026-08-13 06:41:32.383986,46.67,0.166,101.83,12.22,1.5,Normal
2026-08-13 06:41:33.383986,43.41,0.217,101.1,12.06,1.73,Normal
2026-08-13 06:41:34.383986,45.17,0.195,102.47,12.04,1.84,Normal
2026-08-13 06:41:35.383986,44.18,0.185,100.87,12.06,1.75,Normal
2026-08-13 06:41:36.383986,45.58,0.262,102.17,11.95,1.94,Normal
2026-08-13 06:41:37.383986,44.18,0.139,100.29,11.72,1.76,Normal
2026-08-13 06:41:38.383986,45.04,0.25,101.63,11.97,1.9,Normal
2026-08-13 06:41:39.383986,40.58,0.207,102.07,11.78,1.94,Normal
2026-08-13 06:41:40.383986,45.68,0.188,101.93,12.34,1.82,Normal
2026-08-13 06:41:41.383986,45.5,0.186,100.45,12.12,1.7,Normal
2026-08-13 06:41:42.383986,45.14,0.186,101.78,12.05,1.92,Normal
2026-08-13 06:41:43.383986,43.98,0.192,100.32,11.93,1.85,Normal
2026-08-13 06:41:44.383986,46.51,0.172,102.17,12.2,1.85,Normal
2026-08-13 06:41:45.383986,48.75,0.177,100.06,11.73,1.98,Normal
2026-08-13 06:41:46.383986,46.31,0.198,101.58,11.83,2.09,Normal
2026-08-13 06:41:47.383986,45.26,0.203,102.03,12.07,1.83,Normal
2026-08-13 06:41:48.383986,43.42,0.214,103.18,12.2,1.99,Normal
2026-08-13 06:41:49.383986,43.98,0.17,101.17,12.01,1.93,Normal
2026-08-13 06:41:50.383986,41.62,0.246,101.14,11.94,1.68,Normal
2026-08-13 06:41:51.383986,41.69,0.225,101.37,11.81,1.64,Normal
2026-08-13 06:41:52.383986,44.33,0.25,101.04,11.77,1.77,Normal
2026-08-13 06:41:53.383986,44.45,0.119,101.25,11.97,1.88,Normal
2026-08-13 06:41:54.383986,48.7,0.234,101.03,11.83,2.11,Normal
2026-08-13 06:41:55.383986,45.12,0.2,101.28,12.03,1.78,Normal
2026-08-13 06:41:56.383986,43.85,0.184,101.27,11.92,1.71,Normal
2026-08-13 06:41:57.383986,45.21,0.192,102.8,11.6,1.93,Normal
2026-08-13 06:41:58.383986,47.49,0.138,100.96,11.94,1.63,Normal
2026-08-13 06:41:59.383986,43.44,0.167,103.05,12.14,1.95,Normal
2026-08-13 06:42:00.383986,46.44,0.166,100.78,12.07,1.65,Normal
2026-08-13 06:42:01.383986,46.43,0.193,100.93,12.11,1.85,Normal
2026-08-13 06:42:02.383986,44.28,0.235,100.22,12.09,1.87,Normal
2026-08-13 06:42:03.383986,44.38,0.21,100.05,12.14,1.78,Normal
2026-08-13 06:42:04.383986,43.95,0.231,100.6,11.79,1.61,Normal
2026-08-13 06:42:05.383986,46.21,0.162,103.05,11.69,2.0,Normal
2026-08-13 06:42:06.383986,45.42,0.197,100.76,12.06,1.8,Normal
2026-08-13 06:42:07.383986,47.21,0.203,101.45,11.95,1.79,Normal
2026-08-13 06:42:08.383986,45.62,0.149,99.95,12.11,1.82,Normal
2026-08-13 06:42:09.383986,44.63,0.201,101.65,11.92,1.71,Normal
2026-08-13 06:42:10.383986,45.39,0.171,101.71,11.74,1.92,Normal
2026-08-13 06:42:11.383986,45.95,0.208,102.28,12.25,1.92,Normal
2026-08-13 06:42:12.383986,41.32,0.162,100.68,12.0,1.86,Normal
2026-08-13 06:42:13.383986,43.55,0.206,100.54,11.91,1.63,Normal
2026-08-13 06:42:14.383986,43.15,0.159,100.32,12.16,1.69,Normal
2026-08-13 06:42:15.383986,50.26,0.215,101.48,11.87,1.88,Normal
2026-08-13 06:42:16.383986,43.85,0.204,103.86,11.99,1.94,Normal
2026-08-13 06:42:17.383986,43.59,0.199,103.07,11.91,2.02,Normal
2026-08-13 06:42:18.383986,46.42,0.183,101.93,12.15,1.87,Normal
2026-08-13 06:42:19.383986,41.86,0.178,101.05,11.99,1.87,Normal
2026-08-13 06:42:20.383986,45.36,0.16,101.68,12.09,1.87,Normal
2026-08-13 06:42:21.383986,47.16,0.225,101.76,11.99,1.6,Normal
2026-08-13 06:42:22.383986,45.86,0.206,101.57,11.81,1.67,Normal
2026-08-13 06:42:23.383986,47.11,0.199,101.98,12.0,1.8,Normal
2026-08-13 06:42:24.383986,46.88,0.185,101.4,11.93,1.75,Normal
2026-08-13 06:42:25.383986,44.38,0.207,100.82,12.19,1.69,Normal
2026-08-13 06:42:26.383986,44.63,0.187,102.75,12.03,1.92,Normal
2026-08-13 06:42:27.383986,42.03,0.208,102.19,12.01,1.93,Normal
2026-08-13 06:42:28.383986,43.97,0.242,103.6,11.95,1.75,Normal
2026-08-13 06:42:29.383986,47.91,0.247,100.78,11.94,1.77,Normal
2026-08-13 06:42:30.383986,42.31,0.172,100.3,11.88,1.8,Normal
2026-08-13 06:42:31.383986,45.47,0.247,100.3,12.15,1.77,Normal
2026-08-13 06:42:32.383986,44.9,0.22,100.18,12.06,1.82,Normal
2026-08-13 06:42:33.383986,45.98,0.209,103.76,11.9,1.74,Normal
2026-08-13 06:42:34.383986,43.75,0.183,100.66,12.18,1.97,Normal
2026-08-13 06:42:35.383986,43.86,0.175,101.77,11.92,1.88,Normal
2026-08-13 06:42:36.383986,45.41,0.155,102.85,12.27,1.73,Normal
2026-08-13 06:42:37.383986,44.22,0.209,101.63,12.1,2.04,Normal
2026-08-13 06:42:38.383986,44.65,0.176,99.92,11.89,1.8,Normal
2026-08-13 06:42:39.383986,48.59,0.184,101.52,12.0,1.94,Normal
2026-08-13 06:42:40.383986,50.05,0.184,100.81,12.16,1.88,Normal
2026-08-13 06:42:41.383986,48.69,0.218,100.94,12.09,1.93,Normal
2026-08-13 06:42:42.383986,46.64,0.215,102.37,12.18,1.97,Normal
2026-08-13 06:42:43.383986,46.3,0.195,101.45,12.18,1.7,Normal
2026-08-13 06:42:44.383986,45.74,0.188,101.33,12.19,1.82,Normal
2026-08-13 06:42:45.383986,45.09,0.159,102.05,12.1,2.06,Normal
2026-08-13 06:42:46.383986,44.38,0.207,101.55,12.24,1.79,Normal
2026-08-13 06:42:47.383986,45.56,0.218,101.49,11.93,1.82,Normal
2026-08-13 06:42:48.383986,47.15,0.169,101.43,11.89,1.94,Normal
2026-08-13 06:42:49.383986,41.95,0.183,101.68,12.23,1.79,Normal
2026-08-13 06:42:50.383986,43.89,0.256,99.85,11.67,1.85,Normal
2026-08-13 06:42:51.383986,44.0,0.169,102.01,12.04,1.73,Normal
2026-08-13 06:42:52.383986,42.44,0.226,101.95,11.99,2.02,Normal
2026-08-13 06:42:53.383986,42.86,0.154,100.61,11.99,1.83,Normal
2026-08-13 06:42:54.383986,44.52,0.211,100.05,12.22,1.79,Normal
2026-08-13 06:42:55.383986,47.23,0.21,101.76,12.09,1.85,Normal
2026-08-13 06:42:56.383986,46.29,0.24,101.5,12.11,1.79,Normal
2026-08-13 06:42:57.383986,47.88,0.18,103.1,11.99,1.63,Normal
2026-08-13 06:42:58.383986,45.26,0.18,102.14,11.9,1.75,Normal
2026-08-13 06:42:59.383986,41.22,0.186,98.88,11.76,1.89,Normal
2026-08-13 06:43:00.383986,46.57,0.213,100.33,11.99,1.8,Normal
2026-08-13 06:43:01.383986,42.68,0.245,102.18,11.97,1.8,Normal
2026-08-13 06:43:02.383986,45.42,0.139,101.05,11.9,1.68,Normal
2026-08-13 06:43:03.383986,44.44,0.254,101.94,11.91,1.87,Normal
2026-08-13 06:43:04.383986,47.8,0.228,101.36,11.9,1.88,Normal
2026-08-13 06:43:05.383986,45.79,0.227,101.94,12.16,1.74,Normal
2026-08-13 06:43:06.383986,47.63,0.206,103.38,11.9,2.01,Normal
2026-08-13 06:43:07.383986,45.4,0.18,100.82,11.95,1.85,Normal
2026-08-13 06:43:08.383986,46.05,0.183,101.28,12.32,2.01,Normal
2026-08-13 06:43:09.383986,45.87,0.201,101.42,12.09,1.68,Normal
2026-08-13 06:43:10.383986,44.49,0.15,101.7,12.1,1.74,Normal
2026-08-13 06:43:11.383986,48.15,0.163,99.84,12.03,1.93,Normal
2026-08-13 06:43:12.383986,48.37,0.186,102.38,11.99,1.78,Normal
2026-08-13 06:43:13.383986,46.77,0.22,99.72,12.22,1.97,Normal
2026-08-13 06:43:14.383986,43.75,0.212,101.79,12.04,1.73,Normal
2026-08-13 06:43:15.383986,43.66,0.199,102.47,12.08,1.76,Normal
2026-08-13 06:43:16.383986,46.54,0.115,102.45,11.74,1.76,Normal
2026-08-13 06:43:17.383986,42.76,0.161,102.46,11.93,1.84,Normal
2026-08-13 06:43:18.383986,44.91,0.214,101.38,11.81,1.92,Normal
2026-08-13 06:43:19.383986,44.01,0.153,100.87,12.23,1.9,Normal
2026-08-13 06:43:20.383986,44.3,0.19,100.98,12.31,1.85,Normal
2026-08-13 06:43:21.383986,45.86,0.231,101.54,11.96,1.78,Normal
2026-08-13 06:43:22.383986,44.86,0.199,102.03,12.01,1.89,Normal
2026-08-13 06:43:23.383986,44.84,0.202,99.3,12.14,1.84,Normal
2026-08-13 06:43:24.383986,47.0,0.113,103.39,11.98,1.93,Normal
2026-08-13 06:43:25.383986,42.92,0.218,100.25,11.91,2.03,Normal
2026-08-13 06:43:26.383986,44.62,0.207,102.17,12.07,1.82,Normal
2026-08-13 06:43:27.383986,45.73,0.272,101.24,12.03,1.93,Normal
2026-08-13 06:43:28.383986,47.21,0.236,101.94,11.83,2.0,Normal
2026-08-13 06:43:29.383986,42.71,0.209,100.55,11.99,1.84,Normal
2026-08-13 06:43:30.383986,45.64,0.213,102.91,12.07,1.77,Normal
2026-08-13 06:43:31.383986,46.93,0.236,100.07,12.09,1.88,Normal
2026-08-13 06:43:32.383986,44.4,0.241,101.15,12.02,1.78,Normal
2026-08-13 06:43:33.383986,45.03,0.167,99.86,12.24,1.7,Normal
2026-08-13 06:43:34.383986,43.02,0.135,100.66,11.8,2.0,Normal
2026-08-13 06:43:35.383986,47.02,0.179,103.55,12.15,1.76,Normal
2026-08-13 06:43:36.383986,40.0,0.269,99.91,11.75,1.92,Normal
2026-08-13 06:43:37.383986,49.88,0.242,101.86,12.09,1.9,Normal
2026-08-13 06:43:38.383986,46.52,0.208,101.4,11.99,1.71,Normal
2026-08-13 06:43:39.383986,44.44,0.149,101.2,11.85,1.67,Normal
2026-08-13 06:43:40.383986,45.36,0.242,102.22,11.76,1.68,Normal
2026-08-13 06:43:41.383986,46.88,0.171,101.08,12.08,1.68,Normal
2026-08-13 06:43:42.383986,45.21,0.16,100.7,12.05,1.61,Normal
2026-08-13 06:43:43.383986,45.88,0.199,101.85,12.03,1.96,Normal
2026-08-13 06:43:44.383986,45.25,0.187,101.42,12.08,1.81,Normal
2026-08-13 06:43:45.383986,45.08,0.179,100.64,11.79,2.01,Normal
2026-08-13 06:43:46.383986,42.51,0.179,100.58,12.13,1.76,Normal
2026-08-13 06:43:47.383986,47.5,0.18,101.58,11.87,2.06,Normal
2026-08-13 06:43:48.383986,42.62,0.209,101.93,12.06,1.78,Normal
2026-08-13 06:43:49.383986,44.74,0.201,101.15,12.14,2.07,Normal
2026-08-13 06:43:50.383986,43.89,0.159,101.21,12.39,1.7,Normal
2026-08-13 06:43:51.383986,48.28,0.25,100.75,12.09,2.0,Normal
2026-08-13 06:43:52.383986,44.24,0.194,100.72,11.85,1.72,Normal
2026-08-13 06:43:53.383986,42.55,0.201,100.53,12.04,1.61,Normal
2026-08-13 06:43:54.383986,45.66,0.225,99.31,12.06,1.95,Normal
2026-08-13 06:43:55.383986,42.58,0.25,101.72,11.89,1.79,Normal
2026-08-13 06:43:56.383986,46.12,0.202,101.84,11.86,1.82,Normal
2026-08-13 06:43:57.383986,42.17,0.197,100.4,11.89,1.95,Normal
2026-08-13 06:43:58.383986,47.18,0.218,100.21,11.95,1.95,Normal
2026-08-13 06:43:59.383986,45.28,0.27,101.69,12.03,1.76,Normal
2026-08-13 06:44:00.383986,45.27,0.195,102.01,12.14,1.71,Normal
2026-08-13 06:44:01.383986,42.34,0.145,101.81,11.83,1.54,Normal
2026-08-13 06:44:02.383986,45.78,0.275,101.29,12.13,1.81,Normal
2026-08-13 06:44:03.383986,44.8,0.228,101.01,12.04,1.84,Normal
2026-08-13 06:44:04.383986,43.66,0.23,101.13,11.89,1.86,Normal
2026-08-13 06:44:05.383986,43.2,0.201,101.29,12.16,1.86,Normal
2026-08-13 06:44:06.383986,44.95,0.225,102.69,12.08,1.8,Normal
2026-08-13 06:44:07.383986,42.38,0.168,100.99,11.91,1.78,Normal
2026-08-13 06:44:08.383986,45.11,0.216,101.23,12.07,1.81,Normal
2026-08-13 06:44:09.383986,41.05,0.172,101.16,11.82,1.87,Normal
2026-08-13 06:44:10.383986,48.06,0.237,101.09,12.22,1.82,Normal
2026-08-13 06:44:11.383986,44.33,0.182,101.0,11.94,1.82,Normal
2026-08-13 06:44:12.383986,45.32,0.2,101.74,12.18,1.91,Normal
2026-08-13 06:44:13.383986,42.03,0.123,102.23,11.79,1.77,Normal
2026-08-13 06:44:14.383986,42.66,0.146,101.84,12.11,1.73,Normal
2026-08-13 06:44:15.383986,39.82,0.184,101.69,11.78,1.82,Normal
2026-08-13 06:44:16.383986,44.97,0.217,101.42,11.85,1.94,Normal
2026-08-13 06:44:17.383986,44.68,0.199,100.37,11.93,1.69,Normal
2026-08-13 06:44:18.383986,44.65,0.251,99.93,11.76,1.98,Normal
2026-08-13 06:44:19.383986,44.58,0.18,102.34,11.91,2.02,Normal
2026-08-13 06:44:20.383986,46.36,0.185,103.46,11.91,1.89,Normal
2026-08-13 06:44:21.383986,45.6,0.239,102.86,12.0,1.71,Normal
2026-08-13 06:44:22.383986,45.92,0.18,103.31,12.02,1.76,Normal
2026-08-13 06:44:23.383986,45.37,0.16,100.33,12.18,1.72,Normal
2026-08-13 06:44:24.383986,42.91,0.216,102.49,12.11,1.92,Normal
2026-08-13 06:44:25.383986,43.49,0.157,102.8,11.95,1.77,Normal
2026-08-13 06:44:26.383986,47.66,0.217,101.76,12.32,1.72,Normal
2026-08-13 06:44:27.383986,46.86,0.202,101.57,12.23,1.86,Normal
2026-08-13 06:44:28.383986,46.08,0.232,100.94,11.87,1.67,Normal
2026-08-13 06:44:29.383986,41.07,0.262,100.2,11.97,1.77,Normal
2026-08-13 06:44:30.383986,45.61,0.224,102.16,11.91,1.78,Normal
2026-08-13 06:44:31.383986,45.57,0.193,102.91,12.07,1.89,Normal
2026-08-13 06:44:32.383986,46.33,0.235,101.48,11.81,1.85,Normal
2026-08-13 06:44:33.383986,43.7,0.184,101.89,12.19,1.8,Normal
2026-08-13 06:44:34.383986,45.62,0.251,101.54,12.39,1.87,Normal
2026-08-13 06:44:35.383986,41.48,0.223,101.68,12.19,1.88,Normal
2026-08-13 06:44:36.383986,44.72,0.163,101.09,11.87,1.73,Normal
2026-08-13 06:44:37.383986,46.18,0.25,101.69,11.82,1.85,Normal
2026-08-13 06:44:38.383986,47.39,0.182,101.17,12.0,1.71,Normal
2026-08-13 06:44:39.383986,46.3,0.196,101.72,11.87,1.75,Normal
2026-08-13 06:44:40.383986,46.44,0.189,103.03,11.94,1.83,Normal
2026-08-13 06:44:41.383986,46.87,0.157,99.54,11.77,1.95,Normal
2026-08-13 06:44:42.383986,43.9,0.277,100.74,12.03,1.99,Normal
2026-08-13 06:44:43.383986,49.01,0.262,102.51,12.15,1.87,Normal
2026-08-13 06:44:44.383986,46.56,0.183,100.48,12.0,1.78,Normal
2026-08-13 06:44:45.383986,44.09,0.221,102.26,12.01,1.98,Normal
2026-08-13 06:44:46.383986,42.72,0.194,100.58,11.72,1.79,Normal
2026-08-13 06:44:47.383986,44.76,0.245,101.93,11.85,2.02,Normal
2026-08-13 06:44:48.383986,47.44,0.217,101.07,11.86,1.76,Normal
2026-08-13 06:44:49.383986,47.18,0.257,102.84,11.93,1.67,Normal
2026-08-13 06:44:50.383986,45.28,0.147,101.62,11.98,1.74,Normal
2026-08-13 06:44:51.383986,41.81,0.215,100.77,11.82,1.46,Normal
2026-08-13 06:44:52.383986,44.94,0.253,102.96,11.93,1.73,Normal
2026-08-13 06:44:53.383986,45.94,0.17,101.6,12.11,1.95,Normal
2026-08-13 06:44:54.383986,44.8,0.194,100.42,11.88,1.77,Normal
2026-08-13 06:44:55.383986,45.73,0.227,100.5,12.22,1.77,Normal
2026-08-13 06:44:56.383986,44.96,0.178,98.88,12.13,1.89,Normal
2026-08-13 06:44:57.383986,44.44,0.202,101.82,11.77,1.74,Normal
2026-08-13 06:44:58.383986,46.59,0.162,101.59,11.8,1.86,Normal
2026-08-13 06:44:59.383986,44.93,0.152,102.46,11.89,1.7,Normal
2026-08-13 06:45:00.383986,45.4,0.234,100.28,12.01,1.85,Normal
2026-08-13 06:45:01.383986,46.39,0.205,100.93,11.88,1.81,Normal
2026-08-13 06:45:02.383986,42.86,0.112,101.74,12.14,1.52,Normal
2026-08-13 06:45:03.383986,42.98,0.219,103.36,12.0,1.71,Normal
2026-08-13 06:45:04.383986,44.63,0.241,100.65,11.88,1.74,Normal
2026-08-13 06:45:05.383986,43.09,0.204,102.92,12.05,1.77,Normal
2026-08-13 06:45:06.383986,44.42,0.153,102.18,11.99,1.78,Normal
2026-08-13 06:45:07.383986,51.39,0.209,100.55,11.94,1.94,Normal
2026-08-13 06:45:08.383986,45.23,0.157,102.22,11.9,2.02,Normal
2026-08-13 06:45:09.383986,47.16,0.187,102.58,12.01,1.9,Normal
2026-08-13 06:45:10.383986,45.97,0.175,100.66,12.15,1.76,Normal
2026-08-13 06:45:11.383986,44.19,0.171,101.72,12.31,1.67,Normal
2026-08-13 06:45:12.383986,45.05,0.242,101.22,12.07,1.67,Normal
2026-08-13 06:45:13.383986,45.86,0.194,102.29,12.18,2.11,Normal
2026-08-13 06:45:14.383986,46.16,0.21,101.49,11.95,1.84,Normal
2026-08-13 06:45:15.383986,44.41,0.205,102.62,11.85,1.94,Normal
2026-08-13 06:45:16.383986,47.63,0.196,99.18,11.91,1.96,Normal
2026-08-13 06:45:17.383986,44.95,0.17,100.8,12.13,1.87,Normal
2026-08-13 06:45:18.383986,44.52,0.189,100.91,11.86,1.99,Normal
2026-08-13 06:45:19.383986,44.36,0.237,102.82,12.15,1.75,Normal
2026-08-13 06:45:20.383986,45.81,0.199,100.4,12.05,1.66,Normal
2026-08-13 06:45:21.383986,47.38,0.186,101.5,12.04,1.77,Normal
2026-08-13 06:45:22.383986,46.17,0.186,102.17,11.8,1.82,Normal
2026-08-13 06:45:23.383986,48.88,0.17,100.62,12.08,1.82,Normal
2026-08-13 06:45:24.383986,45.7,0.215,101.93,12.17,1.85,Normal
2026-08-13 06:45:25.383986,44.52,0.22,103.2,11.98,1.68,Normal
2026-08-13 06:45:26.383986,47.21,0.196,99.13,12.13,1.74,Normal
2026-08-13 06:45:27.383986,44.82,0.21,101.49,12.11,1.75,Normal
2026-08-13 06:45:28.383986,46.03,0.192,102.04,12.09,1.69,Normal
2026-08-13 06:45:29.383986,47.17,0.184,102.11,12.06,2.02,Normal
2026-08-13 06:45:30.383986,44.55,0.19,101.28,11.95,1.9,Normal
2026-08-13 06:45:31.383986,41.77,0.168,100.23,12.14,2.01,Normal
2026-08-13 06:45:32.383986,44.79,0.195,101.37,12.17,1.69,Normal
2026-08-13 06:45:33.383986,45.48,0.229,101.8,12.03,1.92,Normal
2026-08-13 06:45:34.383986,39.59,0.22,100.65,11.73,1.86,Normal
2026-08-13 06:45:35.383986,47.75,0.196,102.25,12.24,1.96,Normal
2026-08-13 06:45:36.383986,48.28,0.222,101.38,11.76,1.77,Normal
2026-08-13 06:45:37.383986,43.31,0.265,101.12,12.02,1.87,Normal
2026-08-13 06:45:38.383986,45.09,0.251,100.68,12.03,1.71,Normal
2026-08-13 06:45:39.383986,42.36,0.182,101.26,11.94,1.72,Normal
2026-08-13 06:45:40.383986,42.19,0.198,99.8,12.11,1.81,Normal
2026-08-13 06:45:41.383986,42.08,0.191,100.55,12.05,1.96,Normal
2026-08-13 06:45:42.383986,41.25,0.203,101.14,12.1,1.83,Normal
2026-08-13 06:45:43.383986,43.5,0.19,100.5,12.16,1.8,Normal
2026-08-13 06:45:44.383986,48.8,0.198,100.59,11.77,1.58,Normal
2026-08-13 06:45:45.383986,41.83,0.208,101.81,11.76,1.91,Normal
2026-08-13 06:45:46.383986,44.03,0.204,102.91,12.13,1.77,Normal
2026-08-13 06:45:47.383986,43.22,0.135,100.58,11.97,1.68,Normal
2026-08-13 06:45:48.383986,44.74,0.202,101.08,11.9,1.82,Normal
2026-08-13 06:45:49.383986,45.88,0.167,102.71,11.99,1.8,Normal
2026-08-13 06:45:50.383986,46.42,0.207,102.25,12.04,1.73,Normal
2026-08-13 06:45:51.383986,45.72,0.166,101.41,12.0,1.78,Normal
2026-08-13 06:45:52.383986,44.74,0.144,100.75,12.01,1.82,Normal
2026-08-13 06:45:53.383986,42.94,0.238,100.43,12.15,1.85,Normal
2026-08-13 06:45:54.383986,43.71,0.253,100.11,12.14,1.92,Normal
2026-08-13 06:45:55.383986,43.66,0.242,101.05,12.04,1.83,Normal
2026-08-13 06:45:56.383986,44.73,0.224,102.09,11.74,1.96,Normal
2026-08-13 06:45:57.383986,41.68,0.231,102.43,11.84,1.75,Normal
2026-08-13 06:45:58.383986,42.79,0.194,100.99,12.12,1.96,Normal
2026-08-13 06:45:59.383986,47.79,0.183,101.09,11.75,1.7,Normal
2026-08-13 06:46:00.383986,46.93,0.248,100.07,11.91,1.8,Normal
2026-08-13 06:46:01.383986,45.56,0.176,101.72,11.93,1.8,Normal
2026-08-13 06:46:02.383986,46.09,0.2,100.86,11.98,1.79,Normal
2026-08-13 06:46:03.383986,44.26,0.192,102.9,12.08,1.76,Normal
2026-08-13 06:46:04.383986,46.39,0.19,102.47,12.06,1.79,Normal
2026-08-13 06:46:05.383986,45.9,0.153,100.17,11.82,1.82,Normal
2026-08-13 06:46:06.383986,48.47,0.267,101.94,12.08,1.58,Normal
2026-08-13 06:46:07.383986,43.91,0.176,100.68,11.97,1.74,Normal
2026-08-13 06:46:08.383986,41.04,0.222,100.23,12.04,2.05,Normal
2026-08-13 06:46:09.383986,43.16,0.124,101.01,12.17,2.04,Normal
2026-08-13 06:46:10.383986,42.54,0.215,100.83,11.98,2.12,Normal
2026-08-13 06:46:11.383986,41.99,0.208,101.77,12.16,1.81,Normal
2026-08-13 06:46:12.383986,45.62,0.188,101.57,11.95,1.87,Normal
2026-08-13 06:46:13.383986,44.26,0.211,101.27,12.17,1.79,Normal
2026-08-13 06:46:14.383986,41.45,0.238,100.39,11.9,1.73,Normal
2026-08-13 06:46:15.383986,47.75,0.136,104.44,12.16,1.83,Normal
2026-08-13 06:46:16.383986,44.89,0.209,101.82,12.1,1.87,Normal
2026-08-13 06:46:17.383986,45.18,0.194,101.15,11.97,1.94,Normal
2026-08-13 06:46:18.383986,46.19,0.112,101.96,12.03,1.8,Normal
2026-08-13 06:46:19.383986,44.22,0.234,102.25,11.88,1.85,Normal
2026-08-13 06:46:20.383986,43.06,0.159,100.67,12.13,1.91,Normal
2026-08-13 06:46:21.383986,46.03,0.222,101.82,11.9,1.85,Normal
2026-08-13 06:46:22.383986,46.6,0.223,102.49,12.11,1.84,Normal
2026-08-13 06:46:23.383986,47.14,0.199,100.42,11.98,1.71,Normal
2026-08-13 06:46:24.383986,43.65,0.196,100.51,11.95,1.57,Normal
2026-08-13 06:46:25.383986,45.43,0.2,100.48,12.1,1.91,Normal
2026-08-13 06:46:26.383986,41.78,0.177,100.53,11.86,1.9,Normal
2026-08-13 06:46:27.383986,44.61,0.192,99.3,12.1,1.65,Normal
2026-08-13 06:46:28.383986,45.12,0.208,102.66,11.8,1.44,Normal
2026-08-13 06:46:29.383986,45.37,0.254,102.54,12.03,1.74,Normal
2026-08-13 06:46:30.383986,46.61,0.171,101.78,12.08,1.93,Normal
2026-08-13 06:46:31.383986,50.52,0.212,100.79,12.0,1.59,Normal
2026-08-13 06:46:32.383986,43.61,0.188,100.78,12.02,1.7,Normal
2026-08-13 06:46:33.383986,47.24,0.2,101.29,11.95,1.82,Normal
2026-08-13 06:46:34.383986,46.65,0.174,100.64,11.95,1.64,Normal
2026-08-13 06:46:35.383986,43.36,0.186,102.17,12.04,1.82,Normal
2026-08-13 06:46:36.383986,46.7,0.196,101.69,11.98,1.83,Normal
2026-08-13 06:46:37.383986,43.83,0.127,101.17,12.21,1.91,Normal
2026-08-13 06:46:38.383986,46.93,0.237,101.39,12.03,1.73,Normal
2026-08-13 06:46:39.383986,44.37,0.218,102.5,11.98,1.75,Normal
2026-08-13 06:46:40.383986,45.0,0.218,99.86,11.66,1.73,Normal
2026-08-13 06:46:41.383986,42.56,0.185,101.15,11.93,1.97,Normal
2026-08-13 06:46:42.383986,45.65,0.209,101.92,11.83,1.92,Normal
2026-08-13 06:46:43.383986,44.85,0.22,100.23,11.77,1.9,Normal
2026-08-13 06:46:44.383986,45.75,0.173,100.43,12.17,1.66,Normal
2026-08-13 06:46:45.383986,48.29,0.173,101.94,11.95,1.87,Normal
2026-08-13 06:46:46.383986,43.91,0.195,101.34,11.85,1.89,Normal
2026-08-13 06:46:47.383986,43.97,0.193,100.31,11.62,1.78,Normal
2026-08-13 06:46:48.383986,49.83,0.224,101.28,11.96,1.8,Normal
2026-08-13 06:46:49.383986,46.09,0.165,102.41,12.11,1.89,Normal
2026-08-13 06:46:50.383986,45.88,0.201,101.97,12.09,1.76,Normal
2026-08-13 06:46:51.383986,43.85,0.203,102.85,11.81,1.62,Normal
2026-08-13 06:46:52.383986,45.33,0.202,101.47,12.04,1.77,Normal
2026-08-13 06:46:53.383986,47.98,0.152,100.47,11.98,1.6,Normal
2026-08-13 06:46:54.383986,44.65,0.25,101.32,12.03,1.65,Normal
2026-08-13 06:46:55.383986,43.77,0.189,100.98,12.19,1.87,Normal
2026-08-13 06:46:56.383986,42.78,0.207,101.8,12.17,1.99,Normal
2026-08-13 06:46:57.383986,42.97,0.176,100.04,11.96,1.86,Normal
2026-08-13 06:46:58.383986,46.97,0.198,100.98,12.02,1.7,Normal
2026-08-13 06:46:59.383986,49.18,0.152,101.48,12.3,1.8,Normal
2026-08-13 06:47:00.383986,44.62,0.189,101.12,12.21,1.53,Normal
2026-08-13 06:47:01.383986,48.07,0.157,101.03,11.94,1.87,Normal
2026-08-13 06:47:02.383986,41.8,0.214,103.32,11.8,1.82,Normal
2026-08-13 06:47:03.383986,43.68,0.213,101.32,11.9,1.86,Normal
2026-08-13 06:47:04.383986,48.61,0.194,102.02,11.81,1.69,Normal
2026-08-13 06:47:05.383986,45.94,0.245,101.66,11.95,1.8,Normal
2026-08-13 06:47:06.383986,42.5,0.218,102.18,11.93,1.74,Normal
2026-08-13 06:47:07.383986,45.53,0.187,101.23,12.31,1.77,Normal
2026-08-13 06:47:08.383986,44.28,0.181,102.04,11.97,1.72,Normal
2026-08-13 06:47:09.383986,47.64,0.243,100.7,11.72,1.92,Normal
2026-08-13 06:47:10.383986,43.63,0.224,99.33,12.13,1.65,Normal
2026-08-13 06:47:11.383986,46.46,0.2,100.35,11.94,1.88,Normal
2026-08-13 06:47:12.383986,45.21,0.218,103.28,11.77,1.99,Normal
2026-08-13 06:47:13.383986,45.21,0.173,99.97,11.97,1.91,Normal
2026-08-13 06:47:14.383986,44.74,0.245,99.85,12.0,1.65,Normal
2026-08-13 06:47:15.383986,45.73,0.227,100.88,11.61,1.82,Normal
2026-08-13 06:47:16.383986,45.87,0.212,102.54,11.84,1.88,Normal
2026-08-13 06:47:17.383986,47.39,0.147,101.62,11.92,1.79,Normal
2026-08-13 06:47:18.383986,45.7,0.185,100.62,12.01,1.67,Normal
2026-08-13 06:47:19.383986,42.83,0.22,100.15,12.1,1.86,Normal
2026-08-13 06:47:20.383986,41.55,0.18,102.49,11.85,1.74,Normal
2026-08-13 06:47:21.383986,45.92,0.224,101.05,11.91,1.97,Normal
2026-08-13 06:47:22.383986,48.48,0.229,101.39,11.88,1.7,Normal
2026-08-13 06:47:23.383986,46.05,0.213,102.7,12.1,1.62,Normal
2026-08-13 06:47:24.383986,47.1,0.17,100.92,12.04,2.04,Normal
2026-08-13 06:47:25.383986,51.22,0.218,101.12,12.08,1.91,Normal
2026-08-13 06:47:26.383986,44.36,0.254,101.53,12.07,1.88,Normal
2026-08-13 06:47:27.383986,45.84,0.225,100.68,11.92,1.67,Normal
2026-08-13 06:47:28.383986,45.88,0.223,101.76,12.25,1.8,Normal
2026-08-13 06:47:29.383986,46.34,0.167,100.91,12.1,1.9,Normal
2026-08-13 06:47:30.383986,44.41,0.198,99.78,11.95,1.91,Normal
2026-08-13 06:47:31.383986,46.15,0.215,101.35,12.0,1.72,Normal
2026-08-13 06:47:32.383986,46.4,0.213,101.79,11.92,1.54,Normal
2026-08-13 06:47:33.383986,47.19,0.186,100.44,12.1,1.75,Normal
2026-08-13 06:47:34.383986,47.12,0.219,101.98,11.8,1.95,Normal
2026-08-13 06:47:35.383986,45.52,0.189,101.44,11.73,1.85,Normal
2026-08-13 06:47:36.383986,42.94,0.159,99.78,12.17,1.72,Normal
2026-08-13 06:47:37.383986,48.07,0.184,99.59,11.83,1.95,Normal
2026-08-13 06:47:38.383986,44.69,0.184,101.46,12.08,1.93,Normal
2026-08-13 06:47:39.383986,47.9,0.189,99.97,11.94,1.83,Normal
2026-08-13 06:47:40.383986,43.07,0.171,101.64,11.99,1.8,Normal
2026-08-13 06:47:41.383986,43.48,0.193,100.38,12.13,1.92,Normal
2026-08-13 06:47:42.383986,41.31,0.172,99.8,11.9,1.79,Normal
2026-08-13 06:47:43.383986,42.1,0.172,100.3,12.03,1.81,Normal
2026-08-13 06:47:44.383986,43.56,0.205,100.75,11.96,2.0,Normal
2026-08-13 06:47:45.383986,47.68,0.161,102.13,12.12,1.66,Normal
2026-08-13 06:47:46.383986,46.64,0.246,100.18,11.86,1.92,Normal
2026-08-13 06:47:47.383986,45.54,0.217,101.64,12.06,1.64,Normal
2026-08-13 06:47:48.383986,47.09,0.235,101.07,11.99,1.62,Normal
2026-08-13 06:47:49.383986,46.03,0.217,101.24,12.17,1.76,Normal
2026-08-13 06:47:50.383986,46.13,0.169,101.28,11.97,1.83,Normal
2026-08-13 06:47:51.383986,44.26,0.196,102.13,11.93,1.61,Normal
2026-08-13 06:47:52.383986,48.5,0.241,100.01,12.1,1.74,Normal
2026-08-13 06:47:53.383986,45.53,0.209,101.07,11.88,1.72,Normal
2026-08-13 06:47:54.383986,43.17,0.175,101.23,11.89,1.88,Normal
2026-08-13 06:47:55.383986,47.97,0.183,101.54,12.07,1.86,Normal
2026-08-13 06:47:56.383986,45.15,0.222,101.78,11.81,1.9,Normal
2026-08-13 06:47:57.383986,46.77,0.177,101.34,12.1,1.77,Normal
2026-08-13 06:47:58.383986,47.15,0.271,100.51,11.79,1.84,Normal
2026-08-13 06:47:59.383986,46.44,0.193,102.75,11.8,1.88,Normal
2026-08-13 06:48:00.383986,43.79,0.252,103.29,11.89,1.73,Normal
2026-08-13 06:48:01.383986,46.72,0.188,101.25,12.0,1.57,Normal
2026-08-13 06:48:02.383986,44.97,0.179,100.81,12.22,1.65,Normal
2026-08-13 06:48:03.383986,46.63,0.192,101.02,12.12,1.84,Normal
2026-08-13 06:48:04.383986,46.14,0.229,100.97,11.91,1.67,Normal
2026-08-13 06:48:05.383986,43.35,0.288,102.54,11.8,1.64,Normal
2026-08-13 06:48:06.383986,45.96,0.216,101.85,11.96,1.78,Normal
2026-08-13 06:48:07.383986,45.66,0.203,99.08,11.97,1.7,Normal
2026-08-13 06:48:08.383986,45.35,0.29,101.67,11.95,1.91,Normal
2026-08-13 06:48:09.383986,45.97,0.213,101.91,12.31,1.66,Normal
2026-08-13 06:48:10.383986,45.95,0.172,101.86,11.86,1.75,Normal
2026-08-13 06:48:11.383986,44.41,0.229,102.22,11.81,1.81,Normal
2026-08-13 06:48:12.383986,43.58,0.162,101.08,11.95,2.09,Normal
2026-08-13 06:48:13.383986,45.87,0.159,100.74,12.15,2.05,Normal
2026-08-13 06:48:14.383986,41.83,0.144,103.17,12.06,1.7,Normal
2026-08-13 06:48:15.383986,46.07,0.121,101.3,12.05,1.91,Normal
2026-08-13 06:48:16.383986,42.97,0.203,100.37,12.04,1.69,Normal
2026-08-13 06:48:17.383986,44.18,0.17,101.95,12.13,1.77,Normal
2026-08-13 06:48:18.383986,45.08,0.157,101.0,11.99,2.11,Normal
2026-08-13 06:48:19.383986,42.78,0.244,102.3,12.04,2.01,Normal
2026-08-13 06:48:20.383986,45.74,0.212,101.25,12.18,1.93,Normal
2026-08-13 06:48:21.383986,43.75,0.16,101.1,11.88,1.79,Normal
2026-08-13 06:48:22.383986,47.47,0.186,101.26,12.01,1.9,Normal
2026-08-13 06:48:23.383986,40.51,0.182,101.51,12.18,1.74,Normal
2026-08-13 06:48:24.383986,41.25,0.219,100.66,11.82,1.73,Normal
2026-08-13 06:48:25.383986,44.63,0.182,99.09,12.13,1.95,Normal
2026-08-13 06:48:26.383986,46.3,0.166,101.1,12.0,1.87,Normal
2026-08-13 06:48:27.383986,46.34,0.178,101.38,12.07,1.97,Normal
2026-08-13 06:48:28.383986,46.41,0.224,101.38,12.21,1.85,Normal
2026-08-13 06:48:29.383986,43.28,0.242,102.0,11.93,1.74,Normal
2026-08-13 06:48:30.383986,45.59,0.214,101.5,12.05,2.0,Normal
2026-08-13 06:48:31.383986,47.14,0.206,102.24,11.85,1.85,Normal
2026-08-13 06:48:32.383986,48.62,0.193,100.45,11.9,1.67,Normal
2026-08-13 06:48:33.383986,43.43,0.189,99.89,12.0,1.91,Normal
2026-08-13 06:48:34.383986,43.18,0.246,101.81,12.15,1.72,Normal
2026-08-13 06:48:35.383986,46.71,0.167,102.19,12.03,1.87,Normal
2026-08-13 06:48:36.383986,42.65,0.173,101.9,11.86,1.86,Normal
2026-08-13 06:48:37.383986,42.27,0.225,100.07,12.08,1.88,Normal
2026-08-13 06:48:38.383986,43.61,0.217,101.56,11.92,1.68,Normal
2026-08-13 06:48:39.383986,41.07,0.21,99.74,12.01,1.77,Normal
2026-08-13 06:48:40.383986,46.36,0.191,100.97,12.11,1.84,Normal
2026-08-13 06:48:41.383986,45.63,0.214,99.76,12.11,1.87,Normal
2026-08-13 06:48:42.383986,42.97,0.193,101.26,11.98,1.84,Normal
2026-08-13 06:48:43.383986,47.86,0.232,99.99,12.09,1.96,Normal
2026-08-13 06:48:44.383986,45.77,0.233,103.31,12.15,1.83,Normal
2026-08-13 06:48:45.383986,47.09,0.204,101.32,11.95,1.99,Normal
2026-08-13 06:48:46.383986,43.36,0.246,101.8,11.79,1.84,Normal
2026-08-13 06:48:47.383986,40.8,0.219,102.19,11.91,1.81,Normal
2026-08-13 06:48:48.383986,48.91,0.185,100.24,12.22,2.04,Normal
2026-08-13 06:48:49.383986,45.01,0.23,102.64,11.89,1.74,Normal
2026-08-13 06:48:50.383986,47.46,0.251,101.86,11.87,2.04,Normal
2026-08-13 06:48:51.383986,43.94,0.19,101.64,12.23,1.9,Normal
2026-08-13 06:48:52.383986,45.83,0.214,101.34,12.08,1.5,Normal
2026-08-13 06:48:53.383986,44.41,0.207,100.15,12.06,1.78,Normal
2026-08-13 06:48:54.383986,48.51,0.247,100.83,11.98,1.79,Normal
2026-08-13 06:48:55.383986,44.1,0.206,100.54,11.83,1.87,Normal
2026-08-13 06:48:56.383986,46.26,0.176,102.2,11.91,1.83,Normal
2026-08-13 06:48:57.383986,46.64,0.199,101.75,11.92,1.78,Normal
2026-08-13 06:48:58.383986,44.59,0.178,101.12,11.77,1.74,Normal
2026-08-13 06:48:59.383986,44.43,0.192,101.06,11.99,1.86,Normal
2026-08-13 06:49:00.383986,46.75,0.181,100.1,11.84,1.74,Normal
2026-08-13 06:49:01.383986,44.3,0.177,100.0,11.93,1.82,Normal
2026-08-13 06:49:02.383986,46.19,0.183,100.89,11.86,1.8,Normal
2026-08-13 06:49:03.383986,43.3,0.217,99.51,11.95,1.84,Normal
2026-08-13 06:49:04.383986,45.37,0.281,101.65,11.85,1.79,Normal
2026-08-13 06:49:05.383986,41.45,0.198,100.47,12.14,1.73,Normal
2026-08-13 06:49:06.383986,44.77,0.181,103.04,11.95,2.02,Normal
2026-08-13 06:49:07.383986,46.63,0.214,101.67,12.06,1.57,Normal
2026-08-13 06:49:08.383986,44.44,0.225,101.25,11.79,1.79,Normal
2026-08-13 06:49:09.383986,48.41,0.237,101.24,12.14,1.76,Normal
2026-08-13 06:49:10.383986,41.59,0.172,102.86,11.96,1.77,Normal
2026-08-13 06:49:11.383986,44.4,0.257,102.93,12.33,1.78,Normal
2026-08-13 06:49:12.383986,45.59,0.155,102.78,11.82,1.83,Normal
2026-08-13 06:49:13.383986,42.81,0.182,100.46,11.91,1.74,Normal
2026-08-13 06:49:14.383986,43.9,0.225,100.2,12.03,1.95,Normal
2026-08-13 06:49:15.383986,43.97,0.178,101.07,12.18,1.82,Normal
2026-08-13 06:49:16.383986,43.94,0.215,100.2,12.1,1.85,Normal
2026-08-13 06:49:17.383986,44.38,0.175,100.41,12.08,1.95,Normal
2026-08-13 06:49:18.383986,43.73,0.214,99.21,11.91,1.8,Normal
2026-08-13 06:49:19.383986,43.18,0.172,100.63,12.04,1.78,Normal
2026-08-13 06:49:20.383986,40.52,0.136,100.69,12.07,1.47,Normal
2026-08-13 06:49:21.383986,44.0,0.184,102.69,11.94,1.85,Normal
2026-08-13 06:49:22.383986,45.28,0.136,102.07,12.03,1.86,Normal
2026-08-13 06:49:23.383986,52.85,0.137,103.02,11.96,1.83,Normal
2026-08-13 06:49:24.383986,44.91,0.187,100.73,12.05,1.62,Normal
2026-08-13 06:49:25.383986,46.5,0.188,100.17,11.93,1.95,Normal
2026-08-13 06:49:26.383986,43.93,0.211,100.57,12.11,1.88,Normal
2026-08-13 06:49:27.383986,48.7,0.195,101.97,12.01,1.96,Normal
2026-08-13 06:49:28.383986,43.56,0.222,101.11,11.99,1.81,Normal
2026-08-13 06:49:29.383986,45.5,0.197,101.51,12.24,1.92,Normal
2026-08-13 06:49:30.383986,46.74,0.186,100.41,12.14,1.91,Normal
2026-08-13 06:49:31.383986,47.95,0.182,101.07,11.75,1.75,Normal
2026-08-13 06:49:32.383986,46.99,0.186,101.94,11.97,1.84,Normal
2026-08-13 06:49:33.383986,42.7,0.203,98.31,11.97,1.6,Normal
2026-08-13 06:49:34.383986,47.41,0.223,101.77,12.23,1.69,Normal
2026-08-13 06:49:35.383986,48.49,0.228,101.06,12.17,1.67,Normal
2026-08-13 06:49:36.383986,43.35,0.182,100.77,11.84,1.95,Normal
2026-08-13 06:49:37.383986,44.48,0.211,100.73,11.73,1.83,Normal
2026-08-13 06:49:38.383986,41.18,0.198,99.93,12.3,1.91,Normal
2026-08-13 06:49:39.383986,45.21,0.238,100.45,12.08,1.82,Normal
2026-08-13 06:49:40.383986,45.53,0.238,102.03,12.04,1.6,Normal
2026-08-13 06:49:41.383986,43.08,0.196,101.39,11.83,2.09,Normal
2026-08-13 06:49:42.383986,48.03,0.218,101.37,11.97,1.69,Normal
2026-08-13 06:49:43.383986,45.15,0.208,100.06,12.05,1.78,Normal
2026-08-13 06:49:44.383986,41.18,0.174,100.89,12.28,1.87,Normal
2026-08-13 06:49:45.383986,42.33,0.215,99.75,12.16,1.74,Normal
2026-08-13 06:49:46.383986,44.81,0.24,100.01,11.79,1.73,Normal
2026-08-13 06:49:47.383986,47.08,0.154,98.47,11.93,1.87,Normal
2026-08-13 06:49:48.383986,47.4,0.186,100.89,12.17,1.58,Normal
2026-08-13 06:49:49.383986,44.22,0.206,101.75,11.92,1.8,Normal
2026-08-13 06:49:50.383986,40.02,0.18,101.75,11.85,1.81,Normal
2026-08-13 06:49:51.383986,45.89,0.19,101.47,11.86,1.78,Normal
2026-08-13 06:49:52.383986,46.22,0.205,100.71,12.03,1.89,Normal
2026-08-13 06:49:53.383986,40.9,0.235,100.96,12.06,1.94,Normal
2026-08-13 06:49:54.383986,42.26,0.179,101.01,11.88,2.01,Normal
2026-08-13 06:49:55.383986,43.29,0.183,101.5,11.82,1.75,Normal
2026-08-13 06:49:56.383986,45.63,0.19,101.21,11.92,1.62,Normal
2026-08-13 06:49:57.383986,45.64,0.253,101.32,12.03,1.88,Normal
2026-08-13 06:49:58.383986,42.46,0.251,101.5,12.24,1.71,Normal
2026-08-13 06:49:59.383986,48.64,0.223,101.85,12.04,1.77,Normal
2026-08-13 06:50:00.383986,47.4,0.204,99.33,11.83,1.78,Normal
2026-08-13 06:50:01.383986,45.62,0.198,102.52,11.71,1.82,Normal
2026-08-13 06:50:02.383986,41.36,0.223,101.21,12.06,1.7,Normal
2026-08-13 06:50:03.383986,47.56,0.231,101.88,11.98,1.87,Normal
2026-08-13 06:50:04.383986,43.59,0.226,102.95,12.16,1.71,Normal
2026-08-13 06:50:05.383986,45.72,0.161,101.87,12.07,1.58,Normal
2026-08-13 06:50:06.383986,42.68,0.192,101.0,11.82,1.85,Normal
2026-08-13 06:50:07.383986,45.5,0.194,100.54,12.16,2.0,Normal
2026-08-13 06:50:08.383986,44.03,0.182,101.79,11.95,1.78,Normal
2026-08-13 06:50:09.383986,46.48,0.143,102.62,12.01,1.75,Normal
2026-08-13 06:50:10.383986,44.82,0.199,99.57,12.22,1.8,Normal
2026-08-13 06:50:11.383986,45.89,0.229,100.28,12.07,1.77,Normal
2026-08-13 06:50:12.383986,46.69,0.136,101.2,11.91,1.85,Normal
2026-08-13 06:50:13.383986,45.94,0.179,100.59,11.98,1.69,Normal
2026-08-13 06:50:14.383986,46.68,0.189,98.39,11.94,1.68,Normal
2026-08-13 06:50:15.383986,41.74,0.163,101.41,12.2,1.84,Normal
2026-08-13 06:50:16.383986,43.79,0.214,100.84,11.9,1.66,Normal
2026-08-13 06:50:17.383986,41.5,0.188,101.46,11.99,1.75,Normal
2026-08-13 06:50:18.383986,43.11,0.218,99.98,12.12,1.68,Normal
2026-08-13 06:50:19.383986,43.5,0.156,100.8,12.15,1.86,Normal
2026-08-13 06:50:20.383986,46.96,0.216,100.2,11.95,1.71,Normal
2026-08-13 06:50:21.383986,47.66,0.164,102.19,12.13,2.02,Normal
2026-08-13 06:50:22.383986,44.18,0.221,103.58,11.91,1.62,Normal
2026-08-13 06:50:23.383986,41.24,0.221,99.42,11.94,1.85,Normal
2026-08-13 06:50:24.383986,45.37,0.213,101.52,12.19,1.69,Normal
2026-08-13 06:50:25.383986,43.65,0.177,102.13,12.14,1.85,Normal
2026-08-13 06:50:26.383986,47.37,0.165,102.97,12.23,1.89,Normal
2026-08-13 06:50:27.383986,48.56,0.15,100.78,11.89,1.89,Normal
2026-08-13 06:50:28.383986,42.9,0.223,102.67,12.1,1.83,Normal
2026-08-13 06:50:29.383986,43.02,0.175,102.55,12.12,1.8,Normal
2026-08-13 06:50:30.383986,44.16,0.139,100.23,12.29,1.65,Normal
2026-08-13 06:50:31.383986,45.38,0.23,100.05,12.03,1.91,Normal
2026-08-13 06:50:32.383986,45.02,0.286,99.63,12.16,1.78,Normal
2026-08-13 06:50:33.383986,46.54,0.213,100.57,12.03,1.58,Normal
2026-08-13 06:50:34.383986,46.21,0.209,101.94,12.16,1.84,Normal
2026-08-13 06:50:35.383986,45.3,0.174,100.59,12.18,1.97,Normal
2026-08-13 06:50:36.383986,44.52,0.201,100.4,12.18,1.88,Normal
2026-08-13 06:50:37.383986,48.88,0.174,100.92,12.03,1.88,Normal
2026-08-13 06:50:38.383986,44.57,0.174,102.18,12.11,1.69,Normal
2026-08-13 06:50:39.383986,47.71,0.235,101.43,12.01,1.87,Normal
2026-08-13 06:50:40.383986,43.28,0.201,99.15,12.13,1.61,Normal
2026-08-13 06:50:41.383986,48.01,0.19,101.09,11.91,1.77,Normal
2026-08-13 06:50:42.383986,47.84,0.125,102.58,12.05,1.66,Normal
2026-08-13 06:50:43.383986,42.85,0.25,100.35,11.83,1.94,Normal
2026-08-13 06:50:44.383986,45.68,0.172,101.52,11.85,1.93,Normal
2026-08-13 06:50:45.383986,47.12,0.216,101.66,12.26,1.8,Normal
2026-08-13 06:50:46.383986,42.64,0.213,103.39,11.85,1.76,Normal
2026-08-13 06:50:47.383986,45.83,0.198,100.32,12.17,2.08,Normal
2026-08-13 06:50:48.383986,45.39,0.173,99.75,12.04,1.93,Normal
2026-08-13 06:50:49.383986,45.95,0.2,100.71,11.84,1.9,Normal
2026-08-13 06:50:50.383986,46.83,0.154,102.89,12.09,1.97,Normal
2026-08-13 06:50:51.383986,42.32,0.159,101.15,12.08,2.02,Normal
2026-08-13 06:50:52.383986,46.41,0.193,100.27,12.18,1.68,Normal
2026-08-13 06:50:53.383986,48.26,0.191,102.89,12.1,1.78,Normal
2026-08-13 06:50:54.383986,43.96,0.19,101.73,12.01,1.73,Normal
2026-08-13 06:50:55.383986,44.67,0.202,99.17,12.07,1.68,Normal
2026-08-13 06:50:56.383986,42.69,0.149,99.51,11.8,1.71,Normal
2026-08-13 06:50:57.383986,48.91,0.184,101.48,12.06,1.82,Normal
2026-08-13 06:50:58.383986,44.85,0.164,102.75,12.27,1.6,Normal
2026-08-13 06:50:59.383986,42.95,0.192,100.34,12.08,1.71,Normal
2026-08-13 06:51:00.383986,49.33,0.236,101.51,12.15,1.93,Normal
2026-08-13 06:51:01.383986,43.87,0.176,101.38,12.13,1.82,Normal
2026-08-13 06:51:02.383986,41.85,0.176,101.23,11.99,2.04,Normal
2026-08-13 06:51:03.383986,42.23,0.215,102.79,12.34,1.75,Normal
2026-08-13 06:51:04.383986,45.98,0.217,101.5,11.99,1.85,Normal
2026-08-13 06:51:05.383986,39.94,0.22,101.43,11.97,2.05,Normal
2026-08-13 06:51:06.383986,43.65,0.188,103.29,11.88,1.73,Normal
2026-08-13 06:51:07.383986,44.71,0.225,101.51,11.81,1.74,Normal
2026-08-13 06:51:08.383986,43.79,0.198,101.73,12.06,1.59,Normal
2026-08-13 06:51:09.383986,47.13,0.208,102.68,12.07,1.93,Normal
2026-08-13 06:51:10.383986,45.93,0.24,101.82,11.99,2.07,Normal
2026-08-13 06:51:11.383986,46.78,0.217,100.02,11.81,1.84,Normal
2026-08-13 06:51:12.383986,45.29,0.182,101.44,12.24,1.88,Normal
2026-08-13 06:51:13.383986,42.72,0.197,100.5,11.94,1.75,Normal
2026-08-13 06:51:14.383986,44.04,0.162,101.17,11.92,1.45,Normal
2026-08-13 06:51:15.383986,49.11,0.233,100.92,12.0,1.66,Normal
2026-08-13 06:51:16.383986,48.39,0.257,101.46,12.15,1.82,Normal
2026-08-13 06:51:17.383986,42.33,0.188,101.43,11.93,1.77,Normal
2026-08-13 06:51:18.383986,44.82,0.198,101.35,11.84,1.71,Normal
2026-08-13 06:51:19.383986,42.43,0.229,99.19,12.17,1.97,Normal
2026-08-13 06:51:20.383986,44.4,0.122,100.94,11.99,1.68,Normal
2026-08-13 06:51:21.383986,43.97,0.246,101.96,11.86,1.61,Normal
2026-08-13 06:51:22.383986,44.35,0.194,101.8,11.92,1.86,Normal
2026-08-13 06:51:23.383986,48.87,0.224,101.25,11.97,1.76,Normal
2026-08-13 06:51:24.383986,47.36,0.181,101.35,12.01,1.74,Normal
2026-08-13 06:51:25.383986,42.26,0.21,101.24,12.08,1.74,Normal
2026-08-13 06:51:26.383986,47.44,0.174,103.01,11.74,1.85,Normal
2026-08-13 06:51:27.383986,45.95,0.176,101.72,12.19,1.53,Normal
2026-08-13 06:51:28.383986,46.01,0.125,100.33,12.24,1.73,Normal
2026-08-13 06:51:29.383986,42.65,0.194,103.37,11.73,1.67,Normal
2026-08-13 06:51:30.383986,47.99,0.256,101.2,11.81,2.05,Normal
2026-08-13 06:51:31.383986,48.19,0.22,100.49,11.99,1.78,Normal
2026-08-13 06:51:32.383986,45.66,0.244,102.18,11.84,1.97,Normal
2026-08-13 06:51:33.383986,45.63,0.221,102.77,11.83,1.8,Normal
2026-08-13 06:51:34.383986,43.94,0.153,101.65,12.38,1.58,Normal
2026-08-13 06:51:35.383986,44.94,0.219,101.42,11.98,1.64,Normal
2026-08-13 06:51:36.383986,45.47,0.177,99.11,12.18,1.92,Normal
2026-08-13 06:51:37.383986,45.1,0.207,102.37,12.03,1.91,Normal
2026-08-13 06:51:38.383986,44.41,0.239,101.62,12.03,1.65,Normal
2026-08-13 06:51:39.383986,45.57,0.175,100.66,11.88,1.67,Normal
2026-08-13 06:51:40.383986,49.25,0.24,103.22,11.82,1.81,Normal
2026-08-13 06:51:41.383986,42.41,0.179,100.38,12.19,1.75,Normal
2026-08-13 06:51:42.383986,47.14,0.218,103.6,11.78,1.95,Normal
2026-08-13 06:51:43.383986,47.29,0.171,102.31,12.05,1.77,Normal
2026-08-13 06:51:44.383986,43.35,0.178,103.35,12.0,1.89,Normal
2026-08-13 06:51:45.383986,43.42,0.177,102.38,11.8,1.75,Normal
2026-08-13 06:51:46.383986,45.07,0.203,101.12,12.06,1.88,Normal
2026-08-13 06:51:47.383986,46.47,0.17,101.02,12.18,1.91,Normal
2026-08-13 06:51:48.383986,42.25,0.211,99.32,12.01,2.03,Normal
2026-08-13 06:51:49.383986,43.1,0.175,102.06,11.77,1.72,Normal
2026-08-13 06:51:50.383986,46.19,0.181,101.06,12.11,1.85,Normal
2026-08-13 06:51:51.383986,45.53,0.19,101.67,11.98,1.85,Normal
2026-08-13 06:51:52.383986,44.01,0.195,100.31,11.99,1.7,Normal
2026-08-13 06:51:53.383986,42.77,0.208,101.51,12.12,1.75,Normal
2026-08-13 06:51:54.383986,45.82,0.217,101.74,11.88,1.82,Normal
2026-08-13 06:51:55.383986,45.73,0.2,99.21,12.02,2.07,Normal
2026-08-13 06:51:56.383986,44.28,0.178,101.67,12.05,1.94,Normal
2026-08-13 06:51:57.383986,42.48,0.222,101.89,11.98,1.84,Normal
2026-08-13 06:51:58.383986,47.06,0.226,100.16,12.12,1.79,Normal
2026-08-13 06:51:59.383986,45.15,0.202,101.15,12.18,1.79,Normal
2026-08-13 06:52:00.383986,42.76,0.188,101.48,12.18,1.87,Normal
2026-08-13 06:52:01.383986,43.3,0.275,101.56,12.19,1.78,Normal
2026-08-13 06:52:02.383986,46.07,0.225,102.52,12.16,1.9,Normal
2026-08-13 06:52:03.383986,44.37,0.183,101.63,12.14,1.77,Normal
2026-08-13 06:52:04.383986,47.13,0.244,100.38,11.87,1.78,Normal
2026-08-13 06:52:05.383986,45.62,0.184,102.65,12.06,1.8,Normal
2026-08-13 06:52:06.383986,42.13,0.161,101.58,11.68,1.92,Normal
2026-08-13 06:52:07.383986,44.68,0.297,103.61,11.97,1.79,Normal
2026-08-13 06:52:08.383986,46.99,0.251,99.66,11.73,1.73,Normal
2026-08-13 06:52:09.383986,46.17,0.215,102.37,11.82,1.52,Normal
2026-08-13 06:52:10.383986,46.72,0.175,99.28,12.02,1.9,Normal
2026-08-13 06:52:11.383986,44.76,0.186,101.14,11.94,1.64,Normal
2026-08-13 06:52:12.383986,43.57,0.216,101.62,12.03,1.68,Normal
2026-08-13 06:52:13.383986,44.64,0.135,101.48,12.21,1.62,Normal
2026-08-13 06:52:14.383986,43.83,0.21,102.55,11.93,1.72,Normal
2026-08-13 06:52:15.383986,41.06,0.203,103.34,12.04,1.8,Normal
2026-08-13 06:52:16.383986,45.64,0.2,100.49,12.12,1.83,Normal
2026-08-13 06:52:17.383986,45.04,0.171,102.6,12.1,1.73,Normal
2026-08-13 06:52:18.383986,47.0,0.185,100.52,11.89,1.59,Normal
2026-08-13 06:52:19.383986,45.94,0.145,100.07,11.69,1.79,Normal
2026-08-13 06:52:20.383986,44.7,0.19,100.26,11.82,1.86,Normal
2026-08-13 06:52:21.383986,43.9,0.209,100.41,12.03,1.96,Normal
2026-08-13 06:52:22.383986,46.17,0.188,101.56,11.96,1.8,Normal
2026-08-13 06:52:23.383986,44.35,0.195,101.51,11.85,1.68,Normal
2026-08-13 06:52:24.383986,42.22,0.152,100.08,12.02,1.69,Normal
2026-08-13 06:52:25.383986,46.03,0.201,99.33,12.1,1.9,Normal
2026-08-13 06:52:26.383986,43.01,0.213,100.44,12.01,1.65,Normal
2026-08-13 06:52:27.383986,41.41,0.189,101.18,11.94,1.66,Normal
2026-08-13 06:52:28.383986,44.2,0.208,101.26,12.03,1.72,Normal
2026-08-13 06:52:29.383986,47.34,0.165,101.79,12.18,1.86,Normal
2026-08-13 06:52:30.383986,44.59,0.184,102.34,11.79,1.68,Normal
2026-08-13 06:52:31.383986,44.2,0.237,101.68,11.85,1.76,Normal
2026-08-13 06:52:32.383986,43.77,0.179,102.28,11.79,1.99,Normal
2026-08-13 06:52:33.383986,46.66,0.233,100.84,11.98,1.63,Normal
2026-08-13 06:52:34.383986,43.95,0.215,102.6,11.83,1.76,Normal
2026-08-13 06:52:35.383986,44.7,0.158,101.89,11.89,1.78,Normal
2026-08-13 06:52:36.383986,44.1,0.176,101.29,11.97,1.76,Normal
2026-08-13 06:52:37.383986,43.54,0.21,102.95,12.02,1.92,Normal
2026-08-13 06:52:38.383986,42.22,0.205,100.2,11.78,1.71,Normal
2026-08-13 06:52:39.383986,47.38,0.229,101.54,11.77,1.78,Normal
2026-08-13 06:52:40.383986,45.6,0.205,99.46,11.87,1.79,Normal
2026-08-13 06:52:41.383986,46.07,0.134,101.14,12.02,1.9,Normal
2026-08-13 06:52:42.383986,46.39,0.217,100.5,11.71,1.75,Normal
2026-08-13 06:52:43.383986,47.0,0.242,102.01,12.06,1.85,Normal
2026-08-13 06:52:44.383986,43.89,0.196,102.97,11.86,1.99,Normal
2026-08-13 06:52:45.383986,44.36,0.24,99.89,12.09,1.71,Normal
2026-08-13 06:52:46.383986,42.17,0.207,102.31,11.87,1.62,Normal
2026-08-13 06:52:47.383986,44.82,0.197,101.85,12.14,1.79,Normal
2026-08-13 06:52:48.383986,48.71,0.207,100.95,11.76,1.77,Normal
2026-08-13 06:52:49.383986,44.33,0.229,101.76,11.82,1.82,Normal
2026-08-13 06:52:50.383986,46.34,0.246,102.19,12.11,1.81,Normal
2026-08-13 06:52:51.383986,45.78,0.237,99.97,11.95,1.71,Normal
2026-08-13 06:52:52.383986,45.76,0.237,100.7,11.64,1.75,Normal
2026-08-13 06:52:53.383986,46.83,0.216,101.73,11.96,1.65,Normal
2026-08-13 06:52:54.383986,46.03,0.175,103.48,12.09,1.73,Normal
2026-08-13 06:52:55.383986,43.78,0.197,101.06,12.17,1.82,Normal
2026-08-13 06:52:56.383986,43.54,0.257,101.35,12.12,1.73,Normal
2026-08-13 06:52:57.383986,45.73,0.209,99.41,12.3,1.95,Normal
2026-08-13 06:52:58.383986,44.21,0.167,101.65,12.01,1.84,Normal
2026-08-13 06:52:59.383986,45.38,0.215,102.75,12.09,1.67,Normal
2026-08-13 06:53:00.383986,47.73,0.249,104.45,11.83,1.83,Normal
2026-08-13 06:53:01.383986,40.84,0.217,100.75,12.29,1.71,Normal
2026-08-13 06:53:02.383986,41.62,0.186,99.32,12.11,1.55,Normal
2026-08-13 06:53:03.383986,45.06,0.138,100.98,12.25,1.84,Normal
2026-08-13 06:53:04.383986,43.27,0.199,101.32,12.07,1.64,Normal
2026-08-13 06:53:05.383986,46.19,0.119,100.67,11.93,1.88,Normal
2026-08-13 06:53:06.383986,45.05,0.158,100.32,12.03,1.79,Normal
2026-08-13 06:53:07.383986,43.84,0.186,102.0,11.92,1.79,Normal
2026-08-13 06:53:08.383986,49.34,0.157,99.45,12.12,1.72,Normal
2026-08-13 06:53:09.383986,44.36,0.177,101.04,12.24,1.9,Normal
2026-08-13 06:53:10.383986,46.72,0.158,100.15,11.57,1.7,Normal
2026-08-13 06:53:11.383986,46.91,0.216,101.08,12.0,1.72,Normal
2026-08-13 06:53:12.383986,45.41,0.223,99.68,12.04,1.91,Normal
2026-08-13 06:53:13.383986,44.17,0.221,104.11,11.98,1.85,Normal
2026-08-13 06:53:14.383986,43.52,0.205,101.76,12.03,1.68,Normal
2026-08-13 06:53:15.383986,45.41,0.244,101.75,12.14,1.77,Normal
2026-08-13 06:53:16.383986,46.5,0.208,100.35,12.05,1.68,Normal
2026-08-13 06:53:17.383986,43.73,0.206,101.6,11.82,1.93,Normal
2026-08-13 06:53:18.383986,46.14,0.179,99.76,11.98,1.75,Normal
2026-08-13 06:53:19.383986,45.23,0.189,99.29,11.94,1.76,Normal
2026-08-13 06:53:20.383986,46.27,0.179,102.98,11.71,1.96,Normal
2026-08-13 06:53:21.383986,44.55,0.226,101.38,12.17,1.75,Normal
2026-08-13 06:53:22.383986,42.8,0.243,101.19,12.03,1.95,Normal
2026-08-13 06:53:23.383986,42.94,0.218,100.71,11.98,1.81,Normal
2026-08-13 06:53:24.383986,42.0,0.177,102.65,12.13,1.79,Normal
2026-08-13 06:53:25.383986,45.49,0.191,102.66,11.97,1.83,Normal
2026-08-13 06:53:26.383986,47.29,0.177,102.86,11.77,2.0,Normal
2026-08-13 06:53:27.383986,44.25,0.193,99.41,11.93,1.68,Normal
2026-08-13 06:53:28.383986,43.78,0.196,102.26,12.03,1.84,Normal
2026-08-13 06:53:29.383986,42.81,0.174,103.1,11.89,2.0,Normal
2026-08-13 06:53:30.383986,44.51,0.2,102.37,12.19,1.79,Normal
2026-08-13 06:53:31.383986,44.22,0.198,101.64,12.13,1.8,Normal
2026-08-13 06:53:32.383986,46.24,0.249,101.68,12.05,1.62,Normal
2026-08-13 06:53:33.383986,39.74,0.212,101.21,11.92,1.83,Normal
2026-08-13 06:53:34.383986,44.88,0.234,101.39,11.89,1.92,Normal
2026-08-13 06:53:35.383986,44.57,0.216,100.82,11.9,1.81,Normal
2026-08-13 06:53:36.383986,45.03,0.214,101.03,11.72,1.75,Normal
2026-08-13 06:53:37.383986,46.59,0.191,101.05,12.15,1.71,Normal
2026-08-13 06:53:38.383986,41.91,0.195,100.82,11.86,1.78,Normal
2026-08-13 06:53:39.383986,45.98,0.2,101.61,12.27,1.76,Normal
2026-08-13 06:53:40.383986,45.56,0.185,100.45,11.91,1.74,Normal
2026-08-13 06:53:41.383986,45.72,0.27,100.58,11.94,1.79,Normal
2026-08-13 06:53:42.383986,45.79,0.208,102.58,11.64,1.51,Normal
2026-08-13 06:53:43.383986,44.01,0.233,99.73,11.55,1.87,Normal
2026-08-13 06:53:44.383986,45.49,0.167,100.31,11.85,1.81,Normal
2026-08-13 06:53:45.383986,43.75,0.215,98.45,11.87,1.66,Normal
2026-08-13 06:53:46.383986,44.49,0.184,102.1,11.72,1.81,Normal
2026-08-13 06:53:47.383986,46.12,0.256,100.82,12.05,1.58,Normal
2026-08-13 06:53:48.383986,40.22,0.225,101.29,12.18,1.64,Normal
2026-08-13 06:53:49.383986,46.04,0.256,101.72,12.04,1.8,Normal
2026-08-13 06:53:50.383986,41.86,0.241,100.69,12.08,1.61,Normal
2026-08-13 06:53:51.383986,42.64,0.243,100.95,12.22,1.79,Normal
2026-08-13 06:53:52.383986,41.32,0.227,100.71,12.1,1.8,Normal
2026-08-13 06:53:53.383986,41.91,0.205,103.5,12.07,1.79,Normal
2026-08-13 06:53:54.383986,47.15,0.206,101.51,11.84,1.83,Normal
2026-08-13 06:53:55.383986,47.07,0.175,102.72,11.99,1.69,Normal
2026-08-13 06:53:56.383986,47.0,0.191,102.06,11.96,1.79,Normal
2026-08-13 06:53:57.383986,45.99,0.209,99.3,11.83,1.91,Normal
2026-08-13 06:53:58.383986,44.74,0.184,99.94,11.84,1.56,Normal
2026-08-13 06:53:59.383986,44.8,0.182,100.33,11.99,1.84,Normal
2026-08-13 06:54:00.383986,49.19,0.155,102.46,12.15,1.71,Normal
2026-08-13 06:54:01.383986,45.41,0.186,101.49,12.23,1.87,Normal
2026-08-13 06:54:02.383986,46.02,0.187,99.82,11.97,1.94,Normal
2026-08-13 06:54:03.383986,41.95,0.168,101.43,11.85,1.7,Normal
2026-08-13 06:54:04.383986,44.15,0.159,100.33,12.11,1.64,Normal
2026-08-13 06:54:05.383986,41.8,0.181,102.03,11.97,1.74,Normal
2026-08-13 06:54:06.383986,45.09,0.148,101.79,12.06,1.75,Normal
2026-08-13 06:54:07.383986,47.01,0.166,102.43,12.02,1.76,Normal
2026-08-13 06:54:08.383986,44.96,0.197,102.52,11.84,1.71,Normal
2026-08-13 06:54:09.383986,47.07,0.182,102.2,12.25,1.75,Normal
2026-08-13 06:54:10.383986,46.36,0.165,102.05,12.03,1.86,Normal
2026-08-13 06:54:11.383986,43.71,0.15,101.8,11.69,1.76,Normal
2026-08-13 06:54:12.383986,46.88,0.206,103.25,12.15,1.72,Normal
2026-08-13 06:54:13.383986,45.05,0.199,99.72,11.86,1.73,Normal
2026-08-13 06:54:14.383986,40.93,0.201,101.05,11.75,1.85,Normal
2026-08-13 06:54:15.383986,46.43,0.207,100.98,12.09,1.88,Normal
2026-08-13 06:54:16.383986,45.61,0.175,101.58,12.18,1.73,Normal
2026-08-13 06:54:17.383986,49.2,0.184,101.33,11.9,1.83,Normal
2026-08-13 06:54:18.383986,41.52,0.184,100.21,12.02,1.92,Normal
2026-08-13 06:54:19.383986,46.29,0.129,103.34,12.04,1.71,Normal
2026-08-13 06:54:20.383986,45.31,0.205,100.63,12.03,1.73,Normal
2026-08-13 06:54:21.383986,44.19,0.179,99.87,12.02,1.87,Normal
2026-08-13 06:54:22.383986,46.03,0.225,101.62,11.92,1.9,Normal
2026-08-13 06:54:23.383986,42.28,0.173,100.34,12.16,1.91,Normal
2026-08-13 06:54:24.383986,45.97,0.232,100.42,12.05,1.78,Normal
2026-08-13 06:54:25.383986,46.69,0.197,100.92,12.08,1.91,Normal
2026-08-13 06:54:26.383986,43.66,0.198,100.24,11.63,1.82,Normal
2026-08-13 06:54:27.383986,46.22,0.208,99.35,11.95,1.53,Normal
2026-08-13 06:54:28.383986,47.74,0.167,102.56,12.14,1.69,Normal
2026-08-13 06:54:29.383986,42.73,0.211,100.46,12.02,1.74,Normal
2026-08-13 06:54:30.383986,41.44,0.133,101.53,11.92,1.73,Normal
2026-08-13 06:54:31.383986,46.39,0.235,101.03,11.95,1.86,Normal
2026-08-13 06:54:32.383986,42.29,0.207,101.85,12.1,1.57,Normal
2026-08-13 06:54:33.383986,43.48,0.174,101.4,12.07,1.98,Normal
2026-08-13 06:54:34.383986,44.01,0.185,102.45,12.04,1.95,Normal
2026-08-13 06:54:35.383986,45.58,0.165,99.97,11.77,1.88,Normal
2026-08-13 06:54:36.383986,47.38,0.255,102.14,12.17,1.73,Normal
2026-08-13 06:54:37.383986,42.69,0.226,101.72,12.02,1.85,Normal
2026-08-13 06:54:38.383986,45.65,0.239,102.59,12.08,1.9,Normal
2026-08-13 06:54:39.383986,46.03,0.186,102.06,11.79,1.93,Normal
2026-08-13 06:54:40.383986,42.61,0.209,100.45,12.08,1.8,Normal
2026-08-13 06:54:41.383986,41.81,0.213,100.72,12.13,1.8,Normal
2026-08-13 06:54:42.383986,45.79,0.171,100.71,11.93,1.9,Normal
2026-08-13 06:54:43.383986,48.35,0.176,102.38,11.67,1.66,Normal
2026-08-13 06:54:44.383986,43.08,0.159,99.72,12.06,1.77,Normal
2026-08-13 06:54:45.383986,45.76,0.221,101.57,12.1,1.79,Normal
2026-08-13 06:54:46.383986,42.63,0.232,100.71,11.86,1.78,Normal
2026-08-13 06:54:47.383986,43.17,0.187,101.64,12.05,1.69,Normal
2026-08-13 06:54:48.383986,44.02,0.232,101.8,12.31,1.94,Normal
2026-08-13 06:54:49.383986,47.29,0.158,102.06,11.99,1.73,Normal
2026-08-13 06:54:50.383986,45.34,0.228,101.8,11.87,1.89,Normal
2026-08-13 06:54:51.383986,43.72,0.207,101.0,11.97,1.89,Normal
2026-08-13 06:54:52.383986,42.92,0.258,99.48,11.91,1.84,Normal
2026-08-13 06:54:53.383986,46.17,0.197,101.24,12.06,1.77,Normal
2026-08-13 06:54:54.383986,47.79,0.225,102.17,11.86,1.79,Normal
2026-08-13 06:54:55.383986,44.4,0.17,101.66,11.92,1.88,Normal
2026-08-13 06:54:56.383986,42.86,0.252,100.4,12.03,1.9,Normal
2026-08-13 06:54:57.383986,43.86,0.226,100.07,12.22,1.8,Normal
2026-08-13 06:54:58.383986,43.81,0.191,102.11,11.91,1.71,Normal
2026-08-13 06:54:59.383986,44.56,0.165,103.12,11.92,1.9,Normal
2026-08-13 06:55:00.383986,45.42,0.17,101.29,12.12,1.78,Normal
2026-08-13 06:55:01.383986,47.39,0.231,102.22,11.93,1.67,Normal
2026-08-13 06:55:02.383986,43.77,0.206,101.85,11.67,1.8,Normal
2026-08-13 06:55:03.383986,45.32,0.192,102.59,12.06,1.96,Normal
2026-08-13 06:55:04.383986,44.57,0.228,102.94,12.2,1.67,Normal
2026-08-13 06:55:05.383986,44.49,0.19,101.79,12.1,1.7,Normal
2026-08-13 06:55:06.383986,45.14,0.139,102.74,11.92,1.81,Normal
2026-08-13 06:55:07.383986,44.38,0.234,98.46,12.0,1.79,Normal
2026-08-13 06:55:08.383986,44.09,0.252,100.41,12.12,1.84,Normal
2026-08-13 06:55:09.383986,47.52,0.18,100.57,12.16,1.85,Normal
2026-08-13 06:55:10.383986,41.91,0.184,101.69,12.13,1.72,Normal
2026-08-13 06:55:11.383986,39.17,0.216,100.08,11.7,1.46,Normal
2026-08-13 06:55:12.383986,46.63,0.204,101.07,12.21,1.88,Normal
2026-08-13 06:55:13.383986,48.23,0.158,101.27,11.76,1.77,Normal
2026-08-13 06:55:14.383986,44.5,0.219,101.35,12.09,1.88,Normal
2026-08-13 06:55:15.383986,49.31,0.191,100.36,12.04,1.7,Normal
2026-08-13 06:55:16.383986,47.96,0.192,100.73,11.93,1.89,Normal
2026-08-13 06:55:17.383986,44.68,0.181,102.97,11.87,1.8,Normal
2026-08-13 06:55:18.383986,46.3,0.151,101.78,11.84,1.9,Normal
2026-08-13 06:55:19.383986,43.07,0.221,102.41,12.13,1.83,Normal
2026-08-13 06:55:20.383986,44.54,0.183,102.77,11.9,1.68,Normal
2026-08-13 06:55:21.383986,46.33,0.176,100.35,11.78,1.74,Normal
2026-08-13 06:55:22.383986,44.83,0.207,102.25,12.08,1.78,Normal
2026-08-13 06:55:23.383986,44.6,0.215,102.57,12.02,1.74,Normal
2026-08-13 06:55:24.383986,43.01,0.157,101.97,12.09,1.87,Normal
2026-08-13 06:55:25.383986,44.74,0.242,100.82,12.14,1.8,Normal
2026-08-13 06:55:26.383986,43.78,0.218,101.71,12.05,1.81,Normal
2026-08-13 06:55:27.383986,44.92,0.272,102.48,12.11,1.81,Normal
2026-08-13 06:55:28.383986,47.01,0.216,101.33,11.95,1.79,Normal
2026-08-13 06:55:29.383986,38.66,0.206,100.81,12.24,1.8,Normal
2026-08-13 06:55:30.383986,42.62,0.199,100.25,12.07,1.83,Normal
2026-08-13 06:55:31.383986,46.92,0.176,101.33,11.8,1.88,Normal
2026-08-13 06:55:32.383986,46.04,0.215,101.3,12.06,1.99,Normal
2026-08-13 06:55:33.383986,44.43,0.204,100.21,11.87,1.81,Normal
2026-08-13 06:55:34.383986,47.21,0.192,101.06,11.94,1.74,Normal
2026-08-13 06:55:35.383986,45.59,0.155,102.58,11.9,1.89,Normal
2026-08-13 06:55:36.383986,42.46,0.22,101.97,12.06,1.68,Normal
2026-08-13 06:55:37.383986,45.5,0.165,101.05,12.15,1.9,Normal
2026-08-13 06:55:38.383986,45.03,0.171,101.95,12.0,1.52,Normal
2026-08-13 06:55:39.383986,46.57,0.199,102.5,11.84,1.42,Normal
2026-08-13 06:55:40.383986,45.56,0.209,99.61,11.85,2.13,Normal
2026-08-13 06:55:41.383986,44.39,0.222,100.65,11.69,1.78,Normal
2026-08-13 06:55:42.383986,44.47,0.188,101.19,12.04,1.78,Normal
2026-08-13 06:55:43.383986,42.47,0.215,99.35,11.69,1.89,Normal
2026-08-13 06:55:44.383986,46.01,0.198,99.9,11.89,1.77,Normal
2026-08-13 06:55:45.383986,41.81,0.178,101.95,12.21,1.75,Normal
2026-08-13 06:55:46.383986,46.51,0.143,101.96,11.88,1.84,Normal
2026-08-13 06:55:47.383986,44.5,0.24,100.43,12.09,1.77,Normal
2026-08-13 06:55:48.383986,44.68,0.194,100.45,12.0,1.79,Normal
2026-08-13 06:55:49.383986,45.48,0.203,102.1,12.14,1.67,Normal
2026-08-13 06:55:50.383986,46.74,0.164,101.89,12.09,1.57,Normal
2026-08-13 06:55:51.383986,45.19,0.186,100.54,12.2,1.72,Normal
2026-08-13 06:55:52.383986,43.39,0.202,101.99,11.98,1.94,Normal
2026-08-13 06:55:53.383986,46.06,0.135,100.77,11.92,1.86,Normal
2026-08-13 06:55:54.383986,39.75,0.276,101.83,12.02,1.94,Normal
2026-08-13 06:55:55.383986,49.69,0.226,102.25,12.02,1.78,Normal
2026-08-13 06:55:56.383986,44.05,0.175,100.61,11.8,1.79,Normal
2026-08-13 06:55:57.383986,41.63,0.206,101.26,12.02,1.74,Normal
2026-08-13 06:55:58.383986,51.15,0.241,100.06,12.03,1.73,Normal
2026-08-13 06:55:59.383986,42.97,0.16,101.73,11.9,1.92,Normal
2026-08-13 06:56:00.383986,46.99,0.241,100.45,12.07,1.88,Normal
2026-08-13 06:56:01.383986,44.05,0.177,102.91,12.03,1.88,Normal
2026-08-13 06:56:02.383986,43.36,0.163,100.73,11.98,1.67,Normal
2026-08-13 06:56:03.383986,44.98,0.149,100.18,12.1,1.87,Normal
2026-08-13 06:56:04.383986,44.22,0.169,100.27,11.94,1.88,Normal
2026-08-13 06:56:05.383986,46.86,0.185,100.15,12.04,1.7,Normal
2026-08-13 06:56:06.383986,43.96,0.24,102.13,12.02,1.65,Normal
2026-08-13 06:56:07.383986,45.42,0.232,100.92,12.2,1.96,Normal
2026-08-13 06:56:08.383986,48.33,0.209,101.89,12.21,1.85,Normal
2026-08-13 06:56:09.383986,44.0,0.187,101.54,11.81,1.78,Normal
2026-08-13 06:56:10.383986,47.19,0.134,102.83,12.17,1.74,Normal
2026-08-13 06:56:11.383986,46.09,0.2,102.53,12.15,1.63,Normal
2026-08-13 06:56:12.383986,46.17,0.194,101.38,11.89,2.01,Normal
2026-08-13 06:56:13.383986,47.08,0.178,99.97,11.94,1.85,Normal
2026-08-13 06:56:14.383986,45.48,0.238,102.09,12.15,1.84,Normal
2026-08-13 06:56:15.383986,42.22,0.194,102.36,11.99,1.86,Normal
2026-08-13 06:56:16.383986,44.36,0.169,101.18,12.05,1.72,Normal
2026-08-13 06:56:17.383986,44.53,0.172,102.42,11.96,1.97,Normal
2026-08-13 06:56:18.383986,48.06,0.198,100.29,11.69,1.62,Normal
2026-08-13 06:56:19.383986,42.25,0.241,101.42,12.06,1.53,Normal
2026-08-13 06:56:20.383986,42.6,0.227,101.59,11.98,1.87,Normal
2026-08-13 06:56:21.383986,48.27,0.193,101.37,12.03,2.09,Normal
2026-08-13 06:56:22.383986,40.8,0.22,101.19,12.09,1.72,Normal
2026-08-13 06:56:23.383986,44.9,0.221,104.41,12.12,1.7,Normal
2026-08-13 06:56:24.383986,44.15,0.182,99.5,11.95,1.89,Overheating
2026-08-13 06:56:25.383986,42.49,0.242,101.79,11.89,1.78,Overheating
2026-08-13 06:56:26.383986,48.27,0.229,101.31,11.96,1.81,Overheating
2026-08-13 06:56:27.383986,44.08,0.116,103.34,12.02,1.85,Overheating
2026-08-13 06:56:28.383986,45.02,0.171,101.11,11.76,2.08,Overheating
2026-08-13 06:56:29.383986,42.71,0.159,100.86,12.19,1.81,Overheating
2026-08-13 06:56:30.383986,42.74,0.25,102.03,12.08,1.89,Overheating
2026-08-13 06:56:31.383986,50.03,0.287,100.61,12.24,1.85,Overheating
2026-08-13 06:56:32.383986,46.28,0.132,101.13,11.88,1.9,Overheating
2026-08-13 06:56:33.383986,47.46,0.117,101.28,12.17,1.78,Overheating
2026-08-13 06:56:34.383986,46.81,0.214,101.64,11.96,1.66,Overheating
2026-08-13 06:56:35.383986,43.14,0.228,101.32,11.98,1.76,Overheating
2026-08-13 06:56:36.383986,44.81,0.242,100.96,11.8,1.9,Overheating
2026-08-13 06:56:37.383986,45.05,0.201,102.91,12.0,1.84,Overheating
2026-08-13 06:56:38.383986,43.13,0.191,101.91,11.77,1.83,Overheating
2026-08-13 06:56:39.383986,45.73,0.202,102.34,12.05,1.99,Overheating
2026-08-13 06:56:40.383986,43.57,0.205,101.38,11.84,1.93,Overheating
2026-08-13 06:56:41.383986,50.24,0.199,101.81,12.01,1.73,Overheating
2026-08-13 06:56:42.383986,41.99,0.172,99.91,12.26,1.8,Overheating
2026-08-13 06:56:43.383986,44.97,0.236,100.18,11.88,1.82,Overheating
2026-08-13 06:56:44.383986,47.76,0.22,101.55,12.01,1.86,Overheating
2026-08-13 06:56:45.383986,46.14,0.159,101.35,11.84,1.82,Overheating
2026-08-13 06:56:46.383986,44.81,0.302,101.26,11.79,1.8,Overheating
2026-08-13 06:56:47.383986,46.84,0.267,100.71,11.76,1.91,Overheating
2026-08-13 06:56:48.383986,43.08,0.183,101.04,11.99,1.9,Overheating
2026-08-13 06:56:49.383986,44.51,0.189,101.29,12.02,1.83,Overheating
2026-08-13 06:56:50.383986,46.78,0.234,101.69,12.07,1.63,Overheating
2026-08-13 06:56:51.383986,46.05,0.219,102.03,11.9,1.74,Overheating
2026-08-13 06:56:52.383986,44.83,0.221,102.33,11.94,1.93,Overheating
2026-08-13 06:56:53.383986,46.26,0.195,101.09,12.11,1.86,Overheating
2026-08-13 06:56:54.383986,50.6,0.166,101.82,11.92,1.72,Overheating
2026-08-13 06:56:55.383986,46.06,0.205,104.22,11.97,1.69,Overheating
2026-08-13 06:56:56.383986,46.67,0.117,101.21,12.0,1.92,Overheating
2026-08-13 06:56:57.383986,48.1,0.18,101.15,11.89,1.69,Overheating
2026-08-13 06:56:58.383986,46.81,0.149,100.89,11.85,1.89,Overheating
2026-08-13 06:56:59.383986,49.83,0.148,99.45,11.98,1.83,Overheating
2026-08-13 06:57:00.383986,46.7,0.182,101.1,12.06,1.95,Overheating
2026-08-13 06:57:01.383986,42.38,0.185,101.51,11.86,2.03,Overheating
2026-08-13 06:57:02.383986,45.06,0.198,101.86,11.91,1.61,Overheating
2026-08-13 06:57:03.383986,45.51,0.241,100.96,11.87,1.94,Overheating
2026-08-13 06:57:04.383986,45.74,0.18,101.45,12.12,2.11,Overheating
2026-08-13 06:57:05.383986,48.09,0.246,100.79,11.85,1.84,Overheating
2026-08-13 06:57:06.383986,46.68,0.157,101.12,12.06,1.87,Overheating
2026-08-13 06:57:07.383986,47.51,0.212,100.79,11.92,1.69,Overheating
2026-08-13 06:57:08.383986,50.11,0.201,101.08,11.86,2.18,Overheating
2026-08-13 06:57:09.383986,44.43,0.183,101.72,12.09,1.95,Overheating
2026-08-13 06:57:10.383986,50.23,0.22,100.24,11.96,1.87,Overheating
2026-08-13 06:57:11.383986,50.78,0.144,102.5,12.03,1.93,Overheating
2026-08-13 06:57:12.383986,46.48,0.166,102.05,12.1,1.95,Overheating
2026-08-13 06:57:13.383986,46.69,0.176,99.74,12.12,1.89,Overheating
2026-08-13 06:57:14.383986,44.82,0.178,100.83,11.78,1.74,Overheating
2026-08-13 06:57:15.383986,44.52,0.184,100.56,11.76,2.08,Overheating
2026-08-13 06:57:16.383986,49.33,0.169,101.57,12.06,1.98,Overheating
2026-08-13 06:57:17.383986,45.22,0.244,100.75,11.8,1.92,Overheating
2026-08-13 06:57:18.383986,49.47,0.304,100.1,12.1,1.79,Overheating
2026-08-13 06:57:19.383986,48.49,0.141,100.04,11.88,1.85,Overheating
2026-08-13 06:57:20.383986,45.68,0.226,102.33,12.09,2.03,Overheating
2026-08-13 06:57:21.383986,47.83,0.151,102.66,11.91,1.95,Overheating
2026-08-13 06:57:22.383986,50.18,0.218,99.8,11.86,2.0,Overheating
2026-08-13 06:57:23.383986,46.73,0.203,102.06,12.1,1.87,Overheating
2026-08-13 06:57:24.383986,46.68,0.187,102.16,12.08,1.81,Overheating
2026-08-13 06:57:25.383986,49.3,0.195,100.45,11.89,1.73,Overheating
2026-08-13 06:57:26.383986,46.63,0.249,100.49,12.03,1.76,Overheating
2026-08-13 06:57:27.383986,46.68,0.14,101.08,11.97,1.91,Overheating
2026-08-13 06:57:28.383986,47.69,0.152,102.38,12.03,1.87,Overheating
2026-08-13 06:57:29.383986,47.26,0.179,101.52,12.07,1.64,Overheating
2026-08-13 06:57:30.383986,46.23,0.19,101.56,12.18,1.75,Overheating
2026-08-13 06:57:31.383986,46.35,0.179,100.5,11.95,1.94,Overheating
2026-08-13 06:57:32.383986,45.27,0.217,99.6,11.92,1.81,Overheating
2026-08-13 06:57:33.383986,50.76,0.189,99.1,11.7,1.85,Overheating
2026-08-13 06:57:34.383986,48.68,0.215,101.47,12.17,1.78,Overheating
2026-08-13 06:57:35.383986,49.27,0.135,100.4,11.73,1.82,Overheating
2026-08-13 06:57:36.383986,47.43,0.205,101.36,11.86,1.83,Overheating
2026-08-13 06:57:37.383986,44.56,0.255,101.0,11.93,2.04,Overheating
2026-08-13 06:57:38.383986,45.11,0.155,100.2,11.99,1.9,Overheating
2026-08-13 06:57:39.383986,49.1,0.303,99.05,12.09,1.79,Overheating
2026-08-13 06:57:40.383986,46.49,0.175,100.39,12.25,1.95,Overheating
2026-08-13 06:57:41.383986,47.74,0.254,99.79,11.8,1.59,Overheating
2026-08-13 06:57:42.383986,46.33,0.206,101.4,12.02,1.69,Overheating
2026-08-13 06:57:43.383986,49.37,0.21,102.03,11.72,1.89,Overheating
2026-08-13 06:57:44.383986,45.42,0.184,101.83,12.01,1.75,Overheating
2026-08-13 06:57:45.383986,47.85,0.139,102.45,11.97,1.99,Overheating
2026-08-13 06:57:46.383986,46.82,0.179,100.54,12.13,1.77,Overheating
2026-08-13 06:57:47.383986,49.19,0.185,99.32,11.91,1.72,Overheating
2026-08-13 06:57:48.383986,48.01,0.152,102.23,11.99,1.84,Overheating
2026-08-13 06:57:49.383986,49.29,0.239,101.28,11.88,1.65,Overheating
2026-08-13 06:57:50.383986,46.64,0.175,101.41,11.95,1.94,Overheating
2026-08-13 06:57:51.383986,46.82,0.198,102.48,12.05,1.85,Overheating
2026-08-13 06:57:52.383986,46.88,0.175,100.45,11.92,1.95,Overheating
2026-08-13 06:57:53.383986,47.67,0.146,103.07,12.05,1.69,Overheating
2026-08-13 06:57:54.383986,47.27,0.204,103.0,11.83,1.98,Overheating
2026-08-13 06:57:55.383986,50.98,0.175,101.02,11.84,1.84,Overheating
2026-08-13 06:57:56.383986,48.15,0.226,102.39,11.89,1.63,Overheating
2026-08-13 06:57:57.383986,48.21,0.212,101.55,11.95,1.88,Overheating
2026-08-13 06:57:58.383986,51.32,0.215,100.93,11.92,1.85,Overheating
2026-08-13 06:57:59.383986,51.6,0.193,101.28,11.93,2.0,Overheating
2026-08-13 06:58:00.383986,52.28,0.218,101.38,12.01,1.58,Overheating
2026-08-13 06:58:01.383986,49.89,0.205,101.73,11.89,1.82,Overheating
2026-08-13 06:58:02.383986,47.61,0.241,100.92,12.31,1.92,Overheating
2026-08-13 06:58:03.383986,45.91,0.195,100.65,11.67,2.06,Overheating
2026-08-13 06:58:04.383986,49.91,0.221,101.47,11.79,1.81,Overheating
2026-08-13 06:58:05.383986,50.22,0.158,98.77,11.97,1.85,Overheating
2026-08-13 06:58:06.383986,48.84,0.229,101.94,12.04,2.01,Overheating
2026-08-13 06:58:07.383986,45.57,0.22,101.93,11.81,1.69,Overheating
2026-08-13 06:58:08.383986,47.15,0.174,102.05,11.91,1.77,Overheating
2026-08-13 06:58:09.383986,47.45,0.245,101.31,11.97,1.86,Overheating
2026-08-13 06:58:10.383986,51.29,0.17,102.62,12.03,1.85,Overheating
2026-08-13 06:58:11.383986,53.75,0.158,100.95,11.82,1.99,Overheating
2026-08-13 06:58:12.383986,52.16,0.267,102.52,11.97,1.83,Overheating
2026-08-13 06:58:13.383986,45.47,0.281,101.77,11.93,2.04,Overheating
2026-08-13 06:58:14.383986,46.9,0.216,101.13,12.1,1.87,Overheating
2026-08-13 06:58:15.383986,45.98,0.203,102.35,12.0,1.97,Overheating
2026-08-13 06:58:16.383986,46.83,0.199,100.68,12.11,1.88,Overheating
2026-08-13 06:58:17.383986,50.34,0.244,101.99,12.04,1.76,Overheating
2026-08-13 06:58:18.383986,48.98,0.179,100.96,11.94,1.76,Overheating
2026-08-13 06:58:19.383986,45.11,0.173,101.49,11.8,1.88,Overheating
2026-08-13 06:58:20.383986,52.86,0.241,102.94,12.06,2.02,Overheating
2026-08-13 06:58:21.383986,47.65,0.174,98.56,12.18,2.07,Overheating
2026-08-13 06:58:22.383986,48.02,0.19,100.55,12.06,2.02,Overheating
2026-08-13 06:58:23.383986,45.68,0.216,101.02,12.02,1.94,Overheating
2026-08-13 06:58:24.383986,48.82,0.196,101.09,12.15,1.93,Overheating
2026-08-13 06:58:25.383986,49.68,0.149,100.92,12.13,1.89,Overheating
2026-08-13 06:58:26.383986,50.59,0.271,102.34,12.01,1.82,Overheating
2026-08-13 06:58:27.383986,44.2,0.193,100.97,12.06,1.87,Overheating
2026-08-13 06:58:28.383986,48.7,0.129,100.36,12.07,2.09,Overheating
2026-08-13 06:58:29.383986,49.18,0.213,102.25,11.88,1.93,Overheating
2026-08-13 06:58:30.383986,47.93,0.235,101.45,12.04,1.79,Overheating
2026-08-13 06:58:31.383986,50.86,0.283,100.29,11.95,1.92,Overheating
2026-08-13 06:58:32.383986,51.05,0.178,98.47,12.2,1.98,Overheating
2026-08-13 06:58:33.383986,46.03,0.176,102.87,12.22,2.0,Overheating
2026-08-13 06:58:34.383986,49.2,0.203,101.17,12.17,1.79,Overheating
2026-08-13 06:58:35.383986,47.97,0.24,101.26,12.21,1.81,Overheating
2026-08-13 06:58:36.383986,49.51,0.163,101.31,11.78,1.83,Overheating
2026-08-13 06:58:37.383986,46.78,0.228,102.02,11.74,2.05,Overheating
2026-08-13 06:58:38.383986,54.68,0.202,100.66,12.42,1.74,Overheating
2026-08-13 06:58:39.383986,49.77,0.207,102.65,12.05,1.83,Overheating
2026-08-13 06:58:40.383986,47.86,0.186,100.29,12.01,1.83,Overheating
2026-08-13 06:58:41.383986,46.81,0.25,100.8,11.81,1.88,Overheating
2026-08-13 06:58:42.383986,49.97,0.13,101.63,11.84,2.1,Overheating
2026-08-13 06:58:43.383986,50.91,0.184,100.55,11.98,1.97,Overheating
2026-08-13 06:58:44.383986,49.85,0.191,101.36,11.91,1.86,Overheating
2026-08-13 06:58:45.383986,45.76,0.239,101.6,11.88,2.13,Overheating
2026-08-13 06:58:46.383986,50.14,0.159,102.16,12.06,1.95,Overheating
2026-08-13 06:58:47.383986,49.15,0.218,101.04,12.08,1.67,Overheating
2026-08-13 06:58:48.383986,49.17,0.269,100.53,11.91,1.85,Overheating
2026-08-13 06:58:49.383986,47.65,0.112,101.07,12.02,1.9,Overheating
2026-08-13 06:58:50.383986,49.82,0.202,102.32,11.97,1.83,Overheating
2026-08-13 06:58:51.383986,49.58,0.223,102.71,11.91,1.91,Overheating
2026-08-13 06:58:52.383986,50.86,0.16,101.32,11.78,1.69,Overheating
2026-08-13 06:58:53.383986,50.95,0.185,101.5,12.0,1.79,Overheating
2026-08-13 06:58:54.383986,50.16,0.151,102.69,11.8,1.88,Overheating
2026-08-13 06:58:55.383986,48.2,0.223,100.97,11.92,2.01,Overheating
2026-08-13 06:58:56.383986,50.38,0.221,100.32,11.79,1.92,Overheating
2026-08-13 06:58:57.383986,49.72,0.225,101.22,12.03,1.71,Overheating
2026-08-13 06:58:58.383986,54.17,0.193,102.0,11.87,1.94,Overheating
2026-08-13 06:58:59.383986,47.82,0.218,100.94,12.0,1.99,Overheating
2026-08-13 06:59:00.383986,47.99,0.173,101.76,12.31,1.89,Overheating
2026-08-13 06:59:01.383986,51.68,0.196,103.24,11.74,1.92,Overheating
2026-08-13 06:59:02.383986,47.28,0.1,101.6,12.02,1.88,Overheating
2026-08-13 06:59:03.383986,50.35,0.324,101.04,12.08,1.83,Overheating
2026-08-13 06:59:04.383986,51.19,0.19,100.89,12.27,2.05,Overheating
2026-08-13 06:59:05.383986,50.91,0.108,100.94,12.41,1.89,Overheating
2026-08-13 06:59:06.383986,52.88,0.258,101.52,11.87,1.62,Overheating
2026-08-13 06:59:07.383986,52.07,0.167,101.48,11.81,1.88,Overheating
2026-08-13 06:59:08.383986,50.81,0.211,100.19,12.18,1.84,Overheating
2026-08-13 06:59:09.383986,47.43,0.196,101.33,12.02,2.08,Overheating
2026-08-13 06:59:10.383986,50.34,0.195,100.2,12.12,1.94,Overheating
2026-08-13 06:59:11.383986,50.0,0.124,102.74,11.82,1.85,Overheating
2026-08-13 06:59:12.383986,51.6,0.152,99.81,11.68,2.0,Overheating
2026-08-13 06:59:13.383986,49.82,0.317,100.31,11.86,1.85,Overheating
2026-08-13 06:59:14.383986,51.44,0.181,101.91,11.85,1.75,Overheating
2026-08-13 06:59:15.383986,47.39,0.111,100.78,11.95,1.84,Overheating
2026-08-13 06:59:16.383986,53.51,0.249,100.97,11.73,1.85,Overheating
2026-08-13 06:59:17.383986,49.86,0.174,100.6,11.9,1.87,Overheating
2026-08-13 06:59:18.383986,49.82,0.208,101.66,11.86,2.07,Overheating
2026-08-13 06:59:19.383986,49.16,0.135,101.68,11.88,1.96,Overheating
2026-08-13 06:59:20.383986,46.35,0.256,101.97,11.77,1.75,Overheating
2026-08-13 06:59:21.383986,54.54,0.171,100.47,11.66,1.88,Overheating
2026-08-13 06:59:22.383986,50.77,0.229,99.9,11.77,1.98,Overheating
2026-08-13 06:59:23.383986,53.28,0.137,102.38,12.01,2.06,Overheating
2026-08-13 06:59:24.383986,51.16,0.099,101.15,12.16,1.82,Overheating
2026-08-13 06:59:25.383986,50.56,0.193,98.4,12.25,1.82,Overheating
2026-08-13 06:59:26.383986,52.38,0.197,102.56,12.06,1.9,Overheating
2026-08-13 06:59:27.383986,49.62,0.232,99.43,12.1,1.8,Overheating
2026-08-13 06:59:28.383986,53.94,0.206,101.94,12.01,1.72,Overheating
2026-08-13 06:59:29.383986,49.75,0.227,101.47,12.18,1.98,Overheating
2026-08-13 06:59:30.383986,49.58,0.168,101.4,11.65,2.13,Overheating
2026-08-13 06:59:31.383986,52.43,0.249,99.72,12.19,2.2,Overheating
2026-08-13 06:59:32.383986,48.94,0.231,101.3,11.77,1.99,Overheating
2026-08-13 06:59:33.383986,53.28,0.176,102.47,11.75,1.75,Overheating
2026-08-13 06:59:34.383986,51.92,0.201,100.58,12.12,2.0,Overheating
2026-08-13 06:59:35.383986,53.4,0.195,101.9,11.93,2.18,Overheating
2026-08-13 06:59:36.383986,50.09,0.284,101.33,11.79,2.1,Overheating
2026-08-13 06:59:37.383986,52.01,0.234,102.52,12.05,1.86,Overheating
2026-08-13 06:59:38.383986,53.74,0.2,101.99,11.68,1.99,Overheating
2026-08-13 06:59:39.383986,50.55,0.266,101.92,12.04,1.99,Overheating
2026-08-13 06:59:40.383986,49.86,0.265,103.29,12.06,2.13,Overheating
2026-08-13 06:59:41.383986,50.76,0.168,101.34,12.07,1.89,Overheating
2026-08-13 06:59:42.383986,53.01,0.212,100.3,12.08,2.04,Overheating
2026-08-13 06:59:43.383986,52.31,0.246,100.08,12.07,1.8,Overheating
2026-08-13 06:59:44.383986,49.77,0.175,100.36,11.92,1.91,Overheating
2026-08-13 06:59:45.383986,53.71,0.187,99.71,12.17,1.84,Overheating
2026-08-13 06:59:46.383986,51.95,0.218,101.5,12.16,2.0,Overheating
2026-08-13 06:59:47.383986,50.38,0.287,101.49,11.98,2.06,Overheating
2026-08-13 06:59:48.383986,52.64,0.216,103.79,11.96,1.9,Overheating
2026-08-13 06:59:49.383986,52.41,0.243,99.79,11.71,1.87,Overheating
2026-08-13 06:59:50.383986,48.94,0.183,101.8,11.87,1.77,Overheating
2026-08-13 06:59:51.383986,52.38,0.235,99.61,12.12,2.04,Overheating
2026-08-13 06:59:52.383986,54.19,0.249,103.5,11.95,1.96,Overheating
2026-08-13 06:59:53.383986,51.48,0.2,102.83,11.8,1.84,Overheating
2026-08-13 06:59:54.383986,55.1,0.241,100.94,12.13,1.99,Overheating
2026-08-13 06:59:55.383986,55.39,0.203,102.33,12.4,2.02,Overheating
2026-08-13 06:59:56.383986,52.52,0.229,100.93,12.36,1.97,Overheating
2026-08-13 06:59:57.383986,51.91,0.167,102.4,12.13,1.89,Overheating
2026-08-13 06:59:58.383986,53.64,0.14,101.48,12.07,2.15,Overheating
2026-08-13 06:59:59.383986,50.98,0.149,100.4,11.8,2.11,Overheating
2026-08-13 07:00:00.383986,55.66,0.213,102.52,12.02,1.94,Overheating
2026-08-13 07:00:01.383986,51.93,0.188,99.75,12.04,1.95,Overheating
2026-08-13 07:00:02.383986,54.12,0.204,101.14,11.87,1.96,Overheating
2026-08-13 07:00:03.383986,54.14,0.154,101.39,12.03,1.87,Overheating
2026-08-13 07:00:04.383986,51.52,0.209,100.17,12.05,1.85,Overheating
2026-08-13 07:00:05.383986,54.86,0.294,100.44,12.08,1.87,Overheating
2026-08-13 07:00:06.383986,54.85,0.149,101.78,11.87,1.93,Overheating
2026-08-13 07:00:07.383986,50.74,0.233,100.46,12.08,1.91,Overheating
2026-08-13 07:00:08.383986,52.61,0.206,100.54,12.03,2.14,Overheating
2026-08-13 07:00:09.383986,51.32,0.247,102.8,11.88,1.78,Overheating
2026-08-13 07:00:10.383986,53.51,0.178,103.17,12.01,1.86,Overheating
2026-08-13 07:00:11.383986,50.65,0.244,100.73,12.01,2.07,Overheating
2026-08-13 07:00:12.383986,52.01,0.198,101.28,12.1,2.03,Overheating
2026-08-13 07:00:13.383986,52.57,0.203,100.93,11.78,1.99,Overheating
2026-08-13 07:00:14.383986,56.83,0.165,100.53,11.87,2.05,Overheating
2026-08-13 07:00:15.383986,53.98,0.194,100.38,12.01,1.77,Overheating
2026-08-13 07:00:16.383986,53.41,0.235,100.05,11.77,2.15,Overheating
2026-08-13 07:00:17.383986,51.93,0.245,101.15,11.98,2.02,Overheating
2026-08-13 07:00:18.383986,51.42,0.205,100.92,11.8,2.0,Overheating
2026-08-13 07:00:19.383986,52.7,0.194,100.09,12.24,2.07,Overheating
2026-08-13 07:00:20.383986,55.19,0.188,99.57,12.29,1.96,Overheating
2026-08-13 07:00:21.383986,51.8,0.217,102.47,12.0,2.12,Overheating
2026-08-13 07:00:22.383986,55.5,0.157,100.63,12.14,1.64,Overheating
2026-08-13 07:00:23.383986,53.07,0.143,100.82,11.96,1.92,Overheating
2026-08-13 07:00:24.383986,52.3,0.156,103.59,12.28,1.83,Overheating
2026-08-13 07:00:25.383986,56.6,0.184,101.43,11.99,1.89,Overheating
2026-08-13 07:00:26.383986,55.44,0.205,100.82,11.8,1.86,Overheating
2026-08-13 07:00:27.383986,50.22,0.2,100.1,11.96,2.13,Overheating
2026-08-13 07:00:28.383986,55.94,0.199,101.21,12.28,2.03,Overheating
2026-08-13 07:00:29.383986,52.92,0.143,101.69,12.12,1.9,Overheating
2026-08-13 07:00:30.383986,54.19,0.185,101.12,11.63,1.95,Overheating
2026-08-13 07:00:31.383986,55.58,0.175,101.35,11.89,2.02,Overheating
2026-08-13 07:00:32.383986,53.25,0.162,102.63,12.14,1.9,Overheating
2026-08-13 07:00:33.383986,54.71,0.221,101.94,11.75,2.1,Overheating
2026-08-13 07:00:34.383986,52.61,0.186,103.94,12.05,1.93,Overheating
2026-08-13 07:00:35.383986,49.37,0.256,99.95,11.85,1.94,Overheating
2026-08-13 07:00:36.383986,56.65,0.231,101.14,12.05,1.9,Overheating
2026-08-13 07:00:37.383986,54.13,0.203,102.27,12.15,2.04,Overheating
2026-08-13 07:00:38.383986,53.17,0.23,101.21,11.84,1.93,Overheating
2026-08-13 07:00:39.383986,54.09,0.236,101.12,11.82,1.99,Overheating
2026-08-13 07:00:40.383986,54.19,0.207,102.22,12.15,1.91,Overheating
2026-08-13 07:00:41.383986,52.76,0.158,102.0,12.22,1.94,Overheating
2026-08-13 07:00:42.383986,53.55,0.259,101.81,12.07,1.84,Overheating
2026-08-13 07:00:43.383986,55.42,0.163,100.17,11.95,1.91,Overheating
2026-08-13 07:00:44.383986,53.66,0.142,102.26,12.17,1.75,Overheating
2026-08-13 07:00:45.383986,56.09,0.168,102.16,11.99,1.99,Overheating
2026-08-13 07:00:46.383986,53.8,0.248,100.06,12.09,2.12,Overheating
2026-08-13 07:00:47.383986,55.64,0.293,100.77,12.14,1.97,Overheating
2026-08-13 07:00:48.383986,56.71,0.2,100.91,12.2,1.93,Overheating
2026-08-13 07:00:49.383986,51.45,0.179,101.92,12.21,2.0,Overheating
2026-08-13 07:00:50.383986,56.95,0.146,100.86,11.96,1.97,Overheating
2026-08-13 07:00:51.383986,54.51,0.228,100.86,12.02,1.98,Overheating
2026-08-13 07:00:52.383986,52.53,0.195,101.16,11.98,1.99,Overheating
2026-08-13 07:00:53.383986,54.57,0.183,102.57,11.82,1.9,Overheating
2026-08-13 07:00:54.383986,60.01,0.158,99.95,12.11,1.74,Overheating
2026-08-13 07:00:55.383986,54.01,0.286,99.76,11.7,1.81,Overheating
2026-08-13 07:00:56.383986,56.32,0.245,100.79,12.1,2.16,Overheating
2026-08-13 07:00:57.383986,58.13,0.19,99.0,11.88,1.94,Overheating
2026-08-13 07:00:58.383986,54.07,0.192,102.42,12.19,1.97,Overheating
2026-08-13 07:00:59.383986,56.82,0.214,101.36,12.14,2.0,Overheating
2026-08-13 07:01:00.383986,58.78,0.142,100.78,11.98,2.05,Overheating
2026-08-13 07:01:01.383986,57.23,0.199,99.88,12.13,2.08,Overheating
2026-08-13 07:01:02.383986,50.85,0.2,99.71,11.9,1.89,Overheating
2026-08-13 07:01:03.383986,56.38,0.205,100.01,12.13,1.82,Overheating
2026-08-13 07:01:04.383986,55.46,0.167,100.93,12.08,2.06,Overheating
2026-08-13 07:01:05.383986,57.51,0.197,101.61,11.93,2.02,Overheating
2026-08-13 07:01:06.383986,55.75,0.196,99.5,12.05,2.04,Overheating
2026-08-13 07:01:07.383986,53.54,0.149,102.78,12.07,1.97,Overheating
2026-08-13 07:01:08.383986,52.67,0.167,102.6,12.02,1.93,Overheating
2026-08-13 07:01:09.383986,55.99,0.167,102.8,12.2,1.94,Overheating
2026-08-13 07:01:10.383986,53.75,0.095,99.82,11.8,2.02,Overheating
2026-08-13 07:01:11.383986,54.39,0.146,101.02,12.08,2.06,Overheating
2026-08-13 07:01:12.383986,51.28,0.195,99.92,12.14,2.1,Overheating
2026-08-13 07:01:13.383986,53.32,0.169,100.84,11.66,2.04,Overheating
2026-08-13 07:01:14.383986,54.6,0.239,100.2,11.91,1.82,Overheating
2026-08-13 07:01:15.383986,53.18,0.153,102.3,11.9,2.02,Overheating
2026-08-13 07:01:16.383986,54.46,0.149,101.13,12.09,1.86,Overheating
2026-08-13 07:01:17.383986,56.87,0.166,100.82,12.08,1.93,Overheating
2026-08-13 07:01:18.383986,55.37,0.187,101.43,11.64,1.79,Overheating
2026-08-13 07:01:19.383986,56.56,0.241,100.39,11.96,2.04,Overheating
2026-08-13 07:01:20.383986,56.75,0.119,100.41,11.95,2.09,Overheating
2026-08-13 07:01:21.383986,60.39,0.191,99.89,12.06,2.17,Overheating
2026-08-13 07:01:22.383986,55.65,0.164,102.26,12.1,1.89,Overheating
2026-08-13 07:01:23.383986,56.23,0.24,102.48,11.99,1.97,Overheating
2026-08-13 07:01:24.383986,57.95,0.152,101.74,11.79,2.14,Overheating
2026-08-13 07:01:25.383986,55.02,0.251,101.79,11.82,2.18,Overheating
2026-08-13 07:01:26.383986,58.67,0.235,100.54,11.95,2.03,Overheating
2026-08-13 07:01:27.383986,54.2,0.268,101.44,11.59,2.05,Overheating
2026-08-13 07:01:28.383986,54.94,0.197,100.93,12.12,2.15,Overheating
2026-08-13 07:01:29.383986,56.24,0.186,101.26,12.0,1.92,Overheating
2026-08-13 07:01:30.383986,56.87,0.218,102.84,12.19,1.93,Overheating
2026-08-13 07:01:31.383986,57.39,0.162,102.0,11.92,1.89,Overheating
2026-08-13 07:01:32.383986,56.34,0.093,99.55,11.97,2.03,Overheating
2026-08-13 07:01:33.383986,55.08,0.137,100.48,12.06,2.09,Overheating
2026-08-13 07:01:34.383986,55.82,0.246,101.7,11.89,1.98,Overheating
2026-08-13 07:01:35.383986,53.08,0.196,102.41,12.1,2.19,Overheating
2026-08-13 07:01:36.383986,55.31,0.254,101.11,12.22,2.02,Overheating
2026-08-13 07:01:37.383986,57.37,0.259,101.11,12.03,2.17,Overheating
2026-08-13 07:01:38.383986,55.72,0.147,103.44,11.93,2.04,Overheating
2026-08-13 07:01:39.383986,58.34,0.176,100.29,12.04,1.81,Overheating
2026-08-13 07:01:40.383986,55.48,0.21,101.03,11.77,2.21,Overheating
2026-08-13 07:01:41.383986,56.3,0.257,101.04,11.87,2.05,Overheating
2026-08-13 07:01:42.383986,55.7,0.153,102.77,11.91,1.8,Overheating
2026-08-13 07:01:43.383986,58.82,0.18,100.69,11.74,2.23,Overheating
2026-08-13 07:01:44.383986,53.62,0.202,102.21,12.06,2.02,Overheating
2026-08-13 07:01:45.383986,52.83,0.168,101.49,11.88,2.05,Overheating
2026-08-13 07:01:46.383986,57.63,0.239,100.07,12.33,2.12,Overheating
2026-08-13 07:01:47.383986,56.3,0.244,103.67,11.78,2.0,Overheating
2026-08-13 07:01:48.383986,51.58,0.208,101.67,11.99,1.95,Overheating
2026-08-13 07:01:49.383986,52.28,0.215,102.76,11.91,2.08,Overheating
2026-08-13 07:01:50.383986,53.27,0.218,100.91,11.89,1.94,Overheating
2026-08-13 07:01:51.383986,55.66,0.215,99.99,11.94,2.02,Overheating
2026-08-13 07:01:52.383986,54.28,0.272,100.45,11.9,1.91,Overheating
2026-08-13 07:01:53.383986,60.11,0.222,100.36,12.17,2.05,Overheating
2026-08-13 07:01:54.383986,57.06,0.186,100.55,12.05,1.97,Overheating
2026-08-13 07:01:55.383986,60.22,0.149,102.84,11.98,2.07,Overheating
2026-08-13 07:01:56.383986,58.29,0.175,102.16,11.59,1.95,Overheating
2026-08-13 07:01:57.383986,54.81,0.15,101.09,12.06,2.12,Overheating
2026-08-13 07:01:58.383986,57.17,0.173,101.67,12.02,2.15,Overheating
2026-08-13 07:01:59.383986,58.28,0.201,100.4,11.9,1.97,Overheating
2026-08-13 07:02:00.383986,56.13,0.211,102.02,11.99,2.04,Overheating
2026-08-13 07:02:01.383986,57.08,0.179,100.37,11.74,1.95,Overheating
2026-08-13 07:02:02.383986,57.78,0.172,101.06,12.07,2.1,Overheating
2026-08-13 07:02:03.383986,54.71,0.24,102.43,11.83,1.94,Overheating
2026-08-13 07:02:04.383986,59.28,0.194,99.08,11.79,2.01,Overheating
2026-08-13 07:02:05.383986,54.61,0.183,101.33,12.22,2.0,Overheating
2026-08-13 07:02:06.383986,59.12,0.257,102.73,12.04,1.8,Overheating
2026-08-13 07:02:07.383986,57.93,0.242,101.22,12.26,2.14,Overheating
2026-08-13 07:02:08.383986,58.18,0.243,101.63,11.63,1.98,Overheating
2026-08-13 07:02:09.383986,59.47,0.168,101.08,11.84,2.26,Overheating
2026-08-13 07:02:10.383986,60.47,0.165,101.45,11.9,2.12,Overheating
2026-08-13 07:02:11.383986,58.16,0.232,101.63,12.44,1.92,Overheating
2026-08-13 07:02:12.383986,53.76,0.184,99.73,11.78,1.92,Overheating
2026-08-13 07:02:13.383986,55.37,0.162,101.82,11.92,2.02,Overheating
2026-08-13 07:02:14.383986,59.04,0.169,101.04,12.05,1.81,Overheating
2026-08-13 07:02:15.383986,52.52,0.214,101.79,12.31,2.06,Overheating
2026-08-13 07:02:16.383986,58.96,0.192,101.6,12.25,1.79,Overheating
2026-08-13 07:02:17.383986,58.18,0.285,101.58,12.25,1.97,Overheating
2026-08-13 07:02:18.383986,57.33,0.201,99.08,11.82,1.92,Overheating
2026-08-13 07:02:19.383986,59.07,0.235,101.62,12.12,2.03,Overheating
2026-08-13 07:02:20.383986,59.86,0.2,101.36,11.96,2.13,Overheating
2026-08-13 07:02:21.383986,56.65,0.239,100.17,11.84,2.13,Overheating
2026-08-13 07:02:22.383986,57.35,0.182,102.19,11.91,2.03,Overheating
2026-08-13 07:02:23.383986,60.36,0.262,102.87,11.96,2.2,Overheating
2026-08-13 07:02:24.383986,55.7,0.164,98.95,12.25,1.95,Overheating
2026-08-13 07:02:25.383986,57.38,0.164,102.0,11.94,1.9,Overheating
2026-08-13 07:02:26.383986,58.55,0.143,100.46,11.68,1.88,Overheating
2026-08-13 07:02:27.383986,58.06,0.121,99.82,12.0,1.99,Overheating
2026-08-13 07:02:28.383986,61.72,0.273,100.43,12.08,2.14,Overheating
2026-08-13 07:02:29.383986,56.58,0.14,101.29,11.97,2.0,Overheating
2026-08-13 07:02:30.383986,58.69,0.17,100.15,12.02,2.1,Overheating
2026-08-13 07:02:31.383986,55.49,0.237,99.53,11.91,2.03,Overheating
2026-08-13 07:02:32.383986,56.61,0.177,103.17,11.87,2.35,Overheating
2026-08-13 07:02:33.383986,58.79,0.204,101.78,12.38,1.94,Overheating
2026-08-13 07:02:34.383986,55.71,0.17,101.33,11.74,2.06,Overheating
2026-08-13 07:02:35.383986,61.37,0.206,101.01,11.91,2.17,Overheating
2026-08-13 07:02:36.383986,56.37,0.274,103.23,12.04,2.06,Overheating
2026-08-13 07:02:37.383986,60.12,0.244,100.49,11.92,1.9,Overheating
2026-08-13 07:02:38.383986,58.91,0.227,99.95,11.93,1.9,Overheating
2026-08-13 07:02:39.383986,56.33,0.222,100.57,11.95,1.87,Overheating
2026-08-13 07:02:40.383986,58.53,0.198,100.57,11.97,2.08,Overheating
2026-08-13 07:02:41.383986,56.57,0.141,103.11,11.91,2.05,Overheating
2026-08-13 07:02:42.383986,60.25,0.341,100.06,12.07,1.98,Overheating
2026-08-13 07:02:43.383986,57.19,0.171,100.17,11.99,1.89,Overheating
2026-08-13 07:02:44.383986,60.19,0.202,101.72,11.93,2.02,Overheating
2026-08-13 07:02:45.383986,58.91,0.153,100.94,11.87,1.96,Overheating
2026-08-13 07:02:46.383986,54.15,0.254,100.61,12.17,2.2,Overheating
2026-08-13 07:02:47.383986,55.83,0.156,103.86,12.26,2.06,Overheating
2026-08-13 07:02:48.383986,58.95,0.175,101.73,11.89,1.82,Overheating
2026-08-13 07:02:49.383986,55.83,0.201,100.17,11.99,1.94,Overheating
2026-08-13 07:02:50.383986,56.95,0.234,101.55,12.0,2.18,Overheating
2026-08-13 07:02:51.383986,59.51,0.258,100.84,11.94,1.91,Overheating
2026-08-13 07:02:52.383986,57.72,0.239,102.6,12.14,1.86,Overheating
2026-08-13 07:02:53.383986,60.78,0.126,102.2,11.94,2.16,Overheating
2026-08-13 07:02:54.383986,55.99,0.247,99.84,11.9,1.95,Overheating
2026-08-13 07:02:55.383986,55.18,0.204,103.11,12.4,2.09,Overheating
2026-08-13 07:02:56.383986,60.95,0.209,101.8,11.95,2.1,Overheating
2026-08-13 07:02:57.383986,59.83,0.177,101.22,11.99,2.17,Overheating
2026-08-13 07:02:58.383986,56.66,0.198,103.21,12.17,2.24,Overheating
2026-08-13 07:02:59.383986,58.87,0.213,102.3,12.23,1.84,Overheating
2026-08-13 07:03:00.383986,56.23,0.252,101.02,11.9,1.93,Overheating
2026-08-13 07:03:01.383986,57.78,0.144,103.39,12.0,2.07,Overheating
2026-08-13 07:03:02.383986,60.11,0.238,102.25,12.16,2.0,Overheating
2026-08-13 07:03:03.383986,58.37,0.231,100.77,12.0,2.13,Overheating
2026-08-13 07:03:04.383986,60.57,0.129,102.01,11.96,2.16,Overheating
2026-08-13 07:03:05.383986,60.59,0.264,102.65,12.2,2.25,Overheating
2026-08-13 07:03:06.383986,59.65,0.201,102.17,12.11,2.04,Overheating
2026-08-13 07:03:07.383986,59.91,0.199,100.45,12.19,2.09,Overheating
2026-08-13 07:03:08.383986,63.24,0.135,100.74,12.0,2.22,Overheating
2026-08-13 07:03:09.383986,59.97,0.212,100.17,11.83,2.12,Overheating
2026-08-13 07:03:10.383986,56.48,0.179,101.8,11.85,2.28,Overheating
2026-08-13 07:03:11.383986,61.69,0.137,100.37,11.66,1.99,Overheating
2026-08-13 07:03:12.383986,60.81,0.183,101.76,11.77,2.18,Overheating
2026-08-13 07:03:13.383986,58.2,0.2,101.21,11.81,1.95,Overheating
2026-08-13 07:03:14.383986,61.29,0.216,102.35,12.05,2.1,Overheating
2026-08-13 07:03:15.383986,55.93,0.189,101.27,12.29,2.17,Overheating
2026-08-13 07:03:16.383986,62.49,0.224,100.59,12.02,2.12,Overheating
2026-08-13 07:03:17.383986,57.58,0.185,101.09,12.24,1.84,Overheating
2026-08-13 07:03:18.383986,61.9,0.163,99.93,12.18,2.18,Overheating
2026-08-13 07:03:19.383986,62.03,0.232,103.36,12.08,2.07,Overheating
2026-08-13 07:03:20.383986,60.25,0.25,100.52,11.9,2.05,Overheating
2026-08-13 07:03:21.383986,55.39,0.206,99.41,12.01,2.2,Overheating
2026-08-13 07:03:22.383986,58.68,0.267,99.84,12.18,2.17,Overheating
2026-08-13 07:03:23.383986,56.23,0.308,101.24,11.87,1.92,Overheating
2026-08-13 07:03:24.383986,59.26,0.195,101.4,11.96,2.17,Overheating
2026-08-13 07:03:25.383986,58.96,0.123,101.15,11.64,2.14,Overheating
2026-08-13 07:03:26.383986,57.81,0.207,102.61,11.86,2.22,Overheating
2026-08-13 07:03:27.383986,58.94,0.27,100.93,11.87,2.18,Overheating
2026-08-13 07:03:28.383986,58.97,0.166,100.82,11.99,2.26,Overheating
2026-08-13 07:03:29.383986,56.01,0.201,101.92,12.03,2.25,Overheating
2026-08-13 07:03:30.383986,59.76,0.193,101.89,12.01,2.05,Overheating
2026-08-13 07:03:31.383986,60.98,0.174,100.69,11.92,2.26,Overheating
2026-08-13 07:03:32.383986,53.54,0.216,101.33,11.75,2.14,Overheating
2026-08-13 07:03:33.383986,60.97,0.224,98.65,12.2,2.01,Overheating
2026-08-13 07:03:34.383986,61.42,0.23,100.42,12.1,2.05,Overheating
2026-08-13 07:03:35.383986,55.94,0.247,100.52,11.87,2.05,Overheating
2026-08-13 07:03:36.383986,60.66,0.198,101.85,11.8,2.01,Overheating
2026-08-13 07:03:37.383986,59.92,0.276,101.19,12.16,2.11,Overheating
2026-08-13 07:03:38.383986,59.22,0.19,101.13,12.09,2.27,Overheating
2026-08-13 07:03:39.383986,60.94,0.247,100.34,11.94,2.02,Overheating
2026-08-13 07:03:40.383986,60.89,0.186,102.03,11.86,2.11,Overheating
2026-08-13 07:03:41.383986,61.67,0.117,103.42,11.96,1.86,Overheating
2026-08-13 07:03:42.383986,60.65,0.201,101.22,12.15,2.2,Overheating
2026-08-13 07:03:43.383986,60.96,0.218,101.2,12.27,1.93,Overheating
2026-08-13 07:03:44.383986,60.68,0.203,102.11,11.87,1.9,Overheating
2026-08-13 07:03:45.383986,60.75,0.211,102.79,11.81,2.25,Overheating
2026-08-13 07:03:46.383986,65.2,0.185,100.01,11.94,2.11,Overheating
2026-08-13 07:03:47.383986,61.63,0.176,102.86,11.83,1.9,Overheating
2026-08-13 07:03:48.383986,62.75,0.109,101.1,12.47,2.11,Overheating
2026-08-13 07:03:49.383986,58.33,0.198,101.25,12.02,2.19,Overheating
2026-08-13 07:03:50.383986,58.53,0.268,101.55,12.11,2.04,Overheating
2026-08-13 07:03:51.383986,63.22,0.19,101.58,11.86,1.99,Overheating
2026-08-13 07:03:52.383986,62.06,0.182,100.45,11.9,2.2,Overheating
2026-08-13 07:03:53.383986,59.46,0.195,101.32,11.71,1.94,Overheating
2026-08-13 07:03:54.383986,61.42,0.171,102.36,12.15,2.2,Overheating
2026-08-13 07:03:55.383986,64.42,0.197,101.95,11.91,2.41,Overheating
2026-08-13 07:03:56.383986,64.79,0.2,101.69,12.2,2.1,Overheating
2026-08-13 07:03:57.383986,59.54,0.235,101.38,12.03,2.02,Overheating
2026-08-13 07:03:58.383986,57.45,0.209,102.2,11.97,2.29,Overheating
2026-08-13 07:03:59.383986,59.52,0.158,101.23,11.99,2.21,Overheating
2026-08-13 07:04:00.383986,59.41,0.255,103.27,11.99,2.27,Overheating
2026-08-13 07:04:01.383986,58.88,0.243,102.35,12.13,2.12,Overheating
2026-08-13 07:04:02.383986,55.12,0.174,100.67,11.85,2.14,Overheating
2026-08-13 07:04:03.383986,60.23,0.167,100.24,11.89,2.26,Overheating
2026-08-13 07:04:04.383986,59.78,0.179,100.84,12.05,2.18,Overheating
2026-08-13 07:04:05.383986,55.05,0.241,102.74,11.84,2.01,Overheating
2026-08-13 07:04:06.383986,60.27,0.17,101.52,11.71,1.99,Overheating
2026-08-13 07:04:07.383986,64.28,0.163,102.54,12.05,1.91,Overheating
2026-08-13 07:04:08.383986,62.51,0.195,100.84,12.04,2.18,Overheating
2026-08-13 07:04:09.383986,62.69,0.247,101.71,11.79,2.07,Overheating
2026-08-13 07:04:10.383986,67.2,0.229,103.67,12.21,2.16,Overheating
2026-08-13 07:04:11.383986,61.95,0.199,99.56,12.0,2.27,Overheating
2026-08-13 07:04:12.383986,60.18,0.216,102.15,11.86,2.07,Overheating
2026-08-13 07:04:13.383986,59.38,0.167,100.01,11.86,2.3,Overheating
2026-08-13 07:04:14.383986,59.62,0.205,100.8,12.18,2.29,Overheating
2026-08-13 07:04:15.383986,63.21,0.212,101.07,11.82,2.36,Overheating
2026-08-13 07:04:16.383986,60.0,0.227,102.36,11.92,2.25,Overheating
2026-08-13 07:04:17.383986,63.08,0.269,100.83,11.81,2.07,Overheating
2026-08-13 07:04:18.383986,62.01,0.202,100.91,11.71,2.19,Overheating
2026-08-13 07:04:19.383986,65.57,0.219,101.91,12.09,2.18,Overheating
2026-08-13 07:04:20.383986,63.52,0.216,100.99,11.88,2.1,Overheating
2026-08-13 07:04:21.383986,62.32,0.187,101.61,12.07,2.23,Overheating
2026-08-13 07:04:22.383986,64.3,0.203,99.99,11.95,2.14,Overheating
2026-08-13 07:04:23.383986,58.09,0.256,101.44,12.06,2.3,Overheating
2026-08-13 07:04:24.383986,60.54,0.223,101.19,11.97,2.04,Overheating
2026-08-13 07:04:25.383986,65.17,0.185,102.0,11.72,2.28,Overheating
2026-08-13 07:04:26.383986,63.97,0.204,101.07,12.06,2.41,Overheating
2026-08-13 07:04:27.383986,58.38,0.231,100.39,12.0,2.11,Overheating
2026-08-13 07:04:28.383986,61.08,0.2,100.17,12.15,1.92,Overheating
2026-08-13 07:04:29.383986,63.05,0.187,100.13,12.03,1.95,Overheating
2026-08-13 07:04:30.383986,62.09,0.143,101.76,11.86,2.09,Overheating
2026-08-13 07:04:31.383986,62.63,0.169,101.24,11.77,2.22,Overheating
2026-08-13 07:04:32.383986,65.61,0.312,101.39,12.12,1.93,Overheating
2026-08-13 07:04:33.383986,65.12,0.231,100.82,12.19,2.11,Overheating
2026-08-13 07:04:34.383986,61.23,0.219,100.24,12.15,2.02,Overheating
2026-08-13 07:04:35.383986,60.08,0.164,102.06,11.91,1.98,Overheating
2026-08-13 07:04:36.383986,61.01,0.199,100.12,11.83,2.4,Overheating
2026-08-13 07:04:37.383986,60.53,0.187,100.93,11.94,2.22,Overheating
2026-08-13 07:04:38.383986,64.19,0.188,100.06,12.19,2.13,Overheating
2026-08-13 07:04:39.383986,65.79,0.11,101.5,12.29,2.1,Overheating
2026-08-13 07:04:40.383986,61.91,0.212,100.74,11.95,2.11,Overheating
2026-08-13 07:04:41.383986,61.14,0.249,101.76,12.04,2.24,Overheating
2026-08-13 07:04:42.383986,61.9,0.169,100.7,12.0,2.02,Overheating
2026-08-13 07:04:43.383986,61.46,0.179,103.42,11.58,2.13,Overheating
2026-08-13 07:04:44.383986,65.95,0.205,102.05,12.01,2.07,Overheating
2026-08-13 07:04:45.383986,58.05,0.208,100.52,11.88,2.09,Overheating
2026-08-13 07:04:46.383986,66.06,0.296,101.52,11.93,2.01,Overheating
2026-08-13 07:04:47.383986,63.54,0.271,101.05,11.64,2.23,Overheating
2026-08-13 07:04:48.383986,64.61,0.137,101.48,12.07,2.14,Overheating
2026-08-13 07:04:49.383986,61.09,0.241,100.9,11.78,1.91,Overheating
2026-08-13 07:04:50.383986,65.23,0.225,101.39,11.93,2.09,Overheating
2026-08-13 07:04:51.383986,60.59,0.183,99.18,11.89,2.12,Overheating
2026-08-13 07:04:52.383986,64.0,0.198,102.09,12.2,2.28,Overheating
2026-08-13 07:04:53.383986,63.76,0.2,100.32,12.11,2.36,Overheating
2026-08-13 07:04:54.383986,63.53,0.277,99.77,11.83,2.26,Overheating
2026-08-13 07:04:55.383986,63.41,0.253,101.28,11.87,2.13,Overheating
2026-08-13 07:04:56.383986,59.85,0.155,102.27,12.13,2.2,Overheating
2026-08-13 07:04:57.383986,59.51,0.186,100.08,12.18,2.09,Overheating
2026-08-13 07:04:58.383986,60.82,0.201,100.66,12.22,2.07,Overheating
2026-08-13 07:04:59.383986,60.23,0.114,101.27,11.92,1.99,Overheating
2026-08-13 07:05:00.383986,65.44,0.227,101.27,12.2,2.24,Overheating
2026-08-13 07:05:01.383986,61.45,0.158,102.12,12.06,2.18,Overheating
2026-08-13 07:05:02.383986,61.44,0.224,100.54,11.98,2.34,Overheating
2026-08-13 07:05:03.383986,61.84,0.137,100.25,12.15,2.19,Overheating
2026-08-13 07:05:04.383986,62.94,0.18,101.79,11.87,2.2,Overheating
2026-08-13 07:05:05.383986,61.77,0.164,100.66,11.94,2.16,Overheating
2026-08-13 07:05:06.383986,63.74,0.052,100.49,11.94,2.35,Overheating
2026-08-13 07:05:07.383986,61.14,0.207,102.8,11.8,2.21,Overheating
2026-08-13 07:05:08.383986,61.74,0.18,100.5,11.89,2.49,Overheating
2026-08-13 07:05:09.383986,65.06,0.244,101.79,11.76,2.21,Overheating
2026-08-13 07:05:10.383986,65.56,0.166,102.27,12.11,2.39,Overheating
2026-08-13 07:05:11.383986,62.61,0.156,100.94,12.22,1.95,Overheating
2026-08-13 07:05:12.383986,59.34,0.204,100.86,12.0,2.28,Overheating
2026-08-13 07:05:13.383986,62.41,0.125,103.34,11.85,2.04,Overheating
2026-08-13 07:05:14.383986,65.76,0.185,101.24,12.07,2.3,Overheating
2026-08-13 07:05:15.383986,62.92,0.261,99.16,12.11,2.07,Overheating
2026-08-13 07:05:16.383986,66.36,0.206,100.63,12.1,2.28,Overheating
2026-08-13 07:05:17.383986,64.94,0.159,100.82,12.0,2.17,Overheating
2026-08-13 07:05:18.383986,65.19,0.119,101.63,11.96,2.07,Overheating
2026-08-13 07:05:19.383986,62.24,0.191,97.7,11.89,2.07,Overheating
2026-08-13 07:05:20.383986,64.83,0.168,101.08,12.23,2.29,Overheating
2026-08-13 07:05:21.383986,65.6,0.18,101.84,11.96,2.15,Overheating
2026-08-13 07:05:22.383986,64.65,0.176,102.79,11.98,2.25,Overheating
2026-08-13 07:05:23.383986,66.78,0.241,99.89,12.07,2.28,Overheating
2026-08-13 07:05:24.383986,65.68,0.155,100.64,12.15,2.09,Overheating
2026-08-13 07:05:25.383986,63.34,0.263,101.25,11.89,2.07,Overheating
2026-08-13 07:05:26.383986,64.64,0.147,101.05,12.05,2.34,Overheating
2026-08-13 07:05:27.383986,65.34,0.171,102.48,11.96,2.03,Overheating
2026-08-13 07:05:28.383986,63.7,0.258,101.47,12.0,2.38,Overheating
2026-08-13 07:05:29.383986,61.21,0.149,99.68,12.06,2.2,Overheating
2026-08-13 07:05:30.383986,67.2,0.21,100.9,12.0,2.2,Overheating
2026-08-13 07:05:31.383986,60.8,0.308,101.82,12.03,2.26,Overheating
2026-08-13 07:05:32.383986,65.6,0.194,100.67,12.09,2.23,Overheating
2026-08-13 07:05:33.383986,62.6,0.257,101.59,12.11,2.35,Overheating
2026-08-13 07:05:34.383986,64.29,0.213,102.11,11.89,2.19,Overheating
2026-08-13 07:05:35.383986,64.54,0.162,103.62,11.79,2.03,Overheating
2026-08-13 07:05:36.383986,66.95,0.229,100.27,12.09,2.36,Overheating
2026-08-13 07:05:37.383986,64.29,0.304,99.58,12.1,2.33,Overheating
2026-08-13 07:05:38.383986,66.17,0.192,101.01,12.07,2.29,Overheating
2026-08-13 07:05:39.383986,65.63,0.242,100.28,11.97,2.08,Overheating
2026-08-13 07:05:40.383986,63.69,0.241,101.41,12.39,2.21,Overheating
2026-08-13 07:05:41.383986,64.61,0.204,100.66,11.99,2.33,Overheating
2026-08-13 07:05:42.383986,64.76,0.168,100.37,11.93,2.2,Overheating
2026-08-13 07:05:43.383986,66.95,0.146,100.98,12.02,1.97,Overheating
2026-08-13 07:05:44.383986,62.93,0.173,100.5,12.03,2.17,Overheating
2026-08-13 07:05:45.383986,63.52,0.217,103.02,12.25,1.96,Overheating
2026-08-13 07:05:46.383986,65.82,0.193,101.46,11.94,2.21,Overheating
2026-08-13 07:05:47.383986,65.01,0.177,100.4,11.93,2.22,Overheating
2026-08-13 07:05:48.383986,65.94,0.234,100.81,12.04,2.31,Overheating
2026-08-13 07:05:49.383986,67.11,0.198,101.08,12.03,2.06,Overheating
2026-08-13 07:05:50.383986,64.42,0.23,101.94,11.96,2.22,Overheating
2026-08-13 07:05:51.383986,63.2,0.228,101.22,11.96,2.15,Overheating
2026-08-13 07:05:52.383986,64.75,0.182,101.96,11.94,2.39,Overheating
2026-08-13 07:05:53.383986,67.85,0.164,101.37,11.9,2.16,Overheating
2026-08-13 07:05:54.383986,68.95,0.188,101.66,12.08,2.08,Overheating
2026-08-13 07:05:55.383986,63.27,0.152,100.41,11.57,2.27,Overheating
2026-08-13 07:05:56.383986,69.13,0.206,99.88,11.9,2.15,Overheating
2026-08-13 07:05:57.383986,63.02,0.234,102.11,11.83,2.29,Overheating
2026-08-13 07:05:58.383986,68.14,0.276,104.17,11.86,2.54,Overheating
2026-08-13 07:05:59.383986,64.42,0.176,101.63,11.91,2.25,Overheating
2026-08-13 07:06:00.383986,62.52,0.19,102.59,11.99,2.22,Overheating
2026-08-13 07:06:01.383986,66.15,0.247,99.64,12.09,2.17,Overheating
2026-08-13 07:06:02.383986,65.56,0.242,100.11,11.85,1.97,Overheating
2026-08-13 07:06:03.383986,64.17,0.253,101.18,11.8,2.15,Overheating
2026-08-13 07:06:04.383986,62.32,0.155,101.69,11.82,2.34,Overheating
2026-08-13 07:06:05.383986,65.19,0.203,101.02,12.12,2.3,Overheating
2026-08-13 07:06:06.383986,66.04,0.223,101.09,12.08,2.17,Overheating
2026-08-13 07:06:07.383986,65.41,0.189,100.84,11.9,2.26,Overheating
2026-08-13 07:06:08.383986,68.06,0.247,100.04,12.19,2.17,Overheating
2026-08-13 07:06:09.383986,66.68,0.164,101.44,12.05,2.03,Overheating
2026-08-13 07:06:10.383986,66.73,0.254,101.13,12.2,2.19,Overheating
2026-08-13 07:06:11.383986,67.24,0.111,103.72,12.22,2.18,Overheating
2026-08-13 07:06:12.383986,61.64,0.212,99.86,12.07,2.26,Overheating
2026-08-13 07:06:13.383986,63.73,0.245,102.11,12.15,2.21,Overheating
2026-08-13 07:06:14.383986,62.82,0.239,101.03,11.79,2.38,Overheating
2026-08-13 07:06:15.383986,69.88,0.198,103.46,12.01,2.17,Overheating
2026-08-13 07:06:16.383986,64.46,0.265,100.52,12.11,2.15,Overheating
2026-08-13 07:06:17.383986,64.83,0.241,100.92,11.94,2.35,Overheating
2026-08-13 07:06:18.383986,68.98,0.226,100.65,11.92,2.23,Overheating
2026-08-13 07:06:19.383986,66.47,0.16,102.02,12.01,2.01,Overheating
2026-08-13 07:06:20.383986,64.0,0.18,101.23,12.28,2.25,Overheating
2026-08-13 07:06:21.383986,64.21,0.209,100.95,12.05,2.29,Overheating
2026-08-13 07:06:22.383986,68.35,0.199,102.94,12.14,2.13,Overheating
2026-08-13 07:06:23.383986,70.38,0.213,100.46,12.25,2.47,Overheating
2026-08-13 07:06:24.383986,65.93,0.18,101.13,12.11,2.37,Overheating
2026-08-13 07:06:25.383986,67.18,0.204,102.8,11.95,2.34,Overheating
2026-08-13 07:06:26.383986,65.49,0.217,101.19,11.99,2.18,Overheating
2026-08-13 07:06:27.383986,68.79,0.171,100.56,12.32,2.34,Overheating
2026-08-13 07:06:28.383986,61.37,0.177,99.49,11.86,1.85,Overheating
2026-08-13 07:06:29.383986,65.9,0.154,101.36,11.76,2.23,Overheating
2026-08-13 07:06:30.383986,65.38,0.26,102.71,12.12,2.19,Overheating
2026-08-13 07:06:31.383986,70.22,0.138,99.9,11.99,2.5,Overheating
2026-08-13 07:06:32.383986,65.88,0.193,99.86,12.14,2.34,Overheating
2026-08-13 07:06:33.383986,67.89,0.175,100.59,11.81,2.24,Overheating
2026-08-13 07:06:34.383986,64.19,0.153,100.88,11.93,2.16,Overheating
2026-08-13 07:06:35.383986,67.32,0.203,101.01,12.03,2.11,Overheating
2026-08-13 07:06:36.383986,66.63,0.206,99.8,12.15,2.12,Overheating
2026-08-13 07:06:37.383986,66.64,0.247,102.23,12.01,2.19,Overheating
2026-08-13 07:06:38.383986,68.39,0.227,100.68,11.88,1.98,Overheating
2026-08-13 07:06:39.383986,66.83,0.197,102.44,12.05,2.39,Overheating
2026-08-13 07:06:40.383986,65.17,0.246,100.77,12.12,2.06,Overheating
2026-08-13 07:06:41.383986,67.07,0.121,101.03,12.07,2.17,Overheating
2026-08-13 07:06:42.383986,64.53,0.234,101.2,11.93,2.24,Overheating
2026-08-13 07:06:43.383986,71.94,0.246,102.46,12.07,2.25,Overheating
2026-08-13 07:06:44.383986,61.91,0.173,100.82,11.72,2.1,Overheating
2026-08-13 07:06:45.383986,62.77,0.198,102.12,12.17,2.28,Overheating
2026-08-13 07:06:46.383986,64.84,0.123,99.54,11.81,2.13,Overheating
2026-08-13 07:06:47.383986,66.49,0.159,101.64,11.97,2.24,Overheating
2026-08-13 07:06:48.383986,69.12,0.153,101.72,12.0,2.2,Overheating
2026-08-13 07:06:49.383986,68.65,0.235,100.35,11.97,2.27,Overheating
2026-08-13 07:06:50.383986,66.36,0.223,101.58,12.27,2.05,Overheating
2026-08-13 07:06:51.383986,66.7,0.164,101.9,11.76,2.28,Overheating
2026-08-13 07:06:52.383986,65.72,0.171,99.85,11.93,2.37,Overheating
2026-08-13 07:06:53.383986,66.96,0.225,102.96,12.04,2.17,Overheating
2026-08-13 07:06:54.383986,67.98,0.178,100.8,11.77,2.35,Overheating
2026-08-13 07:06:55.383986,66.31,0.207,100.26,12.07,2.15,Overheating
2026-08-13 07:06:56.383986,66.84,0.235,102.09,12.0,2.03,Overheating
2026-08-13 07:06:57.383986,73.14,0.27,102.02,11.89,2.23,Overheating
2026-08-13 07:06:58.383986,66.1,0.251,101.56,11.88,2.19,Overheating
2026-08-13 07:06:59.383986,69.47,0.264,102.83,12.11,2.21,Overheating
2026-08-13 07:07:00.383986,60.78,0.212,101.3,12.02,2.25,Overheating
2026-08-13 07:07:01.383986,64.64,0.222,101.93,12.1,2.36,Overheating
2026-08-13 07:07:02.383986,68.54,0.184,101.23,12.01,2.26,Overheating
2026-08-13 07:07:03.383986,69.36,0.226,103.38,12.33,2.26,Overheating
2026-08-13 07:07:04.383986,59.73,0.249,100.76,11.88,2.2,Overheating
2026-08-13 07:07:05.383986,66.54,0.224,99.74,11.84,2.29,Overheating
2026-08-13 07:07:06.383986,68.72,0.226,100.51,11.85,2.19,Overheating
2026-08-13 07:07:07.383986,67.98,0.259,99.25,11.97,2.09,Overheating
2026-08-13 07:07:08.383986,64.24,0.239,101.84,12.07,2.36,Overheating
2026-08-13 07:07:09.383986,66.62,0.183,103.49,11.96,2.34,Overheating
2026-08-13 07:07:10.383986,67.62,0.126,99.26,11.91,2.38,Overheating
2026-08-13 07:07:11.383986,69.22,0.237,100.31,12.24,2.14,Overheating
2026-08-13 07:07:12.383986,68.11,0.2,101.13,12.2,2.17,Overheating
2026-08-13 07:07:13.383986,65.02,0.201,100.9,12.51,2.34,Overheating
2026-08-13 07:07:14.383986,66.93,0.158,99.42,11.85,2.27,Overheating
2026-08-13 07:07:15.383986,70.64,0.245,101.53,11.95,2.29,Overheating
2026-08-13 07:07:16.383986,66.78,0.269,101.11,11.99,1.99,Overheating
2026-08-13 07:07:17.383986,67.46,0.233,100.23,11.89,2.35,Overheating
2026-08-13 07:07:18.383986,64.94,0.242,100.77,11.94,2.12,Overheating
2026-08-13 07:07:19.383986,68.68,0.298,102.08,11.87,2.39,Overheating
2026-08-13 07:07:20.383986,67.33,0.255,102.11,11.56,2.14,Overheating
2026-08-13 07:07:21.383986,69.88,0.206,100.28,11.9,2.03,Overheating
2026-08-13 07:07:22.383986,67.85,0.288,102.1,12.33,2.37,Overheating
2026-08-13 07:07:23.383986,70.12,0.279,101.68,11.97,2.39,Overheating
2026-08-13 07:07:24.383986,71.01,0.181,100.58,12.02,2.36,Overheating
2026-08-13 07:07:25.383986,69.73,0.143,103.21,11.9,2.23,Overheating
2026-08-13 07:07:26.383986,66.36,0.308,101.54,11.87,2.37,Overheating
2026-08-13 07:07:27.383986,69.74,0.192,102.14,11.88,2.2,Overheating
2026-08-13 07:07:28.383986,64.22,0.147,103.11,12.25,2.27,Overheating
2026-08-13 07:07:29.383986,71.6,0.194,101.06,12.01,2.25,Overheating
2026-08-13 07:07:30.383986,67.88,0.246,101.45,12.11,2.39,Overheating
2026-08-13 07:07:31.383986,69.12,0.161,99.95,12.02,2.25,Overheating
2026-08-13 07:07:32.383986,68.55,0.199,103.88,11.8,2.03,Overheating
2026-08-13 07:07:33.383986,69.08,0.185,101.62,12.09,2.42,Overheating
2026-08-13 07:07:34.383986,65.44,0.178,101.73,12.12,2.53,Overheating
2026-08-13 07:07:35.383986,70.4,0.198,100.41,11.92,2.2,Overheating
2026-08-13 07:07:36.383986,69.83,0.21,99.98,11.93,2.38,Overheating
2026-08-13 07:07:37.383986,69.26,0.223,101.68,12.24,2.3,Overheating
2026-08-13 07:07:38.383986,67.82,0.163,101.55,11.63,2.25,Overheating
2026-08-13 07:07:39.383986,68.21,0.145,100.37,12.12,2.3,Overheating
2026-08-13 07:07:40.383986,68.86,0.212,101.39,12.19,2.29,Overheating
2026-08-13 07:07:41.383986,65.78,0.265,101.67,11.91,2.12,Overheating
2026-08-13 07:07:42.383986,69.52,0.195,102.87,11.95,2.17,Overheating
2026-08-13 07:07:43.383986,70.56,0.237,101.47,12.1,2.27,Overheating
2026-08-13 07:07:44.383986,69.27,0.247,101.93,11.97,2.44,Overheating
2026-08-13 07:07:45.383986,64.11,0.282,99.59,11.91,2.27,Overheating
2026-08-13 07:07:46.383986,68.58,0.24,100.24,12.04,2.21,Overheating
2026-08-13 07:07:47.383986,69.5,0.197,101.39,11.92,2.22,Overheating
2026-08-13 07:07:48.383986,69.51,0.238,100.7,11.87,2.35,Overheating
2026-08-13 07:07:49.383986,68.91,0.233,100.39,11.73,2.22,Overheating
2026-08-13 07:07:50.383986,67.48,0.197,100.66,12.11,2.25,Overheating
2026-08-13 07:07:51.383986,69.35,0.206,101.49,12.0,2.34,Overheating
2026-08-13 07:07:52.383986,67.49,0.256,101.06,11.8,2.3,Overheating
2026-08-13 07:07:53.383986,67.41,0.227,103.51,11.88,2.32,Overheating
2026-08-13 07:07:54.383986,65.64,0.218,100.41,11.91,2.15,Overheating
2026-08-13 07:07:55.383986,70.65,0.24,101.32,11.87,2.47,Overheating
2026-08-13 07:07:56.383986,67.72,0.114,101.76,11.83,2.4,Overheating
2026-08-13 07:07:57.383986,68.49,0.224,102.7,11.82,2.22,Overheating
2026-08-13 07:07:58.383986,69.14,0.262,100.64,11.91,2.34,Overheating
2026-08-13 07:07:59.383986,68.17,0.206,99.75,12.33,2.12,Overheating
2026-08-13 07:08:00.383986,68.72,0.199,103.21,11.8,2.53,Overheating
2026-08-13 07:08:01.383986,70.91,0.217,100.32,12.09,2.2,Overheating
2026-08-13 07:08:02.383986,71.96,0.161,101.19,11.92,2.17,Overheating
2026-08-13 07:08:03.383986,70.95,0.221,102.51,11.73,2.42,Overheating
2026-08-13 07:08:04.383986,74.51,0.182,103.2,11.96,2.13,Overheating
2026-08-13 07:08:05.383986,68.92,0.242,100.46,11.91,2.36,Overheating
2026-08-13 07:08:06.383986,69.58,0.223,101.54,12.07,2.24,Overheating
2026-08-13 07:08:07.383986,70.07,0.163,102.59,11.9,2.43,Overheating
2026-08-13 07:08:08.383986,69.17,0.208,100.81,11.85,2.08,Overheating
2026-08-13 07:08:09.383986,67.56,0.187,101.51,12.15,2.24,Overheating
2026-08-13 07:08:10.383986,67.95,0.142,101.78,12.21,2.45,Overheating
2026-08-13 07:08:11.383986,71.16,0.226,103.0,12.05,2.37,Overheating
2026-08-13 07:08:12.383986,69.14,0.146,100.62,12.0,2.3,Overheating
2026-08-13 07:08:13.383986,73.67,0.203,102.48,11.93,2.26,Overheating
2026-08-13 07:08:14.383986,67.19,0.17,101.83,12.0,2.41,Overheating
2026-08-13 07:08:15.383986,70.25,0.186,103.45,11.99,2.44,Overheating
2026-08-13 07:08:16.383986,69.12,0.228,102.23,12.03,2.02,Overheating
2026-08-13 07:08:17.383986,69.99,0.249,101.83,12.07,2.09,Overheating
2026-08-13 07:08:18.383986,68.55,0.216,101.71,12.18,2.28,Overheating
2026-08-13 07:08:19.383986,70.84,0.201,100.31,11.66,2.35,Overheating
2026-08-13 07:08:20.383986,70.41,0.175,99.68,12.09,2.27,Overheating
2026-08-13 07:08:21.383986,71.21,0.275,99.16,11.9,2.28,Overheating
2026-08-13 07:08:22.383986,73.04,0.135,103.24,12.02,2.29,Overheating
2026-08-13 07:08:23.383986,69.77,0.183,102.35,11.84,2.34,Overheating
2026-08-13 07:08:24.383986,69.43,0.17,103.89,12.06,2.38,Overheating
2026-08-13 07:08:25.383986,72.51,0.143,103.05,11.62,2.21,Overheating
2026-08-13 07:08:26.383986,69.35,0.223,101.52,11.97,2.3,Overheating
2026-08-13 07:08:27.383986,68.35,0.14,102.03,12.1,2.5,Overheating
2026-08-13 07:08:28.383986,68.76,0.228,101.02,12.18,2.43,Overheating
2026-08-13 07:08:29.383986,70.8,0.186,102.26,12.1,2.23,Overheating
2026-08-13 07:08:30.383986,67.75,0.188,102.82,12.17,2.17,Overheating
2026-08-13 07:08:31.383986,68.11,0.251,100.16,12.08,2.23,Overheating
2026-08-13 07:08:32.383986,73.71,0.169,102.44,12.03,2.34,Overheating
2026-08-13 07:08:33.383986,66.57,0.112,101.08,12.04,2.18,Overheating
2026-08-13 07:08:34.383986,68.37,0.222,101.86,11.98,2.4,Overheating
2026-08-13 07:08:35.383986,68.24,0.186,102.95,12.01,2.33,Overheating
2026-08-13 07:08:36.383986,75.23,0.144,102.1,12.25,2.27,Overheating
2026-08-13 07:08:37.383986,72.37,0.161,100.61,12.06,2.41,Overheating
2026-08-13 07:08:38.383986,72.93,0.263,101.23,12.18,2.27,Overheating
2026-08-13 07:08:39.383986,72.53,0.208,101.75,12.06,2.12,Overheating
2026-08-13 07:08:40.383986,68.51,0.204,99.61,12.12,2.42,Overheating
2026-08-13 07:08:41.383986,71.45,0.155,102.68,12.31,2.33,Overheating
2026-08-13 07:08:42.383986,71.85,0.208,101.83,11.98,2.31,Overheating
2026-08-13 07:08:43.383986,72.68,0.294,99.9,11.98,2.18,Overheating
2026-08-13 07:08:44.383986,74.08,0.176,99.86,12.1,2.53,Overheating
2026-08-13 07:08:45.383986,72.26,0.208,101.71,12.21,2.21,Overheating
2026-08-13 07:08:46.383986,70.75,0.182,100.13,11.95,2.45,Overheating
2026-08-13 07:08:47.383986,72.14,0.226,101.45,12.08,2.22,Overheating
2026-08-13 07:08:48.383986,70.42,0.208,101.58,12.05,2.3,Overheating
2026-08-13 07:08:49.383986,70.32,0.326,102.21,12.06,2.29,Overheating
2026-08-13 07:08:50.383986,70.21,0.195,101.59,11.72,2.13,Overheating
2026-08-13 07:08:51.383986,69.87,0.208,101.06,12.22,2.15,Overheating
2026-08-13 07:08:52.383986,69.68,0.261,101.43,12.13,2.57,Overheating
2026-08-13 07:08:53.383986,69.83,0.196,101.03,11.71,2.29,Overheating
2026-08-13 07:08:54.383986,73.01,0.222,101.92,11.94,2.25,Overheating
2026-08-13 07:08:55.383986,73.82,0.18,101.59,12.02,2.5,Overheating
2026-08-13 07:08:56.383986,73.26,0.148,100.11,12.09,2.32,Overheating
2026-08-13 07:08:57.383986,70.44,0.241,101.49,12.01,2.42,Overheating
2026-08-13 07:08:58.383986,70.64,0.263,100.51,12.1,2.5,Overheating
2026-08-13 07:08:59.383986,68.67,0.186,102.44,12.17,2.31,Overheating
2026-08-13 07:09:00.383986,69.99,0.238,102.48,11.83,2.18,Overheating
2026-08-13 07:09:01.383986,71.95,0.225,101.0,12.1,2.24,Overheating
2026-08-13 07:09:02.383986,67.3,0.183,101.36,11.96,2.19,Overheating
2026-08-13 07:09:03.383986,67.93,0.179,102.2,12.19,2.47,Overheating
2026-08-13 07:09:04.383986,69.97,0.154,101.8,12.1,2.38,Overheating
2026-08-13 07:09:05.383986,67.61,0.165,101.27,12.07,2.42,Overheating
2026-08-13 07:09:06.383986,71.96,0.213,101.38,12.1,2.37,Overheating
2026-08-13 07:09:07.383986,71.84,0.189,101.38,12.07,2.37,Overheating
2026-08-13 07:09:08.383986,72.5,0.254,101.57,11.9,2.44,Overheating
2026-08-13 07:09:09.383986,69.04,0.157,101.64,12.08,2.19,Overheating
2026-08-13 07:09:10.383986,71.04,0.176,100.81,12.14,2.42,Overheating
2026-08-13 07:09:11.383986,71.81,0.178,99.95,12.21,2.41,Overheating
2026-08-13 07:09:12.383986,70.47,0.229,101.23,11.96,2.39,Overheating
2026-08-13 07:09:13.383986,70.43,0.186,101.42,11.93,2.42,Overheating
2026-08-13 07:09:14.383986,75.69,0.17,99.63,11.7,2.32,Overheating
2026-08-13 07:09:15.383986,70.66,0.208,101.43,11.76,2.12,Overheating
2026-08-13 07:09:16.383986,72.61,0.205,100.87,11.75,2.4,Overheating
2026-08-13 07:09:17.383986,74.6,0.211,100.45,12.01,2.18,Overheating
2026-08-13 07:09:18.383986,74.21,0.203,99.53,11.95,2.4,Overheating
2026-08-13 07:09:19.383986,71.46,0.189,100.08,12.08,2.26,Overheating
2026-08-13 07:09:20.383986,67.85,0.185,102.28,11.94,2.55,Overheating
2026-08-13 07:09:21.383986,73.05,0.214,101.17,11.99,2.31,Overheating
2026-08-13 07:09:22.383986,71.63,0.221,100.36,11.84,2.21,Overheating
2026-08-13 07:09:23.383986,76.36,0.221,101.6,11.84,2.42,Overheating
2026-08-13 07:09:24.383986,72.07,0.209,100.32,12.02,2.3,Overheating
2026-08-13 07:09:25.383986,70.8,0.229,99.76,12.08,2.43,Overheating
2026-08-13 07:09:26.383986,70.61,0.167,101.08,12.04,2.33,Overheating
2026-08-13 07:09:27.383986,73.27,0.271,100.79,11.74,2.45,Overheating
2026-08-13 07:09:28.383986,75.81,0.216,100.21,11.98,2.21,Overheating
2026-08-13 07:09:29.383986,73.76,0.146,101.0,11.85,2.36,Overheating
2026-08-13 07:09:30.383986,71.78,0.207,101.32,11.85,2.43,Overheating
2026-08-13 07:09:31.383986,72.45,0.16,103.54,12.07,2.33,Overheating
2026-08-13 07:09:32.383986,75.41,0.274,101.15,12.05,2.23,Overheating
2026-08-13 07:09:33.383986,72.32,0.192,101.48,12.05,2.42,Overheating
2026-08-13 07:09:34.383986,73.13,0.152,100.36,11.92,2.32,Overheating
2026-08-13 07:09:35.383986,74.79,0.153,100.94,12.14,2.32,Overheating
2026-08-13 07:09:36.383986,73.64,0.194,101.56,11.97,2.43,Overheating
2026-08-13 07:09:37.383986,69.66,0.185,101.6,12.08,2.53,Overheating
2026-08-13 07:09:38.383986,72.01,0.259,100.64,12.2,2.45,Overheating
2026-08-13 07:09:39.383986,71.0,0.212,101.25,12.09,2.33,Overheating
2026-08-13 07:09:40.383986,72.25,0.255,101.2,12.12,2.33,Overheating
2026-08-13 07:09:41.383986,76.23,0.173,100.69,12.23,2.3,Overheating
2026-08-13 07:09:42.383986,76.13,0.236,101.15,11.73,2.36,Overheating
2026-08-13 07:09:43.383986,73.17,0.247,102.89,11.9,2.46,Overheating
2026-08-13 07:09:44.383986,74.53,0.243,101.8,11.71,2.34,Overheating
2026-08-13 07:09:45.383986,70.72,0.192,102.28,12.05,2.5,Overheating
2026-08-13 07:09:46.383986,73.75,0.148,98.78,12.02,2.34,Overheating
2026-08-13 07:09:47.383986,71.15,0.132,100.57,11.97,2.44,Overheating
2026-08-13 07:09:48.383986,73.52,0.264,100.26,12.13,2.37,Overheating
2026-08-13 07:09:49.383986,74.56,0.183,102.37,12.04,2.28,Overheating
2026-08-13 07:09:50.383986,73.19,0.19,101.79,11.82,2.36,Overheating
2026-08-13 07:09:51.383986,74.04,0.201,102.65,12.12,2.36,Overheating
2026-08-13 07:09:52.383986,73.71,0.212,101.7,11.73,2.33,Overheating
2026-08-13 07:09:53.383986,70.35,0.251,101.24,11.97,2.47,Overheating
2026-08-13 07:09:54.383986,74.19,0.155,101.23,11.95,2.16,Overheating
2026-08-13 07:09:55.383986,72.0,0.193,101.19,11.78,2.51,Overheating
2026-08-13 07:09:56.383986,73.22,0.202,101.7,11.88,2.42,Overheating
2026-08-13 07:09:57.383986,72.72,0.164,101.87,12.22,2.46,Overheating
2026-08-13 07:09:58.383986,75.34,0.179,99.7,12.22,2.62,Overheating
2026-08-13 07:09:59.383986,76.61,0.187,100.15,11.84,2.17,Overheating
2026-08-13 07:10:00.383986,73.35,0.264,101.16,12.05,2.54,Overheating
2026-08-13 07:10:01.383986,72.79,0.281,103.29,11.98,2.3,Overheating
2026-08-13 07:10:02.383986,75.02,0.186,100.14,12.19,2.52,Overheating
2026-08-13 07:10:03.383986,73.98,0.149,100.07,12.02,2.31,Overheating
2026-08-13 07:10:04.383986,73.02,0.241,102.03,12.21,2.26,Overheating
2026-08-13 07:10:05.383986,73.05,0.23,101.75,12.23,2.43,Overheating
2026-08-13 07:10:06.383986,77.47,0.222,102.36,11.95,2.38,Overheating
2026-08-13 07:10:07.383986,75.63,0.265,102.03,11.99,2.54,Overheating
2026-08-13 07:10:08.383986,69.46,0.143,101.98,12.0,2.45,Overheating
2026-08-13 07:10:09.383986,74.0,0.223,100.49,12.09,2.5,Overheating
2026-08-13 07:10:10.383986,76.35,0.281,101.54,12.04,2.2,Overheating
2026-08-13 07:10:11.383986,72.88,0.192,102.35,11.91,2.47,Overheating
2026-08-13 07:10:12.383986,73.98,0.193,101.55,11.94,2.33,Overheating
2026-08-13 07:10:13.383986,70.61,0.19,100.82,11.92,2.43,Overheating
2026-08-13 07:10:14.383986,75.37,0.209,102.3,12.09,2.35,Overheating
2026-08-13 07:10:15.383986,73.16,0.213,101.87,12.21,2.52,Overheating
2026-08-13 07:10:16.383986,73.04,0.196,101.97,12.16,2.5,Overheating
2026-08-13 07:10:17.383986,74.03,0.15,100.3,12.04,2.42,Overheating
2026-08-13 07:10:18.383986,71.99,0.202,101.93,11.83,2.52,Overheating
2026-08-13 07:10:19.383986,73.47,0.25,100.77,11.85,2.33,Overheating
2026-08-13 07:10:20.383986,74.07,0.184,101.08,12.05,2.36,Overheating
2026-08-13 07:10:21.383986,74.16,0.132,101.69,11.99,2.58,Overheating
2026-08-13 07:10:22.383986,72.45,0.128,101.92,12.05,2.27,Overheating
2026-08-13 07:10:23.383986,71.31,0.261,102.71,11.63,2.33,Overheating
2026-08-13 07:10:24.383986,77.73,0.181,100.81,11.96,2.25,Overheating
2026-08-13 07:10:25.383986,71.03,0.242,99.46,12.04,2.5,Overheating
2026-08-13 07:10:26.383986,71.57,0.163,102.51,12.08,2.32,Overheating
2026-08-13 07:10:27.383986,76.91,0.248,101.57,11.86,2.34,Overheating
2026-08-13 07:10:28.383986,75.11,0.192,102.24,11.77,2.21,Overheating
2026-08-13 07:10:29.383986,74.94,0.18,100.67,11.73,2.39,Overheating
2026-08-13 07:10:30.383986,74.5,0.226,101.37,11.98,2.53,Overheating
2026-08-13 07:10:31.383986,72.02,0.221,99.63,11.87,2.25,Overheating
2026-08-13 07:10:32.383986,76.24,0.197,101.29,11.83,2.36,Overheating
2026-08-13 07:10:33.383986,73.19,0.215,100.31,12.2,2.19,Overheating
2026-08-13 07:10:34.383986,73.14,0.267,100.86,11.8,2.42,Overheating
2026-08-13 07:10:35.383986,73.83,0.167,100.2,12.42,2.37,Overheating
2026-08-13 07:10:36.383986,70.97,0.26,101.91,11.89,2.28,Overheating
2026-08-13 07:10:37.383986,76.2,0.19,99.37,12.27,2.35,Overheating
2026-08-13 07:10:38.383986,77.88,0.251,100.3,12.15,2.32,Overheating
2026-08-13 07:10:39.383986,71.19,0.183,101.7,11.93,2.36,Overheating
2026-08-13 07:10:40.383986,77.25,0.204,100.46,12.11,2.42,Overheating
2026-08-13 07:10:41.383986,69.95,0.217,101.69,12.0,2.51,Overheating
2026-08-13 07:10:42.383986,73.69,0.213,99.73,12.06,2.63,Overheating
2026-08-13 07:10:43.383986,73.08,0.17,100.59,12.02,2.27,Overheating
2026-08-13 07:10:44.383986,75.94,0.234,101.83,11.73,2.52,Overheating
2026-08-13 07:10:45.383986,77.01,0.233,101.67,12.03,2.53,Overheating
2026-08-13 07:10:46.383986,79.02,0.162,102.38,11.99,2.39,Overheating
2026-08-13 07:10:47.383986,72.13,0.189,100.3,11.93,2.27,Overheating
2026-08-13 07:10:48.383986,74.34,0.184,101.4,11.76,2.23,Overheating
2026-08-13 07:10:49.383986,76.0,0.168,102.37,12.03,2.48,Overheating
2026-08-13 07:10:50.383986,78.13,0.188,100.73,12.13,2.47,Overheating
2026-08-13 07:10:51.383986,74.97,0.256,101.09,12.0,2.41,Overheating
2026-08-13 07:10:52.383986,73.51,0.203,102.7,12.07,2.41,Overheating
2026-08-13 07:10:53.383986,75.09,0.213,102.05,12.09,2.37,Overheating
2026-08-13 07:10:54.383986,76.1,0.219,100.29,12.03,2.15,Overheating
2026-08-13 07:10:55.383986,76.45,0.226,102.05,11.94,2.45,Overheating
2026-08-13 07:10:56.383986,78.37,0.257,101.27,12.02,2.54,Overheating
2026-08-13 07:10:57.383986,72.55,0.187,102.64,12.15,2.46,Overheating
2026-08-13 07:10:58.383986,72.58,0.198,100.71,12.05,2.31,Overheating
2026-08-13 07:10:59.383986,73.57,0.117,102.52,11.94,2.43,Overheating
2026-08-13 07:11:00.383986,75.66,0.157,100.04,11.85,2.33,Overheating
2026-08-13 07:11:01.383986,76.43,0.168,103.05,12.15,2.51,Overheating
2026-08-13 07:11:02.383986,75.49,0.261,101.08,12.0,2.43,Overheating
2026-08-13 07:11:03.383986,77.17,0.225,100.82,11.92,2.49,Overheating
2026-08-13 07:11:04.383986,77.23,0.184,99.71,11.97,2.49,Overheating
2026-08-13 07:11:05.383986,79.45,0.152,100.87,11.94,2.58,Overheating
2026-08-13 07:11:06.383986,75.8,0.164,101.86,11.94,2.27,Overheating
2026-08-13 07:11:07.383986,74.12,0.269,101.68,12.02,2.39,Overheating
2026-08-13 07:11:08.383986,76.52,0.211,101.59,12.02,2.52,Overheating
2026-08-13 07:11:09.383986,76.02,0.161,100.69,11.7,2.66,Overheating
2026-08-13 07:11:10.383986,77.74,0.167,101.02,11.9,2.61,Overheating
2026-08-13 07:11:11.383986,73.21,0.205,101.19,12.12,2.41,Overheating
2026-08-13 07:11:12.383986,72.56,0.19,100.33,12.01,2.59,Overheating
2026-08-13 07:11:13.383986,72.64,0.168,100.75,11.94,2.51,Overheating
2026-08-13 07:11:14.383986,75.8,0.217,100.67,12.03,2.52,Overheating
2026-08-13 07:11:15.383986,74.72,0.231,101.35,12.16,2.4,Overheating
2026-08-13 07:11:16.383986,76.98,0.198,101.2,12.04,2.49,Overheating
2026-08-13 07:11:17.383986,73.76,0.257,99.44,11.9,2.41,Overheating
2026-08-13 07:11:18.383986,77.11,0.263,99.44,11.92,2.17,Overheating
2026-08-13 07:11:19.383986,76.39,0.211,102.89,12.02,2.55,Overheating
2026-08-13 07:11:20.383986,77.53,0.183,99.89,12.04,2.25,Overheating
2026-08-13 07:11:21.383986,78.99,0.194,102.5,11.93,2.46,Overheating
2026-08-13 07:11:22.383986,76.85,0.198,100.87,12.06,2.32,Overheating
2026-08-13 07:11:23.383986,74.05,0.25,102.03,12.01,2.63,Overheating
2026-08-13 07:11:24.383986,75.96,0.253,101.48,11.85,2.65,Overheating
2026-08-13 07:11:25.383986,78.52,0.195,102.03,11.94,2.53,Overheating
2026-08-13 07:11:26.383986,71.79,0.159,102.28,11.96,2.46,Overheating
2026-08-13 07:11:27.383986,73.91,0.274,102.49,11.97,2.38,Overheating
2026-08-13 07:11:28.383986,78.7,0.279,102.25,12.33,2.32,Overheating
2026-08-13 07:11:29.383986,75.04,0.152,101.74,12.03,2.42,Overheating
2026-08-13 07:11:30.383986,78.33,0.249,99.77,11.91,2.53,Overheating
2026-08-13 07:11:31.383986,75.81,0.168,102.32,11.81,2.4,Overheating
2026-08-13 07:11:32.383986,77.44,0.177,102.08,11.91,2.6,Overheating
2026-08-13 07:11:33.383986,76.56,0.227,102.05,11.91,2.19,Overheating
2026-08-13 07:11:34.383986,77.57,0.203,101.86,11.97,2.39,Overheating
2026-08-13 07:11:35.383986,80.9,0.141,102.03,11.91,2.4,Overheating
2026-08-13 07:11:36.383986,76.29,0.168,101.87,12.21,2.49,Overheating
2026-08-13 07:11:37.383986,77.16,0.161,101.82,12.32,2.39,Overheating
2026-08-13 07:11:38.383986,76.24,0.178,100.81,11.59,2.49,Overheating
2026-08-13 07:11:39.383986,75.33,0.136,102.05,11.84,2.4,Overheating
2026-08-13 07:11:40.383986,79.99,0.144,99.77,12.04,2.58,Overheating
2026-08-13 07:11:41.383986,73.95,0.216,101.88,11.69,2.54,Overheating
2026-08-13 07:11:42.383986,78.88,0.188,102.55,12.17,2.45,Overheating
2026-08-13 07:11:43.383986,76.26,0.161,101.26,12.09,2.4,Overheating
2026-08-13 07:11:44.383986,72.8,0.251,101.49,11.94,2.55,Overheating
2026-08-13 07:11:45.383986,80.28,0.088,101.73,11.79,2.5,Overheating
2026-08-13 07:11:46.383986,77.53,0.225,100.8,11.72,2.39,Overheating
2026-08-13 07:11:47.383986,78.12,0.241,100.13,12.15,2.37,Overheating
2026-08-13 07:11:48.383986,78.06,0.18,101.48,12.13,2.3,Overheating
2026-08-13 07:11:49.383986,76.02,0.207,103.7,11.87,2.69,Overheating
2026-08-13 07:11:50.383986,81.42,0.196,101.0,11.9,2.44,Overheating
2026-08-13 07:11:51.383986,74.63,0.197,102.8,11.91,2.42,Overheating
2026-08-13 07:11:52.383986,74.08,0.215,101.56,12.01,2.42,Overheating
2026-08-13 07:11:53.383986,76.93,0.22,101.27,12.05,2.48,Overheating
2026-08-13 07:11:54.383986,79.8,0.227,101.49,12.23,2.5,Overheating
2026-08-13 07:11:55.383986,80.19,0.224,99.46,12.2,2.47,Overheating
2026-08-13 07:11:56.383986,77.52,0.211,100.96,12.03,2.38,Overheating
2026-08-13 07:11:57.383986,80.2,0.195,100.92,11.86,2.49,Overheating
2026-08-13 07:11:58.383986,78.06,0.216,100.27,11.76,2.53,Overheating
2026-08-13 07:11:59.383986,80.69,0.159,102.89,12.04,2.45,Overheating
2026-08-13 07:12:00.383986,76.96,0.145,102.29,11.88,2.36,Overheating
2026-08-13 07:12:01.383986,79.78,0.125,99.78,12.0,2.49,Overheating
2026-08-13 07:12:02.383986,78.8,0.188,103.83,11.97,2.43,Overheating
2026-08-13 07:12:03.383986,76.27,0.205,101.91,12.18,2.28,Overheating
2026-08-13 07:12:04.383986,77.41,0.218,101.89,12.0,2.52,Overheating
2026-08-13 07:12:05.383986,76.32,0.262,102.29,11.8,2.33,Overheating
2026-08-13 07:12:06.383986,75.88,0.227,100.02,11.95,2.51,Overheating
2026-08-13 07:12:07.383986,77.87,0.21,100.23,12.09,2.39,Overheating
2026-08-13 07:12:08.383986,77.39,0.21,101.4,12.0,2.37,Overheating
2026-08-13 07:12:09.383986,77.48,0.2,99.92,11.93,2.51,Overheating
2026-08-13 07:12:10.383986,75.56,0.246,102.57,11.81,2.63,Overheating
2026-08-13 07:12:11.383986,77.86,0.217,100.8,12.14,2.51,Overheating
2026-08-13 07:12:12.383986,76.55,0.153,99.84,12.03,2.53,Overheating
2026-08-13 07:12:13.383986,79.52,0.195,100.14,11.9,2.6,Overheating
2026-08-13 07:12:14.383986,77.28,0.206,100.22,12.05,2.41,Overheating
2026-08-13 07:12:15.383986,80.38,0.231,100.8,11.98,2.4,Overheating
2026-08-13 07:12:16.383986,75.48,0.166,101.5,12.05,2.48,Overheating
2026-08-13 07:12:17.383986,77.75,0.237,101.36,12.11,2.25,Overheating
2026-08-13 07:12:18.383986,70.55,0.211,99.88,11.97,2.43,Overheating
2026-08-13 07:12:19.383986,81.6,0.216,101.47,12.13,2.51,Overheating
2026-08-13 07:12:20.383986,77.54,0.243,100.19,12.05,2.28,Overheating
2026-08-13 07:12:21.383986,78.9,0.208,102.98,11.77,2.4,Overheating
2026-08-13 07:12:22.383986,80.18,0.213,101.48,11.86,2.4,Overheating
2026-08-13 07:12:23.383986,81.06,0.198,101.68,11.98,2.33,Overheating
2026-08-13 07:12:24.383986,80.47,0.22,103.61,11.85,2.57,Overheating
2026-08-13 07:12:25.383986,76.01,0.206,102.28,11.69,2.45,Overheating
2026-08-13 07:12:26.383986,77.54,0.172,101.69,12.17,2.46,Overheating
2026-08-13 07:12:27.383986,79.12,0.205,101.3,11.84,2.61,Overheating
2026-08-13 07:12:28.383986,79.33,0.216,100.49,11.93,2.45,Overheating
2026-08-13 07:12:29.383986,75.71,0.132,100.7,12.08,2.4,Overheating
2026-08-13 07:12:30.383986,76.77,0.167,100.84,11.95,2.74,Overheating
2026-08-13 07:12:31.383986,80.95,0.241,102.47,11.85,2.33,Overheating
2026-08-13 07:12:32.383986,76.67,0.253,100.75,11.81,2.43,Overheating
2026-08-13 07:12:33.383986,78.44,0.211,101.55,11.88,2.56,Overheating
2026-08-13 07:12:34.383986,77.67,0.194,101.99,11.9,2.41,Overheating
2026-08-13 07:12:35.383986,80.17,0.166,100.92,12.08,2.73,Overheating
2026-08-13 07:12:36.383986,80.23,0.219,101.83,11.84,2.49,Overheating
2026-08-13 07:12:37.383986,79.0,0.213,101.42,12.06,2.44,Overheating
2026-08-13 07:12:38.383986,79.21,0.151,100.98,12.21,2.52,Overheating
2026-08-13 07:12:39.383986,79.08,0.276,99.94,11.83,2.69,Overheating
2026-08-13 07:12:40.383986,79.25,0.19,100.1,12.07,2.55,Overheating
2026-08-13 07:12:41.383986,77.01,0.194,100.96,12.04,2.35,Overheating
2026-08-13 07:12:42.383986,81.73,0.237,100.94,11.97,2.47,Overheating
2026-08-13 07:12:43.383986,77.71,0.182,101.03,12.24,2.6,Overheating
2026-08-13 07:12:44.383986,81.17,0.215,100.18,11.99,2.6,Overheating
2026-08-13 07:12:45.383986,76.82,0.225,103.62,12.16,2.66,Overheating
2026-08-13 07:12:46.383986,79.81,0.239,100.58,12.12,2.57,Overheating
2026-08-13 07:12:47.383986,79.98,0.253,100.76,11.97,2.5,Overheating
2026-08-13 07:12:48.383986,77.38,0.209,99.58,12.16,2.49,Overheating
2026-08-13 07:12:49.383986,78.43,0.167,101.07,12.1,2.56,Overheating
2026-08-13 07:12:50.383986,78.1,0.166,101.96,11.89,2.5,Overheating
2026-08-13 07:12:51.383986,79.79,0.212,102.16,11.81,2.26,Overheating
2026-08-13 07:12:52.383986,78.45,0.272,103.32,12.27,2.47,Overheating
2026-08-13 07:12:53.383986,76.05,0.106,100.69,11.97,2.65,Overheating
2026-08-13 07:12:54.383986,81.39,0.209,100.41,11.86,2.52,Overheating
2026-08-13 07:12:55.383986,81.08,0.216,100.27,12.1,2.54,Overheating
2026-08-13 07:12:56.383986,77.58,0.169,101.99,11.96,2.69,Overheating
2026-08-13 07:12:57.383986,80.76,0.181,101.29,12.01,2.41,Overheating
2026-08-13 07:12:58.383986,77.96,0.228,102.15,12.09,2.68,Overheating
2026-08-13 07:12:59.383986,78.74,0.267,100.4,11.85,2.29,Overheating
2026-08-13 07:13:00.383986,78.97,0.18,101.83,12.04,2.35,Overheating
2026-08-13 07:13:01.383986,79.11,0.185,99.52,11.85,2.41,Overheating
2026-08-13 07:13:02.383986,82.8,0.208,101.96,11.78,2.64,Overheating
2026-08-13 07:13:03.383986,82.57,0.12,100.59,12.07,2.58,Overheating
2026-08-13 07:13:04.383986,43.64,0.176,100.7,12.02,1.94,High Vibration
2026-08-13 07:13:05.383986,43.46,0.282,100.52,11.87,1.9,High Vibration
2026-08-13 07:13:06.383986,46.84,0.271,99.98,11.93,1.9,High Vibration
2026-08-13 07:13:07.383986,45.08,0.119,101.76,11.89,2.02,High Vibration
2026-08-13 07:13:08.383986,48.09,0.254,102.66,12.01,1.89,High Vibration
2026-08-13 07:13:09.383986,47.96,0.227,101.04,11.74,1.79,High Vibration
2026-08-13 07:13:10.383986,46.65,0.285,101.8,11.92,1.56,High Vibration
2026-08-13 07:13:11.383986,44.01,0.186,100.99,12.09,2.04,High Vibration
2026-08-13 07:13:12.383986,45.25,0.195,101.04,12.02,1.7,High Vibration
2026-08-13 07:13:13.383986,45.24,0.25,101.51,12.07,1.85,High Vibration
2026-08-13 07:13:14.383986,41.46,0.266,100.63,11.84,1.67,High Vibration
2026-08-13 07:13:15.383986,45.87,0.199,99.62,12.07,1.63,High Vibration
2026-08-13 07:13:16.383986,45.28,0.237,102.19,12.27,1.64,High Vibration
2026-08-13 07:13:17.383986,44.9,0.197,101.73,12.03,1.76,High Vibration
2026-08-13 07:13:18.383986,44.12,0.132,102.29,12.07,1.91,High Vibration
2026-08-13 07:13:19.383986,44.38,0.17,100.22,12.05,1.68,High Vibration
2026-08-13 07:13:20.383986,48.7,0.119,101.57,12.24,1.87,High Vibration
2026-08-13 07:13:21.383986,45.35,0.148,99.92,12.12,1.98,High Vibration
2026-08-13 07:13:22.383986,44.12,0.136,98.84,11.85,1.79,High Vibration
2026-08-13 07:13:23.383986,48.2,0.282,101.61,11.94,1.73,High Vibration
2026-08-13 07:13:24.383986,47.81,0.246,99.2,11.9,1.7,High Vibration
2026-08-13 07:13:25.383986,43.91,0.277,101.19,11.99,1.96,High Vibration
2026-08-13 07:13:26.383986,43.61,0.382,100.63,12.01,1.77,High Vibration
2026-08-13 07:13:27.383986,45.25,0.27,101.73,11.89,1.67,High Vibration
2026-08-13 07:13:28.383986,50.01,0.197,102.0,11.76,1.77,High Vibration
2026-08-13 07:13:29.383986,44.75,0.275,98.58,12.02,1.66,High Vibration
2026-08-13 07:13:30.383986,45.65,0.156,100.44,11.96,1.67,High Vibration
2026-08-13 07:13:31.383986,44.05,0.145,99.47,12.15,1.64,High Vibration
2026-08-13 07:13:32.383986,44.64,0.302,100.69,11.88,1.83,High Vibration
2026-08-13 07:13:33.383986,47.24,0.15,101.15,11.74,1.75,High Vibration
2026-08-13 07:13:34.383986,45.07,0.177,100.84,11.79,1.81,High Vibration
2026-08-13 07:13:35.383986,47.11,0.159,100.68,12.08,1.95,High Vibration
2026-08-13 07:13:36.383986,42.01,0.234,101.58,11.98,1.5,High Vibration
2026-08-13 07:13:37.383986,46.0,0.371,101.42,11.85,1.74,High Vibration
2026-08-13 07:13:38.383986,48.54,0.324,101.94,12.05,1.72,High Vibration
2026-08-13 07:13:39.383986,44.6,0.246,101.85,12.23,1.93,High Vibration
2026-08-13 07:13:40.383986,42.16,0.272,102.04,12.09,1.72,High Vibration
2026-08-13 07:13:41.383986,50.83,0.153,100.22,12.04,2.05,High Vibration
2026-08-13 07:13:42.383986,43.33,0.236,102.38,12.0,1.76,High Vibration
2026-08-13 07:13:43.383986,46.13,0.28,102.33,12.19,1.84,High Vibration
2026-08-13 07:13:44.383986,45.58,0.277,101.79,12.01,1.8,High Vibration
2026-08-13 07:13:45.383986,47.39,0.383,99.79,12.0,1.72,High Vibration
2026-08-13 07:13:46.383986,44.38,0.295,101.97,11.98,1.57,High Vibration
2026-08-13 07:13:47.383986,43.07,0.336,98.56,12.18,1.86,High Vibration
2026-08-13 07:13:48.383986,47.63,0.25,99.24,12.06,1.95,High Vibration
2026-08-13 07:13:49.383986,46.85,0.214,101.39,11.92,1.7,High Vibration
2026-08-13 07:13:50.383986,46.91,0.173,100.41,11.83,1.62,High Vibration
2026-08-13 07:13:51.383986,45.29,0.363,101.12,11.77,1.9,High Vibration
2026-08-13 07:13:52.383986,48.37,0.22,100.82,12.08,1.99,High Vibration
2026-08-13 07:13:53.383986,43.96,0.167,101.93,12.12,1.8,High Vibration
2026-08-13 07:13:54.383986,43.88,0.355,101.83,11.88,1.81,High Vibration
2026-08-13 07:13:55.383986,42.3,0.331,101.04,11.93,1.8,High Vibration
2026-08-13 07:13:56.383986,45.08,0.35,101.89,11.98,1.89,High Vibration
2026-08-13 07:13:57.383986,45.8,0.245,101.18,11.98,1.86,High Vibration
2026-08-13 07:13:58.383986,44.27,0.25,103.27,12.14,1.71,High Vibration
2026-08-13 07:13:59.383986,46.14,0.292,101.69,12.02,1.94,High Vibration
2026-08-13 07:14:00.383986,45.69,0.279,102.34,12.03,1.81,High Vibration
2026-08-13 07:14:01.383986,45.63,0.278,101.31,11.91,1.71,High Vibration
2026-08-13 07:14:02.383986,43.0,0.176,100.42,11.97,1.81,High Vibration
2026-08-13 07:14:03.383986,44.46,0.1,102.87,12.16,1.85,High Vibration
2026-08-13 07:14:04.383986,48.81,0.212,103.19,11.86,1.83,High Vibration
2026-08-13 07:14:05.383986,42.45,0.293,101.69,11.98,1.89,High Vibration
2026-08-13 07:14:06.383986,45.2,0.251,100.73,12.12,1.72,High Vibration
2026-08-13 07:14:07.383986,46.83,0.392,99.63,12.17,2.05,High Vibration
2026-08-13 07:14:08.383986,45.5,0.344,102.34,11.96,1.82,High Vibration
2026-08-13 07:14:09.383986,42.37,0.309,101.8,12.08,1.93,High Vibration
2026-08-13 07:14:10.383986,43.45,0.256,103.2,11.98,1.82,High Vibration
2026-08-13 07:14:11.383986,44.87,0.235,102.92,11.92,1.66,High Vibration
2026-08-13 07:14:12.383986,44.1,0.142,100.65,11.85,1.87,High Vibration
2026-08-13 07:14:13.383986,43.65,0.375,102.7,12.12,1.77,High Vibration
2026-08-13 07:14:14.383986,45.28,0.183,101.17,11.87,1.88,High Vibration
2026-08-13 07:14:15.383986,50.15,0.346,99.31,11.95,1.81,High Vibration
2026-08-13 07:14:16.383986,45.17,0.25,101.55,11.81,1.69,High Vibration
2026-08-13 07:14:17.383986,46.29,0.228,101.84,11.79,2.01,High Vibration
2026-08-13 07:14:18.383986,43.45,0.293,101.63,11.92,1.82,High Vibration
2026-08-13 07:14:19.383986,46.15,0.389,102.09,11.97,1.78,High Vibration
2026-08-13 07:14:20.383986,49.7,0.39,100.38,12.01,1.76,High Vibration
2026-08-13 07:14:21.383986,44.73,0.217,100.89,12.27,1.87,High Vibration
2026-08-13 07:14:22.383986,40.02,0.414,102.39,11.95,1.89,High Vibration
2026-08-13 07:14:23.383986,43.28,0.281,102.8,11.96,1.58,High Vibration
2026-08-13 07:14:24.383986,44.87,0.314,102.5,12.0,1.75,High Vibration
2026-08-13 07:14:25.383986,47.09,0.331,100.55,12.17,1.82,High Vibration
2026-08-13 07:14:26.383986,45.01,0.337,100.23,11.92,1.8,High Vibration
2026-08-13 07:14:27.383986,44.61,0.426,101.52,12.13,1.8,High Vibration
2026-08-13 07:14:28.383986,47.11,0.358,101.31,12.0,1.69,High Vibration
2026-08-13 07:14:29.383986,46.01,0.324,100.8,12.17,1.65,High Vibration
2026-08-13 07:14:30.383986,44.16,0.411,101.62,11.99,1.83,High Vibration
2026-08-13 07:14:31.383986,45.36,0.209,100.95,12.24,1.72,High Vibration
2026-08-13 07:14:32.383986,44.36,0.289,101.21,11.91,1.86,High Vibration
2026-08-13 07:14:33.383986,45.39,0.395,100.25,11.95,1.77,High Vibration
2026-08-13 07:14:34.383986,45.91,0.272,102.22,12.18,1.68,High Vibration
2026-08-13 07:14:35.383986,44.02,0.294,103.93,11.94,2.0,High Vibration
2026-08-13 07:14:36.383986,42.47,0.259,100.61,11.87,1.77,High Vibration
2026-08-13 07:14:37.383986,43.58,0.274,102.46,12.18,1.91,High Vibration
2026-08-13 07:14:38.383986,46.05,0.348,100.8,11.86,1.84,High Vibration
2026-08-13 07:14:39.383986,42.65,0.263,102.45,12.29,1.85,High Vibration
2026-08-13 07:14:40.383986,47.21,0.324,99.96,12.09,1.87,High Vibration
2026-08-13 07:14:41.383986,45.14,0.326,102.26,11.85,1.71,High Vibration
2026-08-13 07:14:42.383986,42.98,0.354,100.21,11.9,1.72,High Vibration
2026-08-13 07:14:43.383986,44.48,0.23,101.39,12.19,1.82,High Vibration
2026-08-13 07:14:44.383986,48.08,0.457,102.08,12.01,1.8,High Vibration
2026-08-13 07:14:45.383986,46.53,0.32,99.42,12.07,1.66,High Vibration
2026-08-13 07:14:46.383986,43.08,0.353,101.2,11.79,1.82,High Vibration
2026-08-13 07:14:47.383986,46.93,0.264,102.57,11.77,2.05,High Vibration
2026-08-13 07:14:48.383986,44.18,0.368,99.41,11.99,1.83,High Vibration
2026-08-13 07:14:49.383986,44.83,0.312,100.35,12.17,1.8,High Vibration
2026-08-13 07:14:50.383986,48.08,0.317,100.87,12.12,1.61,High Vibration
2026-08-13 07:14:51.383986,42.57,0.448,100.13,11.73,2.02,High Vibration
2026-08-13 07:14:52.383986,42.21,0.377,101.37,11.58,1.77,High Vibration
2026-08-13 07:14:53.383986,45.9,0.392,102.2,11.94,1.89,High Vibration
2026-08-13 07:14:54.383986,43.62,0.252,100.0,11.78,1.92,High Vibration
2026-08-13 07:14:55.383986,41.97,0.388,101.03,11.98,1.96,High Vibration
2026-08-13 07:14:56.383986,44.12,0.417,101.34,11.98,2.08,High Vibration
2026-08-13 07:14:57.383986,42.12,0.473,101.96,11.93,2.0,High Vibration
2026-08-13 07:14:58.383986,41.3,0.329,100.09,12.06,1.67,High Vibration
2026-08-13 07:14:59.383986,45.87,0.358,100.82,12.06,1.77,High Vibration
2026-08-13 07:15:00.383986,42.82,0.598,100.81,11.67,1.7,High Vibration
2026-08-13 07:15:01.383986,42.47,0.442,101.62,12.06,1.76,High Vibration
2026-08-13 07:15:02.383986,44.44,0.347,101.22,12.13,1.84,High Vibration
2026-08-13 07:15:03.383986,46.0,0.418,102.18,12.04,1.84,High Vibration
2026-08-13 07:15:04.383986,47.38,0.327,100.44,11.82,1.82,High Vibration
2026-08-13 07:15:05.383986,41.29,0.418,101.19,12.17,1.72,High Vibration
2026-08-13 07:15:06.383986,44.59,0.473,102.68,11.9,1.82,High Vibration
2026-08-13 07:15:07.383986,45.59,0.414,101.04,12.19,1.57,High Vibration
2026-08-13 07:15:08.383986,44.16,0.422,101.76,12.2,1.94,High Vibration
2026-08-13 07:15:09.383986,44.43,0.491,100.59,12.14,2.02,High Vibration
2026-08-13 07:15:10.383986,47.43,0.397,100.97,11.77,1.84,High Vibration
2026-08-13 07:15:11.383986,42.77,0.327,100.11,11.93,1.8,High Vibration
2026-08-13 07:15:12.383986,45.55,0.344,102.37,11.97,1.71,High Vibration
2026-08-13 07:15:13.383986,45.45,0.551,101.64,11.95,1.62,High Vibration
2026-08-13 07:15:14.383986,44.56,0.414,100.91,11.75,1.7,High Vibration
2026-08-13 07:15:15.383986,47.91,0.511,100.41,12.1,1.66,High Vibration
2026-08-13 07:15:16.383986,47.81,0.418,102.25,11.74,1.88,High Vibration
2026-08-13 07:15:17.383986,44.98,0.468,102.21,12.01,1.73,High Vibration
2026-08-13 07:15:18.383986,46.56,0.396,100.43,11.86,1.62,High Vibration
2026-08-13 07:15:19.383986,43.98,0.491,101.48,11.92,1.9,High Vibration
2026-08-13 07:15:20.383986,43.34,0.412,101.12,12.12,1.61,High Vibration
2026-08-13 07:15:21.383986,43.3,0.274,101.04,12.18,1.74,High Vibration
2026-08-13 07:15:22.383986,43.98,0.477,102.37,11.99,1.88,High Vibration
2026-08-13 07:15:23.383986,42.85,0.519,103.45,12.08,1.55,High Vibration
2026-08-13 07:15:24.383986,43.88,0.459,100.88,12.19,1.87,High Vibration
2026-08-13 07:15:25.383986,43.59,0.414,100.41,11.97,1.73,High Vibration
2026-08-13 07:15:26.383986,47.35,0.582,99.87,11.71,1.77,High Vibration
2026-08-13 07:15:27.383986,41.96,0.418,102.05,12.22,1.82,High Vibration
2026-08-13 07:15:28.383986,44.61,0.258,101.33,12.01,1.88,High Vibration
2026-08-13 07:15:29.383986,43.58,0.383,99.82,11.66,1.67,High Vibration
2026-08-13 07:15:30.383986,41.86,0.446,100.78,11.92,1.68,High Vibration
2026-08-13 07:15:31.383986,38.53,0.541,100.3,11.94,1.63,High Vibration
2026-08-13 07:15:32.383986,46.94,0.433,100.47,11.94,2.0,High Vibration
2026-08-13 07:15:33.383986,44.85,0.409,100.36,11.72,1.78,High Vibration
2026-08-13 07:15:34.383986,45.65,0.513,99.05,11.83,1.73,High Vibration
2026-08-13 07:15:35.383986,44.99,0.415,101.18,12.06,1.69,High Vibration
2026-08-13 07:15:36.383986,46.87,0.463,100.98,12.24,1.99,High Vibration
2026-08-13 07:15:37.383986,46.87,0.188,102.88,12.12,2.04,High Vibration
2026-08-13 07:15:38.383986,47.47,0.557,102.18,12.2,2.04,High Vibration
2026-08-13 07:15:39.383986,45.43,0.307,100.99,12.06,1.81,High Vibration
2026-08-13 07:15:40.383986,42.51,0.304,100.56,12.12,1.99,High Vibration
2026-08-13 07:15:41.383986,46.83,0.52,101.22,11.74,1.75,High Vibration
2026-08-13 07:15:42.383986,44.48,0.397,101.35,12.07,1.9,High Vibration
2026-08-13 07:15:43.383986,44.44,0.286,100.82,12.01,1.95,High Vibration
2026-08-13 07:15:44.383986,43.86,0.481,101.59,12.01,1.91,High Vibration
2026-08-13 07:15:45.383986,43.68,0.395,101.29,11.9,1.86,High Vibration
2026-08-13 07:15:46.383986,43.57,0.461,101.2,12.03,1.74,High Vibration
2026-08-13 07:15:47.383986,44.32,0.452,101.5,12.0,2.0,High Vibration
2026-08-13 07:15:48.383986,43.02,0.441,99.73,12.06,1.67,High Vibration
2026-08-13 07:15:49.383986,44.44,0.418,101.58,11.92,1.73,High Vibration
2026-08-13 07:15:50.383986,47.87,0.472,100.74,11.96,2.0,High Vibration
2026-08-13 07:15:51.383986,44.53,0.395,100.62,11.92,1.73,High Vibration
2026-08-13 07:15:52.383986,42.44,0.362,100.47,12.09,1.75,High Vibration
2026-08-13 07:15:53.383986,44.59,0.555,102.6,11.96,1.72,High Vibration
2026-08-13 07:15:54.383986,43.27,0.51,101.1,11.94,1.7,High Vibration
2026-08-13 07:15:55.383986,43.46,0.482,99.98,12.15,1.74,High Vibration
2026-08-13 07:15:56.383986,44.7,0.351,101.29,11.95,1.79,High Vibration
2026-08-13 07:15:57.383986,47.94,0.474,100.51,11.89,1.87,High Vibration
2026-08-13 07:15:58.383986,47.6,0.484,101.99,12.09,1.97,High Vibration
2026-08-13 07:15:59.383986,41.1,0.516,102.28,11.8,1.69,High Vibration
2026-08-13 07:16:00.383986,43.3,0.406,100.82,12.04,1.9,High Vibration
2026-08-13 07:16:01.383986,47.16,0.398,100.46,12.2,1.88,High Vibration
2026-08-13 07:16:02.383986,45.17,0.505,101.27,12.08,1.76,High Vibration
2026-08-13 07:16:03.383986,45.54,0.348,100.61,11.9,1.76,High Vibration
2026-08-13 07:16:04.383986,43.15,0.427,99.79,12.08,1.79,High Vibration
2026-08-13 07:16:05.383986,41.59,0.405,101.64,11.92,1.72,High Vibration
2026-08-13 07:16:06.383986,44.85,0.5,99.86,12.08,1.7,High Vibration
2026-08-13 07:16:07.383986,44.96,0.472,100.77,11.85,1.77,High Vibration
2026-08-13 07:16:08.383986,48.25,0.367,102.99,11.96,1.8,High Vibration
2026-08-13 07:16:09.383986,42.83,0.416,100.8,11.84,1.77,High Vibration
2026-08-13 07:16:10.383986,44.19,0.627,100.13,12.02,1.83,High Vibration
2026-08-13 07:16:11.383986,42.86,0.535,100.9,11.63,1.88,High Vibration
2026-08-13 07:16:12.383986,42.77,0.398,101.99,11.95,1.91,High Vibration
2026-08-13 07:16:13.383986,47.42,0.432,102.09,11.89,2.07,High Vibration
2026-08-13 07:16:14.383986,43.61,0.567,102.14,12.05,1.72,High Vibration
2026-08-13 07:16:15.383986,44.7,0.314,101.52,12.05,1.82,High Vibration
2026-08-13 07:16:16.383986,39.05,0.387,100.55,12.04,1.83,High Vibration
2026-08-13 07:16:17.383986,44.66,0.54,100.27,12.09,1.86,High Vibration
2026-08-13 07:16:18.383986,45.76,0.476,103.13,12.07,1.68,High Vibration
2026-08-13 07:16:19.383986,45.5,0.553,100.71,12.16,1.85,High Vibration
2026-08-13 07:16:20.383986,40.32,0.518,100.89,12.08,1.91,High Vibration
2026-08-13 07:16:21.383986,45.39,0.629,101.12,12.09,1.9,High Vibration
2026-08-13 07:16:22.383986,44.81,0.559,100.71,11.94,1.64,High Vibration
2026-08-13 07:16:23.383986,45.48,0.525,102.48,12.12,1.77,High Vibration
2026-08-13 07:16:24.383986,42.64,0.535,102.41,12.11,1.93,High Vibration
2026-08-13 07:16:25.383986,44.58,0.464,100.56,11.99,1.79,High Vibration
2026-08-13 07:16:26.383986,45.41,0.493,101.17,11.88,1.91,High Vibration
2026-08-13 07:16:27.383986,45.15,0.491,100.55,11.8,1.96,High Vibration
2026-08-13 07:16:28.383986,46.11,0.376,102.06,12.14,1.81,High Vibration
2026-08-13 07:16:29.383986,48.2,0.525,99.88,12.05,1.83,High Vibration
2026-08-13 07:16:30.383986,43.79,0.555,99.63,12.15,1.69,High Vibration
2026-08-13 07:16:31.383986,43.03,0.501,101.73,12.02,1.71,High Vibration
2026-08-13 07:16:32.383986,43.99,0.421,101.08,12.16,1.8,High Vibration
2026-08-13 07:16:33.383986,46.72,0.63,100.71,11.97,2.06,High Vibration
2026-08-13 07:16:34.383986,47.89,0.381,101.69,12.0,1.9,High Vibration
2026-08-13 07:16:35.383986,43.51,0.449,100.62,11.91,1.9,High Vibration
2026-08-13 07:16:36.383986,42.64,0.468,99.51,12.15,1.95,High Vibration
2026-08-13 07:16:37.383986,44.35,0.496,101.75,12.22,1.85,High Vibration
2026-08-13 07:16:38.383986,43.6,0.391,100.18,12.01,1.72,High Vibration
2026-08-13 07:16:39.383986,45.39,0.478,100.24,11.82,1.99,High Vibration
2026-08-13 07:16:40.383986,46.78,0.662,101.84,11.94,1.96,High Vibration
2026-08-13 07:16:41.383986,44.93,0.543,101.26,11.56,1.99,High Vibration
2026-08-13 07:16:42.383986,45.98,0.553,101.24,12.02,1.73,High Vibration
2026-08-13 07:16:43.383986,46.23,0.424,101.49,12.08,1.78,High Vibration
2026-08-13 07:16:44.383986,45.74,0.451,100.33,12.04,1.88,High Vibration
2026-08-13 07:16:45.383986,41.25,0.573,100.76,11.97,1.64,High Vibration
2026-08-13 07:16:46.383986,43.3,0.61,101.33,11.94,1.79,High Vibration
2026-08-13 07:16:47.383986,45.98,0.57,101.22,12.16,1.92,High Vibration
2026-08-13 07:16:48.383986,45.83,0.54,101.96,12.05,1.93,High Vibration
2026-08-13 07:16:49.383986,46.8,0.456,100.21,11.89,1.92,High Vibration
2026-08-13 07:16:50.383986,41.85,0.571,101.66,12.17,1.82,High Vibration
2026-08-13 07:16:51.383986,42.31,0.464,100.12,11.92,1.78,High Vibration
2026-08-13 07:16:52.383986,42.67,0.66,99.97,12.2,1.94,High Vibration
2026-08-13 07:16:53.383986,46.8,0.488,101.64,11.81,1.91,High Vibration
2026-08-13 07:16:54.383986,44.85,0.512,100.08,11.63,1.68,High Vibration
2026-08-13 07:16:55.383986,47.23,0.514,101.13,12.1,2.02,High Vibration
2026-08-13 07:16:56.383986,47.65,0.47,99.36,12.35,2.07,High Vibration
2026-08-13 07:16:57.383986,45.38,0.448,102.26,11.98,1.79,High Vibration
2026-08-13 07:16:58.383986,46.79,0.578,100.11,11.95,1.88,High Vibration
2026-08-13 07:16:59.383986,46.02,0.573,102.23,11.95,1.82,High Vibration
2026-08-13 07:17:00.383986,38.25,0.518,102.06,11.94,1.74,High Vibration
2026-08-13 07:17:01.383986,42.92,0.636,101.85,12.12,1.59,High Vibration
2026-08-13 07:17:02.383986,44.68,0.535,101.02,11.91,1.76,High Vibration
2026-08-13 07:17:03.383986,46.7,0.405,103.08,12.07,1.79,High Vibration
2026-08-13 07:17:04.383986,46.81,0.444,100.64,11.98,1.96,High Vibration
2026-08-13 07:17:05.383986,44.91,0.598,100.71,12.07,2.0,High Vibration
2026-08-13 07:17:06.383986,46.99,0.556,101.98,12.09,1.86,High Vibration
2026-08-13 07:17:07.383986,47.22,0.653,101.17,12.1,1.75,High Vibration
2026-08-13 07:17:08.383986,43.15,0.544,101.22,11.75,1.9,High Vibration
2026-08-13 07:17:09.383986,39.47,0.785,102.8,11.96,1.8,High Vibration
2026-08-13 07:17:10.383986,45.61,0.522,101.49,11.98,1.79,High Vibration
2026-08-13 07:17:11.383986,45.36,0.465,101.34,12.02,1.82,High Vibration
2026-08-13 07:17:12.383986,44.57,0.663,100.95,12.03,1.96,High Vibration
2026-08-13 07:17:13.383986,44.84,0.591,101.2,12.19,1.77,High Vibration
2026-08-13 07:17:14.383986,47.57,0.567,100.44,12.1,1.76,High Vibration
2026-08-13 07:17:15.383986,46.24,0.358,101.31,11.93,1.67,High Vibration
2026-08-13 07:17:16.383986,43.89,0.532,101.25,11.79,1.84,High Vibration
2026-08-13 07:17:17.383986,47.73,0.602,102.11,12.16,1.95,High Vibration
2026-08-13 07:17:18.383986,48.74,0.541,100.58,12.12,1.88,High Vibration
2026-08-13 07:17:19.383986,46.55,0.734,101.31,12.06,1.68,High Vibration
2026-08-13 07:17:20.383986,49.27,0.557,100.99,11.95,1.72,High Vibration
2026-08-13 07:17:21.383986,43.54,0.544,99.93,11.88,2.03,High Vibration
2026-08-13 07:17:22.383986,46.47,0.661,102.48,12.28,1.59,High Vibration
2026-08-13 07:17:23.383986,42.54,0.524,100.83,11.95,1.75,High Vibration
2026-08-13 07:17:24.383986,45.44,0.593,100.58,11.67,1.68,High Vibration
2026-08-13 07:17:25.383986,43.9,0.572,100.17,11.93,1.66,High Vibration
2026-08-13 07:17:26.383986,44.75,0.507,100.45,11.8,1.78,High Vibration
2026-08-13 07:17:27.383986,43.27,0.667,101.71,11.99,1.7,High Vibration
2026-08-13 07:17:28.383986,45.76,0.651,101.44,12.24,1.86,High Vibration
2026-08-13 07:17:29.383986,46.83,0.608,101.98,11.88,1.74,High Vibration
2026-08-13 07:17:30.383986,45.7,0.626,101.81,12.17,1.63,High Vibration
2026-08-13 07:17:31.383986,43.05,0.619,100.58,12.51,1.86,High Vibration
2026-08-13 07:17:32.383986,44.84,0.561,100.82,12.0,1.81,High Vibration
2026-08-13 07:17:33.383986,44.09,0.582,102.64,12.21,1.83,High Vibration
2026-08-13 07:17:34.383986,42.32,0.648,102.85,12.21,1.89,High Vibration
2026-08-13 07:17:35.383986,47.84,0.611,101.93,11.9,1.84,High Vibration
2026-08-13 07:17:36.383986,47.66,0.561,100.44,12.01,1.77,High Vibration
2026-08-13 07:17:37.383986,46.3,0.573,103.02,11.81,1.95,High Vibration
2026-08-13 07:17:38.383986,43.47,0.467,101.54,11.96,1.67,High Vibration
2026-08-13 07:17:39.383986,41.64,0.612,102.28,12.09,1.81,High Vibration
2026-08-13 07:17:40.383986,45.96,0.612,99.87,11.79,1.78,High Vibration
2026-08-13 07:17:41.383986,44.68,0.684,102.06,12.09,1.77,High Vibration
2026-08-13 07:17:42.383986,42.24,0.65,101.83,11.64,1.7,High Vibration
2026-08-13 07:17:43.383986,43.62,0.628,100.5,11.99,1.77,High Vibration
2026-08-13 07:17:44.383986,44.68,0.563,100.66,11.84,1.85,High Vibration
2026-08-13 07:17:45.383986,46.14,0.56,102.82,11.95,1.98,High Vibration
2026-08-13 07:17:46.383986,43.72,0.461,101.7,12.04,1.8,High Vibration
2026-08-13 07:17:47.383986,43.72,0.622,100.79,11.95,1.9,High Vibration
2026-08-13 07:17:48.383986,45.37,0.675,101.07,11.95,1.66,High Vibration
2026-08-13 07:17:49.383986,44.26,0.362,100.71,11.99,1.87,High Vibration
2026-08-13 07:17:50.383986,44.46,0.657,99.12,11.99,1.6,High Vibration
2026-08-13 07:17:51.383986,42.58,0.616,102.58,12.06,1.8,High Vibration
2026-08-13 07:17:52.383986,44.96,0.575,100.76,12.06,1.63,High Vibration
2026-08-13 07:17:53.383986,46.19,0.602,102.13,12.14,1.6,High Vibration
2026-08-13 07:17:54.383986,43.84,0.567,99.49,11.85,2.09,High Vibration
2026-08-13 07:17:55.383986,46.22,0.79,102.13,11.89,1.75,High Vibration
2026-08-13 07:17:56.383986,46.18,0.673,100.72,11.77,2.19,High Vibration
2026-08-13 07:17:57.383986,44.72,0.613,101.41,11.96,1.81,High Vibration
2026-08-13 07:17:58.383986,47.57,0.631,100.14,11.98,1.74,High Vibration
2026-08-13 07:17:59.383986,47.85,0.736,101.41,11.81,1.65,High Vibration
2026-08-13 07:18:00.383986,45.03,0.671,100.93,11.93,1.73,High Vibration
2026-08-13 07:18:01.383986,44.95,0.455,100.2,11.91,1.94,High Vibration
2026-08-13 07:18:02.383986,43.37,0.661,101.53,12.19,1.95,High Vibration
2026-08-13 07:18:03.383986,44.88,0.61,100.64,11.96,1.75,High Vibration
2026-08-13 07:18:04.383986,46.11,0.684,101.89,12.19,2.02,High Vibration
2026-08-13 07:18:05.383986,45.25,0.739,100.95,12.18,1.93,High Vibration
2026-08-13 07:18:06.383986,47.02,0.661,100.63,11.79,1.8,High Vibration
2026-08-13 07:18:07.383986,48.07,0.63,102.09,12.13,1.77,High Vibration
2026-08-13 07:18:08.383986,47.63,0.423,100.08,11.86,1.7,High Vibration
2026-08-13 07:18:09.383986,45.67,0.681,101.69,12.09,1.69,High Vibration
2026-08-13 07:18:10.383986,42.56,0.691,100.67,11.76,1.92,High Vibration
2026-08-13 07:18:11.383986,47.79,0.785,101.49,12.09,1.96,High Vibration
2026-08-13 07:18:12.383986,43.72,0.751,101.58,12.14,1.82,High Vibration
2026-08-13 07:18:13.383986,47.59,0.681,99.82,12.22,1.69,High Vibration
2026-08-13 07:18:14.383986,47.51,0.658,102.48,12.17,1.85,High Vibration
2026-08-13 07:18:15.383986,46.02,0.7,99.29,12.02,1.67,High Vibration
2026-08-13 07:18:16.383986,45.34,0.577,100.12,12.24,1.93,High Vibration
2026-08-13 07:18:17.383986,44.99,0.684,101.05,12.09,1.72,High Vibration
2026-08-13 07:18:18.383986,46.99,0.651,100.88,12.0,1.73,High Vibration
2026-08-13 07:18:19.383986,45.66,0.63,101.77,12.18,1.71,High Vibration
2026-08-13 07:18:20.383986,44.74,0.711,100.86,12.07,1.87,High Vibration
2026-08-13 07:18:21.383986,47.17,0.627,100.36,11.95,1.68,High Vibration
2026-08-13 07:18:22.383986,46.13,0.584,103.63,12.19,1.8,High Vibration
2026-08-13 07:18:23.383986,46.73,0.548,103.82,11.91,1.79,High Vibration
2026-08-13 07:18:24.383986,41.29,0.719,100.19,12.02,1.73,High Vibration
2026-08-13 07:18:25.383986,42.84,0.617,101.53,11.81,1.71,High Vibration
2026-08-13 07:18:26.383986,46.33,0.891,101.78,11.86,1.76,High Vibration
2026-08-13 07:18:27.383986,45.06,0.657,102.2,12.03,1.91,High Vibration
2026-08-13 07:18:28.383986,44.37,0.792,101.13,11.85,2.06,High Vibration
2026-08-13 07:18:29.383986,41.35,0.628,100.67,12.38,2.02,High Vibration
2026-08-13 07:18:30.383986,47.99,0.663,103.73,12.06,1.92,High Vibration
2026-08-13 07:18:31.383986,45.36,0.687,101.05,11.97,1.87,High Vibration
2026-08-13 07:18:32.383986,45.73,0.689,102.81,11.55,1.86,High Vibration
2026-08-13 07:18:33.383986,46.44,0.785,101.24,12.03,1.92,High Vibration
2026-08-13 07:18:34.383986,47.98,0.671,101.57,12.25,1.55,High Vibration
2026-08-13 07:18:35.383986,43.62,0.814,102.39,12.08,1.75,High Vibration
2026-08-13 07:18:36.383986,43.24,0.651,102.85,11.91,1.81,High Vibration
2026-08-13 07:18:37.383986,43.49,0.767,100.76,11.99,1.6,High Vibration
2026-08-13 07:18:38.383986,41.77,0.702,99.97,12.32,1.55,High Vibration
2026-08-13 07:18:39.383986,43.4,0.704,100.93,11.83,1.69,High Vibration
2026-08-13 07:18:40.383986,43.02,0.681,103.25,12.01,1.94,High Vibration
2026-08-13 07:18:41.383986,46.01,0.795,98.5,11.95,1.96,High Vibration
2026-08-13 07:18:42.383986,43.86,0.848,102.78,11.93,1.74,High Vibration
2026-08-13 07:18:43.383986,42.97,0.658,100.07,12.06,1.63,High Vibration
2026-08-13 07:18:44.383986,46.21,0.76,99.64,12.23,1.86,High Vibration
2026-08-13 07:18:45.383986,46.5,0.651,101.92,12.17,1.79,High Vibration
2026-08-13 07:18:46.383986,49.0,0.717,102.44,12.04,1.87,High Vibration
2026-08-13 07:18:47.383986,41.66,0.744,100.57,11.87,2.01,High Vibration
2026-08-13 07:18:48.383986,44.57,0.636,100.94,11.8,1.97,High Vibration
2026-08-13 07:18:49.383986,43.61,0.76,102.66,11.92,1.86,High Vibration
2026-08-13 07:18:50.383986,42.94,0.915,102.24,11.97,1.71,High Vibration
2026-08-13 07:18:51.383986,44.77,0.693,103.25,11.82,1.82,High Vibration
2026-08-13 07:18:52.383986,44.96,0.713,101.19,11.98,1.9,High Vibration
2026-08-13 07:18:53.383986,46.22,0.757,98.27,12.04,1.6,High Vibration
2026-08-13 07:18:54.383986,46.29,0.843,100.37,11.96,1.73,High Vibration
2026-08-13 07:18:55.383986,47.47,0.734,103.03,12.06,1.83,High Vibration
2026-08-13 07:18:56.383986,45.14,0.793,99.56,12.01,1.79,High Vibration
2026-08-13 07:18:57.383986,46.45,0.714,100.26,12.0,1.67,High Vibration
2026-08-13 07:18:58.383986,41.15,0.789,101.88,12.07,1.96,High Vibration
2026-08-13 07:18:59.383986,43.67,0.618,101.23,11.95,1.7,High Vibration
2026-08-13 07:19:00.383986,44.84,0.685,99.46,11.93,1.66,High Vibration
2026-08-13 07:19:01.383986,45.46,0.683,102.41,12.24,1.88,High Vibration
2026-08-13 07:19:02.383986,41.9,0.857,102.88,12.0,1.96,High Vibration
2026-08-13 07:19:03.383986,43.9,0.589,100.54,12.26,1.62,High Vibration
2026-08-13 07:19:04.383986,45.0,0.743,100.79,11.93,1.81,High Vibration
2026-08-13 07:19:05.383986,43.88,0.628,101.52,12.16,1.9,High Vibration
2026-08-13 07:19:06.383986,43.38,0.643,101.02,12.24,1.88,High Vibration
2026-08-13 07:19:07.383986,46.41,0.816,101.72,12.02,1.88,High Vibration
2026-08-13 07:19:08.383986,43.91,0.633,102.02,12.19,1.67,High Vibration
2026-08-13 07:19:09.383986,46.64,0.882,101.3,11.88,1.81,High Vibration
2026-08-13 07:19:10.383986,43.9,0.7,101.73,11.76,1.63,High Vibration
2026-08-13 07:19:11.383986,45.04,0.749,101.64,12.28,1.81,High Vibration
2026-08-13 07:19:12.383986,46.2,0.674,102.07,11.92,1.81,High Vibration
2026-08-13 07:19:13.383986,44.78,0.836,99.99,11.66,1.77,High Vibration
2026-08-13 07:19:14.383986,45.94,0.767,102.53,12.07,1.73,High Vibration
2026-08-13 07:19:15.383986,40.35,0.738,102.33,11.94,1.8,High Vibration
2026-08-13 07:19:16.383986,45.84,0.677,101.92,12.25,1.78,High Vibration
2026-08-13 07:19:17.383986,42.74,0.754,99.08,12.05,1.85,High Vibration
2026-08-13 07:19:18.383986,48.35,0.745,101.71,11.87,1.76,High Vibration
2026-08-13 07:19:19.383986,41.95,0.747,100.99,12.04,1.73,High Vibration
2026-08-13 07:19:20.383986,45.17,0.737,100.97,12.01,1.8,High Vibration
2026-08-13 07:19:21.383986,46.52,0.756,100.95,11.97,1.71,High Vibration
2026-08-13 07:19:22.383986,44.28,0.929,100.39,11.96,1.75,High Vibration
2026-08-13 07:19:23.383986,44.51,0.742,101.58,11.74,1.92,High Vibration
2026-08-13 07:19:24.383986,46.27,0.671,99.03,11.85,1.77,High Vibration
2026-08-13 07:19:25.383986,50.16,0.815,99.49,11.9,1.79,High Vibration
2026-08-13 07:19:26.383986,45.51,0.668,101.17,11.89,1.67,High Vibration
2026-08-13 07:19:27.383986,45.52,0.836,102.14,12.09,1.74,High Vibration
2026-08-13 07:19:28.383986,46.43,0.801,101.43,11.91,1.74,High Vibration
2026-08-13 07:19:29.383986,45.15,0.973,101.6,11.91,1.7,High Vibration
2026-08-13 07:19:30.383986,44.02,0.953,100.9,12.14,1.75,High Vibration
2026-08-13 07:19:31.383986,45.52,0.844,100.73,11.9,2.0,High Vibration
2026-08-13 07:19:32.383986,46.97,0.845,102.09,12.07,2.04,High Vibration
2026-08-13 07:19:33.383986,45.09,0.83,99.85,11.88,1.66,High Vibration
2026-08-13 07:19:34.383986,47.55,0.581,100.9,11.55,1.7,High Vibration
2026-08-13 07:19:35.383986,44.02,0.897,101.7,11.88,1.93,High Vibration
2026-08-13 07:19:36.383986,45.04,0.791,100.1,11.85,1.7,High Vibration
2026-08-13 07:19:37.383986,45.09,0.796,102.84,12.06,1.48,High Vibration
2026-08-13 07:19:38.383986,45.53,0.675,100.33,11.88,1.72,High Vibration
2026-08-13 07:19:39.383986,42.25,0.809,99.89,12.05,2.07,High Vibration
2026-08-13 07:19:40.383986,42.34,0.771,98.78,11.95,1.88,High Vibration
2026-08-13 07:19:41.383986,46.44,0.802,102.19,12.38,2.01,High Vibration
2026-08-13 07:19:42.383986,43.95,0.681,100.89,11.86,1.85,High Vibration
2026-08-13 07:19:43.383986,42.64,0.793,102.14,11.98,1.69,High Vibration
2026-08-13 07:19:44.383986,47.35,0.65,100.97,11.99,1.8,High Vibration
2026-08-13 07:19:45.383986,45.36,0.85,101.26,11.94,1.75,High Vibration
2026-08-13 07:19:46.383986,43.78,0.866,100.65,12.13,1.8,High Vibration
2026-08-13 07:19:47.383986,43.96,0.854,100.57,12.1,1.83,High Vibration
2026-08-13 07:19:48.383986,43.81,0.848,101.85,12.17,1.92,High Vibration
2026-08-13 07:19:49.383986,45.98,0.717,103.75,11.79,1.91,High Vibration
2026-08-13 07:19:50.383986,45.86,0.715,101.18,11.99,1.96,High Vibration
2026-08-13 07:19:51.383986,43.57,0.79,98.96,12.26,1.67,High Vibration
2026-08-13 07:19:52.383986,45.65,0.804,101.2,12.12,2.0,High Vibration
2026-08-13 07:19:53.383986,45.5,0.866,101.63,12.15,1.74,High Vibration
2026-08-13 07:19:54.383986,47.15,0.904,102.38,11.9,1.78,High Vibration
2026-08-13 07:19:55.383986,45.48,0.707,102.89,12.0,1.83,High Vibration
2026-08-13 07:19:56.383986,43.85,0.712,100.7,12.03,1.88,High Vibration
2026-08-13 07:19:57.383986,45.32,0.847,100.96,12.07,1.98,High Vibration
2026-08-13 07:19:58.383986,46.41,0.886,101.59,11.77,1.67,High Vibration
2026-08-13 07:19:59.383986,45.91,0.822,101.74,12.25,1.89,High Vibration
2026-08-13 07:20:00.383986,47.52,0.832,100.49,11.99,1.7,High Vibration
2026-08-13 07:20:01.383986,48.12,0.889,101.82,12.19,1.56,High Vibration
2026-08-13 07:20:02.383986,46.18,0.722,101.29,11.95,1.88,High Vibration
2026-08-13 07:20:03.383986,45.46,0.936,100.7,12.11,1.82,High Vibration
2026-08-13 07:20:04.383986,41.73,0.757,101.15,12.17,1.86,High Vibration
2026-08-13 07:20:05.383986,42.66,0.82,103.32,12.02,1.76,High Vibration
2026-08-13 07:20:06.383986,45.98,0.894,100.84,12.08,1.76,High Vibration
2026-08-13 07:20:07.383986,46.44,0.848,101.78,11.89,1.7,High Vibration
2026-08-13 07:20:08.383986,46.89,0.83,101.59,11.95,1.91,High Vibration
2026-08-13 07:20:09.383986,43.78,0.827,102.09,12.18,1.74,High Vibration
2026-08-13 07:20:10.383986,48.92,0.864,100.26,12.06,1.75,High Vibration
2026-08-13 07:20:11.383986,45.87,0.837,101.37,11.86,1.92,High Vibration
2026-08-13 07:20:12.383986,42.69,0.753,101.67,12.24,1.76,High Vibration
2026-08-13 07:20:13.383986,46.4,0.929,102.11,11.95,1.67,High Vibration
2026-08-13 07:20:14.383986,40.58,0.824,102.48,11.83,1.88,High Vibration
2026-08-13 07:20:15.383986,43.1,0.855,102.01,11.9,1.82,High Vibration
2026-08-13 07:20:16.383986,44.17,0.904,101.54,12.01,1.99,High Vibration
2026-08-13 07:20:17.383986,46.32,0.794,101.21,11.99,1.81,High Vibration
2026-08-13 07:20:18.383986,50.05,0.881,99.26,11.92,1.57,High Vibration
2026-08-13 07:20:19.383986,44.34,0.694,100.43,11.77,1.85,High Vibration
2026-08-13 07:20:20.383986,45.0,0.878,101.2,11.79,1.86,High Vibration
2026-08-13 07:20:21.383986,48.84,0.888,100.87,11.79,1.69,High Vibration
2026-08-13 07:20:22.383986,45.91,0.943,101.56,12.12,1.88,High Vibration
2026-08-13 07:20:23.383986,46.01,0.806,101.47,11.87,1.8,High Vibration
2026-08-13 07:20:24.383986,45.66,0.994,99.99,12.07,1.98,High Vibration
2026-08-13 07:20:25.383986,46.52,0.928,101.89,12.19,1.67,High Vibration
2026-08-13 07:20:26.383986,42.23,0.862,99.14,12.18,1.95,High Vibration
2026-08-13 07:20:27.383986,44.13,0.835,101.23,12.01,1.82,High Vibration
2026-08-13 07:20:28.383986,46.12,0.852,102.24,12.07,1.73,High Vibration
2026-08-13 07:20:29.383986,47.67,0.759,101.21,12.15,1.71,High Vibration
2026-08-13 07:20:30.383986,45.62,0.912,100.44,11.99,1.78,High Vibration
2026-08-13 07:20:31.383986,43.9,1.055,100.54,12.15,1.75,High Vibration
2026-08-13 07:20:32.383986,42.83,0.88,101.95,12.14,1.99,High Vibration
2026-08-13 07:20:33.383986,50.89,0.894,100.64,12.07,1.77,High Vibration
2026-08-13 07:20:34.383986,46.85,0.771,103.67,12.13,1.6,High Vibration
2026-08-13 07:20:35.383986,43.58,0.942,102.48,11.81,1.89,High Vibration
2026-08-13 07:20:36.383986,41.11,0.871,102.41,11.92,1.62,High Vibration
2026-08-13 07:20:37.383986,45.29,0.831,101.93,11.87,1.71,High Vibration
2026-08-13 07:20:38.383986,40.96,0.895,101.14,11.82,1.82,High Vibration
2026-08-13 07:20:39.383986,47.05,0.865,101.57,12.04,1.66,High Vibration
2026-08-13 07:20:40.383986,49.11,0.846,101.96,12.12,1.78,High Vibration
2026-08-13 07:20:41.383986,46.21,0.905,99.88,11.95,1.73,High Vibration
2026-08-13 07:20:42.383986,44.08,0.783,102.43,12.24,1.92,High Vibration
2026-08-13 07:20:43.383986,47.54,0.861,100.66,11.88,1.88,High Vibration
2026-08-13 07:20:44.383986,45.45,0.884,102.6,12.06,1.7,High Vibration
2026-08-13 07:20:45.383986,43.64,0.946,102.34,12.08,2.03,High Vibration
2026-08-13 07:20:46.383986,48.27,0.928,100.46,11.8,1.75,High Vibration
2026-08-13 07:20:47.383986,46.51,1.041,101.72,12.18,1.77,High Vibration
2026-08-13 07:20:48.383986,46.25,0.962,99.32,11.94,1.91,High Vibration
2026-08-13 07:20:49.383986,45.55,0.802,98.87,11.95,1.79,High Vibration
2026-08-13 07:20:50.383986,43.23,0.91,101.81,12.1,1.52,High Vibration
2026-08-13 07:20:51.383986,42.37,0.876,101.87,12.07,1.86,High Vibration
2026-08-13 07:20:52.383986,44.23,0.876,100.57,12.12,1.69,High Vibration
2026-08-13 07:20:53.383986,46.7,0.92,101.25,11.9,1.64,High Vibration
2026-08-13 07:20:54.383986,43.7,0.879,98.93,11.97,1.91,High Vibration
2026-08-13 07:20:55.383986,46.13,0.867,101.35,11.92,1.82,High Vibration
2026-08-13 07:20:56.383986,48.08,0.985,101.82,11.93,1.89,High Vibration
2026-08-13 07:20:57.383986,41.63,0.889,101.88,12.11,1.88,High Vibration
2026-08-13 07:20:58.383986,45.59,0.895,101.84,11.86,1.7,High Vibration
2026-08-13 07:20:59.383986,45.12,0.926,99.47,12.07,1.89,High Vibration
2026-08-13 07:21:00.383986,44.85,1.104,100.62,11.95,1.75,High Vibration
2026-08-13 07:21:01.383986,44.85,0.889,99.89,11.92,1.79,High Vibration
2026-08-13 07:21:02.383986,47.46,1.093,102.64,11.88,1.72,High Vibration
2026-08-13 07:21:03.383986,44.68,1.061,101.13,11.8,1.74,High Vibration
2026-08-13 07:21:04.383986,46.51,0.975,101.1,12.1,1.53,High Vibration
2026-08-13 07:21:05.383986,45.21,0.99,100.47,11.87,1.58,High Vibration
2026-08-13 07:21:06.383986,48.18,0.865,101.54,12.09,1.98,High Vibration
2026-08-13 07:21:07.383986,44.69,0.881,101.47,12.19,1.78,High Vibration
2026-08-13 07:21:08.383986,43.09,0.803,100.08,12.13,1.76,High Vibration
2026-08-13 07:21:09.383986,43.78,0.87,101.39,11.96,1.77,High Vibration
2026-08-13 07:21:10.383986,47.7,1.052,99.69,12.05,1.71,High Vibration
2026-08-13 07:21:11.383986,44.5,0.955,101.09,12.03,1.88,High Vibration
2026-08-13 07:21:12.383986,45.59,0.88,100.67,11.78,1.7,High Vibration
2026-08-13 07:21:13.383986,48.92,0.87,100.11,12.05,1.79,High Vibration
2026-08-13 07:21:14.383986,44.61,1.048,101.85,11.92,1.75,High Vibration
2026-08-13 07:21:15.383986,43.99,1.006,100.99,11.73,1.79,High Vibration
2026-08-13 07:21:16.383986,41.93,1.113,100.33,11.98,1.83,High Vibration
2026-08-13 07:21:17.383986,44.42,0.916,101.72,12.23,1.89,High Vibration
2026-08-13 07:21:18.383986,47.96,0.857,101.62,12.02,1.84,High Vibration
2026-08-13 07:21:19.383986,47.75,0.925,100.89,12.08,1.59,High Vibration
2026-08-13 07:21:20.383986,44.53,0.933,100.38,12.16,1.67,High Vibration
2026-08-13 07:21:21.383986,44.73,0.969,102.65,12.0,1.91,High Vibration
2026-08-13 07:21:22.383986,46.4,0.957,100.21,11.78,1.81,High Vibration
2026-08-13 07:21:23.383986,43.91,1.022,102.05,11.97,1.66,High Vibration
2026-08-13 07:21:24.383986,46.02,0.869,100.54,11.85,1.78,High Vibration
2026-08-13 07:21:25.383986,47.34,0.951,100.86,11.77,1.87,High Vibration
2026-08-13 07:21:26.383986,43.44,0.962,100.95,12.13,1.78,High Vibration
2026-08-13 07:21:27.383986,44.88,0.993,103.41,12.13,1.79,High Vibration
2026-08-13 07:21:28.383986,45.01,0.914,100.35,11.92,1.71,High Vibration
2026-08-13 07:21:29.383986,46.31,0.872,102.63,12.11,1.8,High Vibration
2026-08-13 07:21:30.383986,45.0,0.914,101.57,12.16,1.72,High Vibration
2026-08-13 07:21:31.383986,41.93,1.017,101.62,11.83,1.71,High Vibration
2026-08-13 07:21:32.383986,43.28,0.904,100.98,11.96,1.72,High Vibration
2026-08-13 07:21:33.383986,43.48,0.945,101.47,11.95,1.94,High Vibration
2026-08-13 07:21:34.383986,46.02,0.838,101.82,12.09,1.75,High Vibration
2026-08-13 07:21:35.383986,42.01,0.967,101.29,11.83,1.63,High Vibration
2026-08-13 07:21:36.383986,44.82,0.949,100.88,11.99,1.67,High Vibration
2026-08-13 07:21:37.383986,44.13,1.012,100.95,11.75,1.74,High Vibration
2026-08-13 07:21:38.383986,42.86,0.992,101.62,11.75,1.89,High Vibration
2026-08-13 07:21:39.383986,42.78,1.097,101.25,11.81,1.66,High Vibration
2026-08-13 07:21:40.383986,45.7,0.943,101.2,12.24,1.72,High Vibration
2026-08-13 07:21:41.383986,45.12,1.089,101.57,11.76,1.86,High Vibration
2026-08-13 07:21:42.383986,42.67,1.09,100.48,12.45,1.98,High Vibration
2026-08-13 07:21:43.383986,43.41,0.98,102.05,12.12,1.85,High Vibration
2026-08-13 07:21:44.383986,47.5,0.97,100.93,11.95,1.9,High Vibration
2026-08-13 07:21:45.383986,45.73,1.005,102.1,11.69,1.84,High Vibration
2026-08-13 07:21:46.383986,45.44,1.117,99.77,12.23,1.81,High Vibration
2026-08-13 07:21:47.383986,45.98,1.119,101.86,12.06,1.83,High Vibration
2026-08-13 07:21:48.383986,44.03,0.984,100.58,11.99,1.52,High Vibration
2026-08-13 07:21:49.383986,45.86,0.978,100.96,12.03,1.63,High Vibration
2026-08-13 07:21:50.383986,48.86,0.981,101.15,11.86,1.8,High Vibration
2026-08-13 07:21:51.383986,47.77,1.073,102.15,12.08,1.76,High Vibration
2026-08-13 07:21:52.383986,42.1,0.976,101.06,12.16,1.84,High Vibration
2026-08-13 07:21:53.383986,48.22,1.089,100.84,11.73,1.97,High Vibration
2026-08-13 07:21:54.383986,47.72,0.886,102.81,12.06,1.82,High Vibration
2026-08-13 07:21:55.383986,48.23,1.104,101.95,12.07,1.87,High Vibration
2026-08-13 07:21:56.383986,44.2,0.994,100.4,11.95,1.76,High Vibration
2026-08-13 07:21:57.383986,43.73,1.01,100.98,12.08,1.61,High Vibration
2026-08-13 07:21:58.383986,44.77,1.012,100.99,11.97,1.61,High Vibration
2026-08-13 07:21:59.383986,45.71,1.054,101.79,12.16,1.82,High Vibration
2026-08-13 07:22:00.383986,45.96,1.016,101.99,11.76,1.69,High Vibration
2026-08-13 07:22:01.383986,48.17,0.809,101.16,12.18,1.79,High Vibration
2026-08-13 07:22:02.383986,44.19,1.017,100.95,12.0,1.72,High Vibration
2026-08-13 07:22:03.383986,47.22,1.122,101.17,11.79,1.74,High Vibration
2026-08-13 07:22:04.383986,44.63,1.05,100.29,11.88,1.86,High Vibration
2026-08-13 07:22:05.383986,46.88,0.962,99.97,12.49,1.89,High Vibration
2026-08-13 07:22:06.383986,44.47,1.083,101.18,12.13,1.82,High Vibration
2026-08-13 07:22:07.383986,45.18,1.005,99.85,12.29,1.69,High Vibration
2026-08-13 07:22:08.383986,42.28,0.999,100.34,11.99,1.88,High Vibration
2026-08-13 07:22:09.383986,46.99,1.083,100.99,12.01,1.85,High Vibration
2026-08-13 07:22:10.383986,41.48,1.065,99.84,12.31,1.75,High Vibration
2026-08-13 07:22:11.383986,44.63,0.959,100.67,12.34,1.91,High Vibration
2026-08-13 07:22:12.383986,41.9,1.142,102.49,11.96,1.84,High Vibration
2026-08-13 07:22:13.383986,44.97,1.181,100.5,12.02,1.75,High Vibration
2026-08-13 07:22:14.383986,42.13,1.2,100.12,12.03,1.59,High Vibration
2026-08-13 07:22:15.383986,44.2,1.06,100.48,12.09,1.77,High Vibration
2026-08-13 07:22:16.383986,47.32,1.137,100.71,12.01,1.82,High Vibration
2026-08-13 07:22:17.383986,46.24,1.031,101.49,11.96,1.81,High Vibration
2026-08-13 07:22:18.383986,47.6,1.083,102.0,12.11,1.78,High Vibration
2026-08-13 07:22:19.383986,45.64,0.946,102.57,11.58,1.79,High Vibration
2026-08-13 07:22:20.383986,47.28,0.925,101.7,11.9,1.76,High Vibration
2026-08-13 07:22:21.383986,46.89,1.051,99.27,11.85,1.92,High Vibration
2026-08-13 07:22:22.383986,45.9,1.177,102.98,11.95,2.1,High Vibration
2026-08-13 07:22:23.383986,45.05,0.961,100.67,11.66,1.99,High Vibration
2026-08-13 07:22:24.383986,48.19,0.959,101.07,12.01,1.68,High Vibration
2026-08-13 07:22:25.383986,41.49,1.025,100.98,11.94,1.83,High Vibration
2026-08-13 07:22:26.383986,47.86,1.019,101.47,12.11,1.87,High Vibration
2026-08-13 07:22:27.383986,43.77,1.052,101.85,11.83,1.95,High Vibration
2026-08-13 07:22:28.383986,47.86,0.988,101.49,12.1,1.73,High Vibration
2026-08-13 07:22:29.383986,45.96,1.061,99.83,12.07,1.67,High Vibration
2026-08-13 07:22:30.383986,46.88,0.995,101.14,12.21,1.86,High Vibration
2026-08-13 07:22:31.383986,42.84,0.969,100.7,12.06,1.84,High Vibration
2026-08-13 07:22:32.383986,43.31,0.959,101.58,11.97,2.06,High Vibration
2026-08-13 07:22:33.383986,45.07,1.199,100.13,11.76,1.67,High Vibration
2026-08-13 07:22:34.383986,47.38,1.195,100.52,11.93,1.66,High Vibration
2026-08-13 07:22:35.383986,41.38,1.114,101.52,12.0,1.63,High Vibration
2026-08-13 07:22:36.383986,48.28,1.018,101.83,11.78,1.78,High Vibration
2026-08-13 07:22:37.383986,45.58,1.086,101.45,12.07,1.66,High Vibration
2026-08-13 07:22:38.383986,45.39,1.07,101.53,12.01,1.65,High Vibration
2026-08-13 07:22:39.383986,42.36,0.885,102.12,12.12,1.9,High Vibration
2026-08-13 07:22:40.383986,45.61,0.893,100.27,12.03,1.82,High Vibration
2026-08-13 07:22:41.383986,44.55,1.095,101.31,12.02,1.72,High Vibration
2026-08-13 07:22:42.383986,46.96,1.033,99.97,11.88,1.76,High Vibration
2026-08-13 07:22:43.383986,46.99,1.065,101.11,11.81,1.89,High Vibration
2026-08-13 07:22:44.383986,43.7,1.062,102.78,12.08,1.6,High Vibration
2026-08-13 07:22:45.383986,41.46,1.066,100.09,12.1,1.81,High Vibration
2026-08-13 07:22:46.383986,45.33,1.016,103.04,12.43,1.77,High Vibration
2026-08-13 07:22:47.383986,45.71,1.082,101.04,11.88,1.67,High Vibration
2026-08-13 07:22:48.383986,42.73,1.108,100.78,11.61,1.85,High Vibration
2026-08-13 07:22:49.383986,44.92,1.185,101.67,11.78,1.53,High Vibration
2026-08-13 07:22:50.383986,43.56,1.029,102.24,12.0,1.94,High Vibration
2026-08-13 07:22:51.383986,42.35,1.158,102.02,11.7,1.96,High Vibration
2026-08-13 07:22:52.383986,45.19,1.113,100.44,12.19,1.66,High Vibration
2026-08-13 07:22:53.383986,46.66,1.149,100.33,12.3,1.83,High Vibration
2026-08-13 07:22:54.383986,46.31,0.963,103.42,11.82,1.92,High Vibration
2026-08-13 07:22:55.383986,43.01,1.037,102.09,12.15,1.65,High Vibration
2026-08-13 07:22:56.383986,47.18,1.172,100.36,12.24,1.63,High Vibration
2026-08-13 07:22:57.383986,43.75,1.128,100.45,12.04,1.83,High Vibration
2026-08-13 07:22:58.383986,44.63,1.158,101.07,12.03,1.94,High Vibration
2026-08-13 07:22:59.383986,46.58,1.155,100.15,12.08,1.69,High Vibration
2026-08-13 07:23:00.383986,42.44,1.088,100.4,12.12,1.9,High Vibration
2026-08-13 07:23:01.383986,41.19,1.029,99.84,11.93,1.85,High Vibration
2026-08-13 07:23:02.383986,44.52,1.05,102.6,11.65,1.95,High Vibration
2026-08-13 07:23:03.383986,43.91,1.092,100.77,12.23,1.65,High Vibration
2026-08-13 07:23:04.383986,45.02,1.142,99.69,11.86,1.78,High Vibration
2026-08-13 07:23:05.383986,43.23,1.036,100.95,12.1,1.76,High Vibration
2026-08-13 07:23:06.383986,47.16,1.023,100.05,12.29,1.72,High Vibration
2026-08-13 07:23:07.383986,42.38,0.965,102.38,11.95,1.77,High Vibration
2026-08-13 07:23:08.383986,44.68,1.187,101.12,12.35,1.82,High Vibration
2026-08-13 07:23:09.383986,47.12,1.172,101.26,11.91,1.84,High Vibration
2026-08-13 07:23:10.383986,46.02,1.063,101.47,12.19,2.05,High Vibration
2026-08-13 07:23:11.383986,46.71,1.26,100.67,12.11,1.96,High Vibration
2026-08-13 07:23:12.383986,43.21,1.073,103.04,11.85,1.64,High Vibration
2026-08-13 07:23:13.383986,48.06,1.209,101.73,11.99,1.75,High Vibration
2026-08-13 07:23:14.383986,45.56,1.241,101.54,12.33,1.69,High Vibration
2026-08-13 07:23:15.383986,44.96,1.087,100.21,11.98,1.85,High Vibration
2026-08-13 07:23:16.383986,46.05,1.292,101.76,12.17,1.81,High Vibration
2026-08-13 07:23:17.383986,48.36,1.311,101.83,11.85,1.73,High Vibration
2026-08-13 07:23:18.383986,45.56,1.158,102.0,12.07,1.8,High Vibration
2026-08-13 07:23:19.383986,43.73,1.155,103.15,12.15,1.86,High Vibration
2026-08-13 07:23:20.383986,47.06,1.094,100.79,11.89,1.78,High Vibration
2026-08-13 07:23:21.383986,44.16,1.222,100.82,11.88,2.03,High Vibration
2026-08-13 07:23:22.383986,44.1,1.139,101.75,11.83,1.95,High Vibration
2026-08-13 07:23:23.383986,46.27,1.253,100.62,12.01,1.8,High Vibration
2026-08-13 07:23:24.383986,45.53,1.014,101.41,11.79,1.84,High Vibration
2026-08-13 07:23:25.383986,40.74,0.983,102.12,11.92,1.68,High Vibration
2026-08-13 07:23:26.383986,47.54,1.159,102.17,11.98,2.12,High Vibration
2026-08-13 07:23:27.383986,43.79,1.274,101.24,11.75,1.86,High Vibration
2026-08-13 07:23:28.383986,45.63,1.052,100.38,12.0,1.84,High Vibration
2026-08-13 07:23:29.383986,40.06,1.222,100.81,11.8,1.91,High Vibration
2026-08-13 07:23:30.383986,44.95,1.236,101.74,12.0,1.78,High Vibration
2026-08-13 07:23:31.383986,45.97,1.107,100.45,12.09,1.78,High Vibration
2026-08-13 07:23:32.383986,45.07,1.229,101.19,12.0,1.73,High Vibration
2026-08-13 07:23:33.383986,45.86,1.171,102.2,11.91,1.75,High Vibration
2026-08-13 07:23:34.383986,46.58,1.165,100.39,12.2,1.6,High Vibration
2026-08-13 07:23:35.383986,46.57,1.045,103.19,11.77,1.94,High Vibration
2026-08-13 07:23:36.383986,44.84,1.119,101.49,12.09,1.69,High Vibration
2026-08-13 07:23:37.383986,43.37,1.201,99.59,11.91,2.16,High Vibration
2026-08-13 07:23:38.383986,43.06,1.243,100.71,12.08,1.88,High Vibration
2026-08-13 07:23:39.383986,47.26,1.136,103.29,11.91,1.83,High Vibration
2026-08-13 07:23:40.383986,45.49,1.064,101.01,12.02,1.75,High Vibration
2026-08-13 07:23:41.383986,49.88,1.088,102.48,12.13,1.8,High Vibration
2026-08-13 07:23:42.383986,43.27,1.096,100.78,11.73,1.68,High Vibration
2026-08-13 07:23:43.383986,42.04,1.266,101.92,12.12,1.87,High Vibration
2026-08-13 07:23:44.383986,45.33,1.277,100.69,12.02,1.89,High Vibration
2026-08-13 07:23:45.383986,42.36,1.409,101.33,12.02,1.95,High Vibration
2026-08-13 07:23:46.383986,46.83,1.166,101.43,11.77,1.73,High Vibration
2026-08-13 07:23:47.383986,46.03,1.2,102.52,11.98,1.63,High Vibration
2026-08-13 07:23:48.383986,47.11,1.281,102.2,11.98,1.93,High Vibration
2026-08-13 07:23:49.383986,51.86,1.177,99.99,11.91,1.88,High Vibration
2026-08-13 07:23:50.383986,41.79,1.183,101.68,12.23,1.96,High Vibration
2026-08-13 07:23:51.383986,46.73,0.997,102.22,12.11,1.83,High Vibration
2026-08-13 07:23:52.383986,41.54,1.11,100.13,11.7,1.8,High Vibration
2026-08-13 07:23:53.383986,43.4,1.384,101.13,12.19,1.61,High Vibration
2026-08-13 07:23:54.383986,43.94,1.183,100.39,11.94,1.77,High Vibration
2026-08-13 07:23:55.383986,44.53,1.325,101.68,12.07,1.86,High Vibration
2026-08-13 07:23:56.383986,46.23,1.171,100.98,12.03,1.94,High Vibration
2026-08-13 07:23:57.383986,47.25,1.16,102.07,11.97,1.8,High Vibration
2026-08-13 07:23:58.383986,44.05,1.166,102.64,12.01,1.82,High Vibration
2026-08-13 07:23:59.383986,42.11,1.158,101.06,11.88,1.8,High Vibration
2026-08-13 07:24:00.383986,44.14,1.19,101.42,11.86,1.75,High Vibration
2026-08-13 07:24:01.383986,45.15,1.28,101.56,11.9,1.85,High Vibration
2026-08-13 07:24:02.383986,48.42,1.26,101.85,12.11,1.97,High Vibration
2026-08-13 07:24:03.383986,47.15,1.234,102.37,11.84,1.62,High Vibration
2026-08-13 07:24:04.383986,45.31,1.195,100.76,12.12,1.58,High Vibration
2026-08-13 07:24:05.383986,43.93,1.153,99.66,12.22,1.64,High Vibration
2026-08-13 07:24:06.383986,43.82,1.266,101.95,11.83,1.88,High Vibration
2026-08-13 07:24:07.383986,45.58,1.381,101.7,11.98,1.7,High Vibration
2026-08-13 07:24:08.383986,43.51,1.13,102.67,12.0,1.87,High Vibration
2026-08-13 07:24:09.383986,48.03,1.009,102.58,12.01,1.85,High Vibration
2026-08-13 07:24:10.383986,43.34,1.139,101.79,12.36,1.92,High Vibration
2026-08-13 07:24:11.383986,47.53,1.185,100.7,11.88,1.74,High Vibration
2026-08-13 07:24:12.383986,40.89,1.144,100.74,11.97,1.82,High Vibration
2026-08-13 07:24:13.383986,45.72,1.202,100.72,11.71,1.73,High Vibration
2026-08-13 07:24:14.383986,43.06,1.242,102.21,12.14,1.89,High Vibration
2026-08-13 07:24:15.383986,44.73,1.165,100.55,11.77,1.92,High Vibration
2026-08-13 07:24:16.383986,44.65,1.108,100.47,11.87,1.81,High Vibration
2026-08-13 07:24:17.383986,47.13,1.182,99.05,11.97,1.78,High Vibration
2026-08-13 07:24:18.383986,44.55,1.161,101.52,12.01,1.8,High Vibration
2026-08-13 07:24:19.383986,45.83,1.178,100.81,12.21,1.87,High Vibration
2026-08-13 07:24:20.383986,46.65,1.312,101.83,12.14,1.61,High Vibration
2026-08-13 07:24:21.383986,45.41,1.201,102.98,12.14,1.72,High Vibration
2026-08-13 07:24:22.383986,45.75,1.23,101.75,11.85,1.84,High Vibration
2026-08-13 07:24:23.383986,44.54,1.241,100.58,11.91,1.94,High Vibration
2026-08-13 07:24:24.383986,42.9,1.142,101.25,11.88,1.69,High Vibration
2026-08-13 07:24:25.383986,45.21,1.101,100.29,12.31,1.86,High Vibration
2026-08-13 07:24:26.383986,43.51,1.256,101.87,12.15,1.78,High Vibration
2026-08-13 07:24:27.383986,46.95,1.061,100.24,12.02,1.84,High Vibration
2026-08-13 07:24:28.383986,43.18,1.247,100.68,11.96,1.92,High Vibration
2026-08-13 07:24:29.383986,46.82,1.148,100.24,11.94,1.8,High Vibration
2026-08-13 07:24:30.383986,43.68,1.312,101.65,12.06,1.65,High Vibration
2026-08-13 07:24:31.383986,47.33,1.005,102.13,12.14,1.75,High Vibration
2026-08-13 07:24:32.383986,47.55,1.227,101.36,12.05,2.18,High Vibration
2026-08-13 07:24:33.383986,47.69,1.29,100.39,12.02,1.7,High Vibration
2026-08-13 07:24:34.383986,46.64,1.246,100.18,12.01,1.7,High Vibration
2026-08-13 07:24:35.383986,45.3,1.168,101.33,12.11,1.79,High Vibration
2026-08-13 07:24:36.383986,44.22,1.254,102.0,11.83,1.83,High Vibration
2026-08-13 07:24:37.383986,47.64,1.285,101.36,12.1,1.85,High Vibration
2026-08-13 07:24:38.383986,46.51,1.079,99.75,12.15,1.62,High Vibration
2026-08-13 07:24:39.383986,45.8,1.214,100.3,12.05,1.82,High Vibration
2026-08-13 07:24:40.383986,49.22,1.194,102.74,12.05,1.72,High Vibration
2026-08-13 07:24:41.383986,46.6,1.291,101.34,12.04,1.73,High Vibration
2026-08-13 07:24:42.383986,43.35,1.308,101.08,11.99,1.83,High Vibration
2026-08-13 07:24:43.383986,45.53,1.134,102.59,12.02,1.78,High Vibration
2026-08-13 07:24:44.383986,45.86,1.269,102.07,12.08,1.89,High Vibration
2026-08-13 07:24:45.383986,47.7,1.322,101.14,11.83,2.0,High Vibration
2026-08-13 07:24:46.383986,44.52,1.215,99.56,12.05,1.82,High Vibration
2026-08-13 07:24:47.383986,41.97,1.291,100.8,12.4,1.73,High Vibration
2026-08-13 07:24:48.383986,44.13,1.186,102.58,11.94,1.71,High Vibration
2026-08-13 07:24:49.383986,46.41,1.147,101.93,12.27,1.87,High Vibration
2026-08-13 07:24:50.383986,46.28,1.329,103.01,12.18,1.85,High Vibration
2026-08-13 07:24:51.383986,46.81,1.19,102.08,11.85,1.76,High Vibration
2026-08-13 07:24:52.383986,38.83,1.294,100.66,12.17,1.85,High Vibration
2026-08-13 07:24:53.383986,47.25,1.177,102.34,12.32,1.89,High Vibration
2026-08-13 07:24:54.383986,46.58,1.279,100.78,12.11,1.62,High Vibration
2026-08-13 07:24:55.383986,44.16,1.125,100.6,12.1,1.86,High Vibration
2026-08-13 07:24:56.383986,45.1,1.282,99.41,11.94,1.72,High Vibration
2026-08-13 07:24:57.383986,43.68,1.317,100.44,11.91,1.55,High Vibration
2026-08-13 07:24:58.383986,44.41,1.184,101.38,11.86,1.81,High Vibration
2026-08-13 07:24:59.383986,44.71,1.406,101.8,11.72,1.65,High Vibration
2026-08-13 07:25:00.383986,45.11,1.2,98.33,12.2,1.89,High Vibration
2026-08-13 07:25:01.383986,46.04,1.227,101.73,11.89,1.82,High Vibration
2026-08-13 07:25:02.383986,43.16,1.398,99.73,12.18,1.8,High Vibration
2026-08-13 07:25:03.383986,44.02,1.292,102.03,12.21,1.84,High Vibration
2026-08-13 07:25:04.383986,43.22,1.284,103.12,12.2,1.91,High Vibration
2026-08-13 07:25:05.383986,46.59,1.337,102.46,11.93,1.64,High Vibration
2026-08-13 07:25:06.383986,45.14,1.218,100.24,11.89,2.1,High Vibration
2026-08-13 07:25:07.383986,45.27,1.313,100.08,11.72,1.7,High Vibration
2026-08-13 07:25:08.383986,47.88,1.313,101.9,12.11,1.73,High Vibration
2026-08-13 07:25:09.383986,47.78,1.237,102.71,12.07,1.59,High Vibration
2026-08-13 07:25:10.383986,43.5,1.146,102.46,12.0,1.53,High Vibration
2026-08-13 07:25:11.383986,45.75,1.248,99.82,12.25,1.81,High Vibration
2026-08-13 07:25:12.383986,44.41,1.26,99.79,11.8,1.95,High Vibration
2026-08-13 07:25:13.383986,44.05,1.295,99.26,11.8,1.87,High Vibration
2026-08-13 07:25:14.383986,45.76,1.435,102.64,11.97,1.86,High Vibration
2026-08-13 07:25:15.383986,44.37,1.461,102.45,12.03,1.82,High Vibration
2026-08-13 07:25:16.383986,47.89,1.344,102.86,11.67,1.86,High Vibration
2026-08-13 07:25:17.383986,43.97,1.44,102.85,12.0,1.98,High Vibration
2026-08-13 07:25:18.383986,48.57,1.307,103.77,12.0,1.77,High Vibration
2026-08-13 07:25:19.383986,46.73,1.274,101.39,12.21,1.8,High Vibration
2026-08-13 07:25:20.383986,41.61,1.333,100.6,12.13,1.88,High Vibration
2026-08-13 07:25:21.383986,47.94,1.378,102.39,11.9,1.9,High Vibration
2026-08-13 07:25:22.383986,48.94,1.252,103.1,11.92,1.7,High Vibration
2026-08-13 07:25:23.383986,45.59,1.366,102.21,11.86,1.85,High Vibration
2026-08-13 07:25:24.383986,43.63,1.191,100.37,11.89,1.86,High Vibration
2026-08-13 07:25:25.383986,47.3,1.194,101.65,11.82,1.88,High Vibration
2026-08-13 07:25:26.383986,43.75,1.229,102.1,11.91,1.76,High Vibration
2026-08-13 07:25:27.383986,40.56,1.39,102.12,12.0,1.62,High Vibration
2026-08-13 07:25:28.383986,47.42,1.263,100.85,12.35,1.72,High Vibration
2026-08-13 07:25:29.383986,46.48,1.362,101.69,12.04,1.85,High Vibration
2026-08-13 07:25:30.383986,45.54,1.315,102.81,11.8,1.92,High Vibration
2026-08-13 07:25:31.383986,46.64,1.376,102.42,11.99,1.58,High Vibration
2026-08-13 07:25:32.383986,44.86,1.243,100.57,11.81,1.74,High Vibration
2026-08-13 07:25:33.383986,43.81,1.133,102.0,12.33,1.87,High Vibration
2026-08-13 07:25:34.383986,44.59,1.321,100.88,12.01,1.8,High Vibration
2026-08-13 07:25:35.383986,43.32,1.461,99.81,12.11,1.79,High Vibration
2026-08-13 07:25:36.383986,48.8,1.355,100.94,11.96,1.8,High Vibration
2026-08-13 07:25:37.383986,42.71,1.268,99.52,11.86,1.81,High Vibration
2026-08-13 07:25:38.383986,45.6,1.173,101.16,12.08,1.78,High Vibration
2026-08-13 07:25:39.383986,43.73,1.3,100.76,11.9,1.82,High Vibration
2026-08-13 07:25:40.383986,49.62,1.275,100.98,11.99,1.72,High Vibration
2026-08-13 07:25:41.383986,47.2,1.146,100.77,12.12,1.76,High Vibration
2026-08-13 07:25:42.383986,43.36,1.372,102.21,12.03,1.7,High Vibration
2026-08-13 07:25:43.383986,45.91,1.306,102.05,12.22,1.49,High Vibration
2026-08-13 07:25:44.383986,45.22,1.201,103.74,11.93,1.89,High Vibration
2026-08-13 07:25:45.383986,44.93,1.277,100.38,12.24,1.91,High Vibration
2026-08-13 07:25:46.383986,48.89,1.347,101.59,11.96,1.77,High Vibration
2026-08-13 07:25:47.383986,42.92,1.351,100.51,12.07,1.82,High Vibration
2026-08-13 07:25:48.383986,45.58,1.48,101.26,12.11,2.05,High Vibration
2026-08-13 07:25:49.383986,47.61,1.44,100.99,12.03,1.64,High Vibration
2026-08-13 07:25:50.383986,46.0,1.371,101.32,12.15,1.66,High Vibration
2026-08-13 07:25:51.383986,48.27,1.423,101.23,11.98,1.86,High Vibration
2026-08-13 07:25:52.383986,48.04,1.36,101.44,12.0,2.01,High Vibration
2026-08-13 07:25:53.383986,44.26,1.351,102.76,12.02,1.94,High Vibration
2026-08-13 07:25:54.383986,43.18,1.339,102.78,11.9,1.78,High Vibration
2026-08-13 07:25:55.383986,45.51,1.277,100.89,12.02,1.81,High Vibration
2026-08-13 07:25:56.383986,47.56,1.481,100.44,12.02,1.88,High Vibration
2026-08-13 07:25:57.383986,48.03,1.417,101.59,12.1,1.88,High Vibration
2026-08-13 07:25:58.383986,43.14,1.376,102.76,11.97,1.82,High Vibration
2026-08-13 07:25:59.383986,44.51,1.177,101.32,12.05,1.74,High Vibration
2026-08-13 07:26:00.383986,42.69,1.294,102.06,12.3,1.97,High Vibration
2026-08-13 07:26:01.383986,42.31,1.434,100.64,11.91,1.74,High Vibration
2026-08-13 07:26:02.383986,46.41,1.444,101.2,11.99,1.86,High Vibration
2026-08-13 07:26:03.383986,46.14,1.463,100.02,12.0,1.67,High Vibration
2026-08-13 07:26:04.383986,44.9,1.352,101.25,11.88,1.62,High Vibration
2026-08-13 07:26:05.383986,40.81,1.361,100.87,11.9,1.96,High Vibration
2026-08-13 07:26:06.383986,43.28,1.486,102.92,11.71,1.81,High Vibration
2026-08-13 07:26:07.383986,44.2,1.142,99.86,12.12,2.04,High Vibration
2026-08-13 07:26:08.383986,46.81,1.402,101.28,12.25,2.06,High Vibration
2026-08-13 07:26:09.383986,43.83,1.218,99.2,12.2,1.79,High Vibration
2026-08-13 07:26:10.383986,45.37,1.236,100.55,11.96,1.82,High Vibration
2026-08-13 07:26:11.383986,44.2,1.298,100.52,12.18,1.83,High Vibration
2026-08-13 07:26:12.383986,46.22,1.31,98.35,11.92,1.7,High Vibration
2026-08-13 07:26:13.383986,45.7,1.646,102.0,12.41,1.87,High Vibration
2026-08-13 07:26:14.383986,43.74,1.413,103.08,12.27,1.73,High Vibration
2026-08-13 07:26:15.383986,45.51,1.272,102.12,12.23,1.8,High Vibration
2026-08-13 07:26:16.383986,43.67,1.417,101.72,12.01,1.82,High Vibration
2026-08-13 07:26:17.383986,44.65,1.469,102.04,11.85,1.68,High Vibration
2026-08-13 07:26:18.383986,44.49,1.45,101.45,11.9,1.83,High Vibration
2026-08-13 07:26:19.383986,44.34,1.463,101.63,11.95,1.83,High Vibration
2026-08-13 07:26:20.383986,47.63,1.348,101.7,11.99,1.85,High Vibration
2026-08-13 07:26:21.383986,43.69,1.404,102.41,11.86,1.64,High Vibration
2026-08-13 07:26:22.383986,42.42,1.303,101.9,11.79,1.76,High Vibration
2026-08-13 07:26:23.383986,46.24,1.432,100.91,12.03,1.81,High Vibration
2026-08-13 07:26:24.383986,44.55,1.383,103.54,12.12,2.1,High Vibration
2026-08-13 07:26:25.383986,44.01,1.395,99.97,11.88,2.03,High Vibration
2026-08-13 07:26:26.383986,43.96,1.557,100.06,11.84,1.76,High Vibration
2026-08-13 07:26:27.383986,44.87,1.478,101.75,11.94,1.78,High Vibration
2026-08-13 07:26:28.383986,44.36,1.333,100.41,12.15,1.58,High Vibration
2026-08-13 07:26:29.383986,48.23,1.38,100.53,12.11,1.98,High Vibration
2026-08-13 07:26:30.383986,47.24,1.449,102.39,11.74,1.74,High Vibration
2026-08-13 07:26:31.383986,43.18,1.508,100.92,12.13,1.86,High Vibration
2026-08-13 07:26:32.383986,43.28,1.365,102.59,11.88,1.81,High Vibration
2026-08-13 07:26:33.383986,43.43,1.388,101.25,11.88,1.68,High Vibration
2026-08-13 07:26:34.383986,45.57,1.347,100.49,11.86,1.79,High Vibration
2026-08-13 07:26:35.383986,46.89,1.537,100.57,12.32,1.68,High Vibration
2026-08-13 07:26:36.383986,47.17,1.36,100.43,11.89,1.79,High Vibration
2026-08-13 07:26:37.383986,46.16,1.473,100.36,11.85,1.69,High Vibration
2026-08-13 07:26:38.383986,44.78,1.404,100.35,12.04,2.07,High Vibration
2026-08-13 07:26:39.383986,43.99,1.388,101.86,11.92,1.88,High Vibration
2026-08-13 07:26:40.383986,43.56,1.571,101.64,11.91,1.73,High Vibration
2026-08-13 07:26:41.383986,43.97,1.535,100.03,11.9,1.73,High Vibration
2026-08-13 07:26:42.383986,44.97,1.405,99.81,11.94,1.79,High Vibration
2026-08-13 07:26:43.383986,43.74,1.483,102.22,11.99,1.83,High Vibration
2026-08-13 07:26:44.383986,40.68,1.396,102.3,11.94,1.71,High Vibration
2026-08-13 07:26:45.383986,49.56,1.577,101.77,12.17,1.53,High Vibration
2026-08-13 07:26:46.383986,43.42,1.395,101.06,11.93,1.49,High Vibration
2026-08-13 07:26:47.383986,45.77,1.478,102.9,11.88,1.7,High Vibration
2026-08-13 07:26:48.383986,39.64,1.413,102.2,11.91,2.06,High Vibration
2026-08-13 07:26:49.383986,44.49,1.449,99.94,12.04,1.56,High Vibration
2026-08-13 07:26:50.383986,46.39,1.497,102.66,11.85,1.82,High Vibration
2026-08-13 07:26:51.383986,46.13,1.476,100.43,11.64,1.84,High Vibration
2026-08-13 07:26:52.383986,44.7,1.397,102.06,11.99,1.64,High Vibration
2026-08-13 07:26:53.383986,41.14,1.353,103.69,12.11,1.82,High Vibration
2026-08-13 07:26:54.383986,44.64,1.425,102.47,11.93,1.87,High Vibration
2026-08-13 07:26:55.383986,44.3,1.602,102.04,12.19,1.73,High Vibration
2026-08-13 07:26:56.383986,47.12,1.423,101.41,12.25,1.67,High Vibration
2026-08-13 07:26:57.383986,45.41,1.485,101.82,11.93,2.05,High Vibration
2026-08-13 07:26:58.383986,42.41,1.568,102.52,12.29,1.61,High Vibration
2026-08-13 07:26:59.383986,43.26,1.572,99.42,11.76,1.74,High Vibration
2026-08-13 07:27:00.383986,45.38,1.581,101.11,11.91,1.84,High Vibration
2026-08-13 07:27:01.383986,45.94,1.491,101.12,11.71,1.69,High Vibration
2026-08-13 07:27:02.383986,47.84,1.472,100.98,12.17,1.66,High Vibration
2026-08-13 07:27:03.383986,44.55,1.47,100.86,12.02,1.78,High Vibration
2026-08-13 07:27:04.383986,42.2,1.475,99.97,12.02,1.96,High Vibration
2026-08-13 07:27:05.383986,44.44,1.368,101.17,11.88,1.87,High Vibration
2026-08-13 07:27:06.383986,44.7,1.6,102.46,11.98,1.89,High Vibration
2026-08-13 07:27:07.383986,44.21,1.467,100.94,12.11,1.97,High Vibration
2026-08-13 07:27:08.383986,46.6,1.54,102.22,12.08,1.66,High Vibration
2026-08-13 07:27:09.383986,48.4,1.612,101.07,11.94,1.87,High Vibration
2026-08-13 07:27:10.383986,46.1,1.453,100.05,12.05,1.87,High Vibration
2026-08-13 07:27:11.383986,46.45,1.498,101.03,12.15,1.81,High Vibration
2026-08-13 07:27:12.383986,44.07,1.458,99.55,11.97,1.88,High Vibration
2026-08-13 07:27:13.383986,45.68,1.595,101.04,12.07,1.9,High Vibration
2026-08-13 07:27:14.383986,49.69,1.487,100.26,12.13,2.02,High Vibration
2026-08-13 07:27:15.383986,44.35,1.544,102.53,12.15,1.82,High Vibration
2026-08-13 07:27:16.383986,43.6,1.471,101.76,12.14,1.84,High Vibration
2026-08-13 07:27:17.383986,44.24,1.524,102.16,12.06,1.7,High Vibration
2026-08-13 07:27:18.383986,44.64,1.557,99.92,11.69,1.98,High Vibration
2026-08-13 07:27:19.383986,46.02,1.531,100.22,12.11,1.83,High Vibration
2026-08-13 07:27:20.383986,41.83,1.598,101.46,11.94,1.75,High Vibration
2026-08-13 07:27:21.383986,40.97,1.533,101.56,11.97,1.95,High Vibration
2026-08-13 07:27:22.383986,42.23,1.439,100.45,11.96,1.81,High Vibration
2026-08-13 07:27:23.383986,45.86,1.461,100.42,12.25,2.09,High Vibration
2026-08-13 07:27:24.383986,45.29,1.429,102.78,11.78,1.76,High Vibration
2026-08-13 07:27:25.383986,43.61,1.399,101.02,11.87,1.8,High Vibration
2026-08-13 07:27:26.383986,45.05,1.443,100.93,11.97,1.9,High Vibration
2026-08-13 07:27:27.383986,44.7,1.56,101.89,12.09,1.97,High Vibration
2026-08-13 07:27:28.383986,42.76,1.458,103.06,11.96,1.46,High Vibration
2026-08-13 07:27:29.383986,44.59,1.508,98.68,12.2,1.71,High Vibration
2026-08-13 07:27:30.383986,45.66,1.481,100.01,11.84,1.69,High Vibration
2026-08-13 07:27:31.383986,47.17,1.489,100.78,11.86,1.94,High Vibration
2026-08-13 07:27:32.383986,47.93,1.597,101.79,12.04,1.65,High Vibration
2026-08-13 07:27:33.383986,44.51,1.449,99.47,12.16,1.72,High Vibration
2026-08-13 07:27:34.383986,47.39,1.576,101.86,12.09,1.73,High Vibration
2026-08-13 07:27:35.383986,48.72,1.51,101.6,11.9,1.69,High Vibration
2026-08-13 07:27:36.383986,45.95,1.525,100.51,11.78,1.65,High Vibration
2026-08-13 07:27:37.383986,47.39,1.46,100.96,12.22,1.67,High Vibration
2026-08-13 07:27:38.383986,43.55,1.449,102.92,12.3,1.89,High Vibration
2026-08-13 07:27:39.383986,46.57,1.466,103.25,12.04,1.9,High Vibration
2026-08-13 07:27:40.383986,44.79,1.493,102.96,12.08,1.97,High Vibration
2026-08-13 07:27:41.383986,45.51,1.448,100.72,12.02,1.72,High Vibration
2026-08-13 07:27:42.383986,42.79,1.613,100.76,12.02,1.84,High Vibration
2026-08-13 07:27:43.383986,43.82,1.635,100.18,12.04,1.83,High Vibration
2026-08-13 07:27:44.383986,44.89,1.416,102.17,12.11,1.72,High Vibration
2026-08-13 07:27:45.383986,46.41,1.551,100.02,11.87,1.94,High Vibration
2026-08-13 07:27:46.383986,45.62,1.478,100.44,11.92,1.75,High Vibration
2026-08-13 07:27:47.383986,43.31,1.385,102.44,12.15,1.65,High Vibration
2026-08-13 07:27:48.383986,45.27,1.454,101.04,11.95,1.75,High Vibration
2026-08-13 07:27:49.383986,49.01,1.492,100.49,11.89,1.93,High Vibration
2026-08-13 07:27:50.383986,41.7,1.468,102.75,12.04,1.82,High Vibration
2026-08-13 07:27:51.383986,49.26,1.55,100.59,11.96,1.66,High Vibration
2026-08-13 07:27:52.383986,47.51,1.578,102.42,12.18,1.75,High Vibration
2026-08-13 07:27:53.383986,43.11,1.529,100.43,12.02,1.94,High Vibration
2026-08-13 07:27:54.383986,44.66,1.547,101.21,12.12,1.72,High Vibration
2026-08-13 07:27:55.383986,40.61,1.574,102.29,12.07,1.72,High Vibration
2026-08-13 07:27:56.383986,42.73,1.578,101.44,11.98,2.02,High Vibration
2026-08-13 07:27:57.383986,43.11,1.682,101.33,11.72,1.78,High Vibration
2026-08-13 07:27:58.383986,46.92,1.512,99.83,11.98,1.7,High Vibration
2026-08-13 07:27:59.383986,45.98,1.604,100.24,11.89,1.89,High Vibration
2026-08-13 07:28:00.383986,43.28,1.457,100.12,12.05,1.84,High Vibration
2026-08-13 07:28:01.383986,43.63,1.546,102.83,11.85,1.57,High Vibration
2026-08-13 07:28:02.383986,45.91,1.538,100.59,12.1,1.9,High Vibration
2026-08-13 07:28:03.383986,40.58,1.496,103.62,12.09,1.88,High Vibration
2026-08-13 07:28:04.383986,47.35,1.551,102.1,12.11,1.86,High Vibration
2026-08-13 07:28:05.383986,44.36,1.565,100.71,12.0,1.66,High Vibration
2026-08-13 07:28:06.383986,43.42,1.53,100.36,11.92,1.78,High Vibration
2026-08-13 07:28:07.383986,45.8,1.63,100.84,12.2,1.91,High Vibration
2026-08-13 07:28:08.383986,46.01,1.568,101.62,12.18,1.95,High Vibration
2026-08-13 07:28:09.383986,47.67,1.561,101.85,12.2,1.73,High Vibration
2026-08-13 07:28:10.383986,44.36,1.56,102.2,12.14,1.77,High Vibration
2026-08-13 07:28:11.383986,41.98,1.58,100.38,11.78,1.65,High Vibration
2026-08-13 07:28:12.383986,45.65,1.671,101.34,12.03,1.94,High Vibration
2026-08-13 07:28:13.383986,41.91,1.605,101.29,12.08,1.74,High Vibration
2026-08-13 07:28:14.383986,43.36,1.576,102.95,12.13,1.74,High Vibration
2026-08-13 07:28:15.383986,42.32,1.432,102.62,11.86,1.76,High Vibration
2026-08-13 07:28:16.383986,47.64,1.439,102.79,11.96,1.66,High Vibration
2026-08-13 07:28:17.383986,44.51,1.512,101.74,11.9,1.57,High Vibration
2026-08-13 07:28:18.383986,44.56,1.462,101.5,11.82,1.74,High Vibration
2026-08-13 07:28:19.383986,45.37,1.556,101.55,12.1,1.66,High Vibration
2026-08-13 07:28:20.383986,44.87,1.308,101.55,11.95,1.68,High Vibration
2026-08-13 07:28:21.383986,45.63,1.669,100.82,11.86,1.82,High Vibration
2026-08-13 07:28:22.383986,42.33,1.524,102.52,12.01,1.57,High Vibration
2026-08-13 07:28:23.383986,41.41,1.591,102.16,11.76,1.85,High Vibration
2026-08-13 07:28:24.383986,47.66,1.731,101.63,12.08,1.54,High Vibration
2026-08-13 07:28:25.383986,49.2,1.535,100.37,11.96,1.98,High Vibration
2026-08-13 07:28:26.383986,49.42,1.593,102.3,12.01,1.68,High Vibration
2026-08-13 07:28:27.383986,47.95,1.535,102.84,12.19,1.87,High Vibration
2026-08-13 07:28:28.383986,48.66,1.765,101.12,11.88,1.58,High Vibration
2026-08-13 07:28:29.383986,49.49,1.552,102.44,11.89,1.98,High Vibration
2026-08-13 07:28:30.383986,43.6,1.494,101.09,11.92,1.87,High Vibration
2026-08-13 07:28:31.383986,44.9,1.641,101.01,11.9,1.73,High Vibration
2026-08-13 07:28:32.383986,49.09,1.61,99.32,11.92,1.81,High Vibration
2026-08-13 07:28:33.383986,48.69,1.676,100.38,12.36,1.8,High Vibration
2026-08-13 07:28:34.383986,47.49,1.503,98.9,11.79,1.41,High Vibration
2026-08-13 07:28:35.383986,49.22,1.614,100.38,12.07,1.82,High Vibration
2026-08-13 07:28:36.383986,46.24,1.695,101.01,11.87,1.9,High Vibration
2026-08-13 07:28:37.383986,46.6,1.608,103.48,11.93,1.69,High Vibration
2026-08-13 07:28:38.383986,45.84,1.547,101.8,11.88,1.75,High Vibration
2026-08-13 07:28:39.383986,48.78,1.57,100.5,12.18,1.67,High Vibration
2026-08-13 07:28:40.383986,43.61,1.65,102.24,12.18,1.71,High Vibration
2026-08-13 07:28:41.383986,46.19,1.568,100.69,12.18,1.73,High Vibration
2026-08-13 07:28:42.383986,45.56,1.619,100.23,12.14,1.87,High Vibration
2026-08-13 07:28:43.383986,41.03,1.631,100.53,12.16,1.63,High Vibration
2026-08-13 07:28:44.383986,44.29,1.639,101.35,12.11,1.62,High Vibration
2026-08-13 07:28:45.383986,48.3,1.654,102.66,12.13,1.8,High Vibration
2026-08-13 07:28:46.383986,42.43,1.568,102.89,12.21,1.73,High Vibration
2026-08-13 07:28:47.383986,39.36,1.597,101.01,11.96,1.86,High Vibration
2026-08-13 07:28:48.383986,46.75,1.695,101.75,11.73,1.76,High Vibration
2026-08-13 07:28:49.383986,49.61,1.647,101.67,12.05,1.85,High Vibration
2026-08-13 07:28:50.383986,40.23,1.6,101.26,12.19,1.81,High Vibration
2026-08-13 07:28:51.383986,41.71,1.655,100.5,11.82,1.7,High Vibration
2026-08-13 07:28:52.383986,46.09,1.723,101.78,12.09,1.86,High Vibration
2026-08-13 07:28:53.383986,45.2,1.679,98.88,12.02,1.67,High Vibration
2026-08-13 07:28:54.383986,47.33,1.613,101.33,11.77,1.92,High Vibration
2026-08-13 07:28:55.383986,46.25,1.671,100.49,11.88,1.83,High Vibration
2026-08-13 07:28:56.383986,43.61,1.663,99.14,11.93,2.02,High Vibration
2026-08-13 07:28:57.383986,45.88,1.643,103.29,11.65,1.7,High Vibration
2026-08-13 07:28:58.383986,44.2,1.7,102.18,11.87,1.92,High Vibration
2026-08-13 07:28:59.383986,44.19,1.729,100.27,11.98,1.74,High Vibration
2026-08-13 07:29:00.383986,47.11,1.592,101.26,12.08,1.87,High Vibration
2026-08-13 07:29:01.383986,46.77,1.652,100.88,11.95,1.8,High Vibration
2026-08-13 07:29:02.383986,45.5,1.625,101.32,11.77,1.88,High Vibration
2026-08-13 07:29:03.383986,45.36,1.719,101.3,11.74,1.76,High Vibration
2026-08-13 07:29:04.383986,44.6,1.699,99.23,12.01,1.86,High Vibration
2026-08-13 07:29:05.383986,43.68,1.647,100.67,11.89,1.75,High Vibration
2026-08-13 07:29:06.383986,43.58,1.698,100.57,11.86,2.01,High Vibration
2026-08-13 07:29:07.383986,46.92,1.496,100.54,12.04,1.84,High Vibration
2026-08-13 07:29:08.383986,42.02,1.739,102.13,12.07,1.96,High Vibration
2026-08-13 07:29:09.383986,45.9,1.683,102.86,12.17,1.7,High Vibration
2026-08-13 07:29:10.383986,46.27,1.596,101.8,12.07,1.63,High Vibration
2026-08-13 07:29:11.383986,44.76,1.672,100.86,12.05,1.9,High Vibration
2026-08-13 07:29:12.383986,44.94,1.67,102.68,12.07,1.82,High Vibration
2026-08-13 07:29:13.383986,43.08,1.707,101.63,12.19,1.81,High Vibration
2026-08-13 07:29:14.383986,41.37,1.519,102.04,11.91,1.85,High Vibration
2026-08-13 07:29:15.383986,45.23,1.643,101.2,11.87,1.8,High Vibration
2026-08-13 07:29:16.383986,43.83,1.628,100.98,11.97,1.91,High Vibration
2026-08-13 07:29:17.383986,44.74,1.741,102.84,12.13,1.86,High Vibration
2026-08-13 07:29:18.383986,45.65,1.73,101.39,12.15,1.87,High Vibration
2026-08-13 07:29:19.383986,44.28,1.734,101.39,11.98,1.74,High Vibration
2026-08-13 07:29:20.383986,45.33,1.744,102.19,12.05,1.87,High Vibration
2026-08-13 07:29:21.383986,47.54,1.654,100.18,12.2,1.74,High Vibration
2026-08-13 07:29:22.383986,43.62,1.523,101.87,11.76,1.71,High Vibration
2026-08-13 07:29:23.383986,46.18,1.726,100.65,11.98,1.7,High Vibration
2026-08-13 07:29:24.383986,43.9,1.691,100.8,11.96,1.62,High Vibration
2026-08-13 07:29:25.383986,47.27,1.712,102.09,12.19,1.7,High Vibration
2026-08-13 07:29:26.383986,44.28,1.521,104.44,11.98,1.92,High Vibration
2026-08-13 07:29:27.383986,42.52,1.754,103.16,11.99,1.68,High Vibration
2026-08-13 07:29:28.383986,44.72,1.498,101.26,12.12,1.8,High Vibration
2026-08-13 07:29:29.383986,44.43,1.72,101.9,11.75,1.81,High Vibration
2026-08-13 07:29:30.383986,49.87,1.572,101.21,12.29,1.93,High Vibration
2026-08-13 07:29:31.383986,43.97,1.697,101.3,11.89,1.79,High Vibration
2026-08-13 07:29:32.383986,44.44,1.691,100.55,11.81,1.8,High Vibration
2026-08-13 07:29:33.383986,48.43,1.69,100.97,12.11,1.78,High Vibration
2026-08-13 07:29:34.383986,48.74,1.685,102.0,11.89,1.86,High Vibration
2026-08-13 07:29:35.383986,45.55,1.682,100.8,11.9,1.83,High Vibration
2026-08-13 07:29:36.383986,46.26,1.678,101.59,11.99,1.81,High Vibration
2026-08-13 07:29:37.383986,44.6,1.691,104.0,12.05,1.88,High Vibration
2026-08-13 07:29:38.383986,45.88,1.67,102.59,11.96,1.93,High Vibration
2026-08-13 07:29:39.383986,44.33,1.616,101.67,11.83,1.86,High Vibration
2026-08-13 07:29:40.383986,42.61,1.668,99.87,12.42,1.6,High Vibration
2026-08-13 07:29:41.383986,45.02,1.787,102.34,12.13,1.76,High Vibration
2026-08-13 07:29:42.383986,47.7,1.77,101.51,12.04,1.76,High Vibration
2026-08-13 07:29:43.383986,43.18,1.797,102.61,11.87,1.78,High Vibration
2026-08-13 07:29:44.383986,44.71,0.199,101.36,12.14,1.71,Pressure Anomaly
2026-08-13 07:29:45.383986,43.31,0.249,100.82,11.81,1.74,Pressure Anomaly
2026-08-13 07:29:46.383986,44.34,0.262,102.18,12.17,1.9,Pressure Anomaly
2026-08-13 07:29:47.383986,46.89,0.172,101.04,11.85,1.77,Pressure Anomaly
2026-08-13 07:29:48.383986,46.37,0.205,102.53,11.83,1.86,Pressure Anomaly
2026-08-13 07:29:49.383986,42.5,0.204,101.94,11.97,1.87,Pressure Anomaly
2026-08-13 07:29:50.383986,43.08,0.133,101.74,12.26,1.68,Pressure Anomaly
2026-08-13 07:29:51.383986,47.44,0.202,99.82,11.83,1.8,Pressure Anomaly
2026-08-13 07:29:52.383986,44.19,0.147,99.45,11.87,1.82,Pressure Anomaly
2026-08-13 07:29:53.383986,44.99,0.18,101.32,12.16,1.85,Pressure Anomaly
2026-08-13 07:29:54.383986,44.76,0.237,100.14,11.97,1.78,Pressure Anomaly
2026-08-13 07:29:55.383986,42.53,0.183,99.01,12.29,1.69,Pressure Anomaly
2026-08-13 07:29:56.383986,48.17,0.202,101.62,11.93,1.82,Pressure Anomaly
2026-08-13 07:29:57.383986,46.3,0.227,101.81,11.94,1.74,Pressure Anomaly
2026-08-13 07:29:58.383986,41.81,0.221,102.1,12.24,1.84,Pressure Anomaly
2026-08-13 07:29:59.383986,43.47,0.132,102.04,11.73,1.76,Pressure Anomaly
2026-08-13 07:30:00.383986,44.55,0.197,101.02,12.02,1.51,Pressure Anomaly
2026-08-13 07:30:01.383986,45.03,0.111,101.69,11.92,1.54,Pressure Anomaly
2026-08-13 07:30:02.383986,43.37,0.177,102.13,12.03,1.84,Pressure Anomaly
2026-08-13 07:30:03.383986,47.36,0.196,101.67,12.1,1.65,Pressure Anomaly
2026-08-13 07:30:04.383986,47.95,0.143,101.82,11.77,1.87,Pressure Anomaly
2026-08-13 07:30:05.383986,48.72,0.191,100.62,12.09,1.76,Pressure Anomaly
2026-08-13 07:30:06.383986,48.64,0.208,100.54,11.92,1.69,Pressure Anomaly
2026-08-13 07:30:07.383986,43.74,0.186,100.35,11.9,2.05,Pressure Anomaly
2026-08-13 07:30:08.383986,42.94,0.206,101.41,12.09,1.79,Pressure Anomaly
2026-08-13 07:30:09.383986,44.52,0.218,101.07,11.96,1.61,Pressure Anomaly
2026-08-13 07:30:10.383986,44.06,0.154,100.11,12.0,1.84,Pressure Anomaly
2026-08-13 07:30:11.383986,48.56,0.179,101.53,12.05,1.96,Pressure Anomaly
2026-08-13 07:30:12.383986,46.15,0.16,99.02,12.05,1.74,Pressure Anomaly
2026-08-13 07:30:13.383986,43.04,0.149,100.88,12.23,1.75,Pressure Anomaly
2026-08-13 07:30:14.383986,46.18,0.196,99.41,12.11,1.67,Pressure Anomaly
2026-08-13 07:30:15.383986,45.04,0.186,101.57,11.84,1.85,Pressure Anomaly
2026-08-13 07:30:16.383986,43.32,0.18,97.02,12.31,1.87,Pressure Anomaly
2026-08-13 07:30:17.383986,43.47,0.155,100.14,12.11,1.57,Pressure Anomaly
2026-08-13 07:30:18.383986,44.72,0.271,99.49,12.01,2.06,Pressure Anomaly
2026-08-13 07:30:19.383986,46.26,0.205,101.11,11.94,1.96,Pressure Anomaly
2026-08-13 07:30:20.383986,44.2,0.122,100.19,11.85,1.77,Pressure Anomaly
2026-08-13 07:30:21.383986,44.48,0.248,101.26,12.04,1.8,Pressure Anomaly
2026-08-13 07:30:22.383986,42.88,0.113,100.65,12.12,1.79,Pressure Anomaly
2026-08-13 07:30:23.383986,43.93,0.219,100.44,12.25,1.95,Pressure Anomaly
2026-08-13 07:30:24.383986,46.92,0.23,99.21,12.1,1.85,Pressure Anomaly
2026-08-13 07:30:25.383986,46.21,0.22,100.93,12.41,1.79,Pressure Anomaly
2026-08-13 07:30:26.383986,46.87,0.181,101.25,12.14,1.84,Pressure Anomaly
2026-08-13 07:30:27.383986,48.34,0.165,99.95,12.03,1.91,Pressure Anomaly
2026-08-13 07:30:28.383986,45.36,0.251,99.76,11.83,1.84,Pressure Anomaly
2026-08-13 07:30:29.383986,44.85,0.222,100.37,11.95,1.79,Pressure Anomaly
2026-08-13 07:30:30.383986,45.06,0.188,100.18,11.94,1.9,Pressure Anomaly
2026-08-13 07:30:31.383986,45.39,0.29,100.52,11.92,2.12,Pressure Anomaly
2026-08-13 07:30:32.383986,45.83,0.24,100.93,12.09,1.86,Pressure Anomaly
2026-08-13 07:30:33.383986,42.8,0.215,99.0,11.97,1.71,Pressure Anomaly
2026-08-13 07:30:34.383986,45.71,0.213,100.78,12.04,1.73,Pressure Anomaly
2026-08-13 07:30:35.383986,44.48,0.237,101.35,11.83,1.62,Pressure Anomaly
2026-08-13 07:30:36.383986,43.55,0.242,101.47,11.86,1.84,Pressure Anomaly
2026-08-13 07:30:37.383986,48.67,0.217,101.66,12.15,1.69,Pressure Anomaly
2026-08-13 07:30:38.383986,44.62,0.201,100.32,12.14,1.85,Pressure Anomaly
2026-08-13 07:30:39.383986,39.13,0.147,98.01,12.03,1.83,Pressure Anomaly
2026-08-13 07:30:40.383986,45.57,0.162,100.85,12.11,1.65,Pressure Anomaly
2026-08-13 07:30:41.383986,42.07,0.2,101.95,12.25,1.87,Pressure Anomaly
2026-08-13 07:30:42.383986,43.54,0.235,99.69,11.88,1.54,Pressure Anomaly
2026-08-13 07:30:43.383986,45.2,0.175,100.22,11.66,1.82,Pressure Anomaly
2026-08-13 07:30:44.383986,40.14,0.244,100.62,11.96,1.87,Pressure Anomaly
2026-08-13 07:30:45.383986,43.04,0.203,100.87,11.54,1.75,Pressure Anomaly
2026-08-13 07:30:46.383986,44.95,0.192,101.52,11.83,1.73,Pressure Anomaly
2026-08-13 07:30:47.383986,41.17,0.26,99.79,11.93,1.79,Pressure Anomaly
2026-08-13 07:30:48.383986,46.27,0.214,102.67,12.07,1.74,Pressure Anomaly
2026-08-13 07:30:49.383986,43.88,0.184,98.5,12.01,1.89,Pressure Anomaly
2026-08-13 07:30:50.383986,43.77,0.168,101.5,11.79,1.55,Pressure Anomaly
2026-08-13 07:30:51.383986,42.69,0.138,100.35,11.95,1.77,Pressure Anomaly
2026-08-13 07:30:52.383986,47.31,0.172,100.72,12.23,1.75,Pressure Anomaly
2026-08-13 07:30:53.383986,46.47,0.19,100.84,11.76,1.6,Pressure Anomaly
2026-08-13 07:30:54.383986,44.22,0.164,99.38,11.97,1.89,Pressure Anomaly
2026-08-13 07:30:55.383986,44.18,0.167,99.53,11.88,1.69,Pressure Anomaly
2026-08-13 07:30:56.383986,41.77,0.203,99.29,12.14,1.63,Pressure Anomaly
2026-08-13 07:30:57.383986,43.92,0.273,98.9,11.96,1.65,Pressure Anomaly
2026-08-13 07:30:58.383986,42.3,0.262,99.99,12.02,1.6,Pressure Anomaly
2026-08-13 07:30:59.383986,45.72,0.246,100.95,12.1,1.66,Pressure Anomaly
2026-08-13 07:31:00.383986,45.63,0.227,97.99,11.83,1.91,Pressure Anomaly
2026-08-13 07:31:01.383986,46.75,0.138,100.56,12.01,1.89,Pressure Anomaly
2026-08-13 07:31:02.383986,43.73,0.226,100.58,11.95,1.8,Pressure Anomaly
2026-08-13 07:31:03.383986,43.7,0.266,99.6,11.86,1.71,Pressure Anomaly
2026-08-13 07:31:04.383986,45.25,0.23,98.36,12.28,1.84,Pressure Anomaly
2026-08-13 07:31:05.383986,45.93,0.196,99.7,11.98,1.92,Pressure Anomaly
2026-08-13 07:31:06.383986,44.98,0.231,99.23,12.03,1.7,Pressure Anomaly
2026-08-13 07:31:07.383986,47.43,0.167,99.32,11.95,1.76,Pressure Anomaly
2026-08-13 07:31:08.383986,46.44,0.187,101.01,11.88,1.82,Pressure Anomaly
2026-08-13 07:31:09.383986,43.45,0.217,99.58,11.98,1.94,Pressure Anomaly
2026-08-13 07:31:10.383986,43.69,0.223,98.81,12.02,1.66,Pressure Anomaly
2026-08-13 07:31:11.383986,43.67,0.197,101.37,12.02,2.0,Pressure Anomaly
2026-08-13 07:31:12.383986,45.44,0.185,101.08,12.07,1.72,Pressure Anomaly
2026-08-13 07:31:13.383986,45.94,0.188,97.53,12.14,1.93,Pressure Anomaly
2026-08-13 07:31:14.383986,48.68,0.217,99.25,12.13,1.9,Pressure Anomaly
2026-08-13 07:31:15.383986,48.28,0.198,99.31,11.89,1.86,Pressure Anomaly
2026-08-13 07:31:16.383986,41.9,0.231,100.05,12.09,1.82,Pressure Anomaly
2026-08-13 07:31:17.383986,48.07,0.235,98.83,11.91,1.69,Pressure Anomaly
2026-08-13 07:31:18.383986,46.1,0.16,100.5,12.2,1.69,Pressure Anomaly
2026-08-13 07:31:19.383986,44.63,0.201,100.28,12.24,1.6,Pressure Anomaly
2026-08-13 07:31:20.383986,44.36,0.189,97.98,11.93,1.85,Pressure Anomaly
2026-08-13 07:31:21.383986,44.44,0.138,102.23,12.04,1.81,Pressure Anomaly
2026-08-13 07:31:22.383986,42.8,0.21,99.18,11.72,1.67,Pressure Anomaly
2026-08-13 07:31:23.383986,46.59,0.278,99.69,12.17,1.78,Pressure Anomaly
2026-08-13 07:31:24.383986,44.83,0.244,100.96,12.2,1.67,Pressure Anomaly
2026-08-13 07:31:25.383986,44.87,0.211,99.02,12.06,1.9,Pressure Anomaly
2026-08-13 07:31:26.383986,47.01,0.267,98.93,11.8,1.84,Pressure Anomaly
2026-08-13 07:31:27.383986,48.77,0.181,99.93,12.1,1.82,Pressure Anomaly
2026-08-13 07:31:28.383986,45.01,0.163,96.94,11.83,1.75,Pressure Anomaly
2026-08-13 07:31:29.383986,47.19,0.196,98.68,11.87,1.88,Pressure Anomaly
2026-08-13 07:31:30.383986,47.72,0.243,99.79,11.78,1.76,Pressure Anomaly
2026-08-13 07:31:31.383986,48.89,0.245,97.62,11.99,1.84,Pressure Anomaly
2026-08-13 07:31:32.383986,43.48,0.108,99.24,11.88,1.71,Pressure Anomaly
2026-08-13 07:31:33.383986,44.29,0.195,99.11,11.87,1.77,Pressure Anomaly
2026-08-13 07:31:34.383986,41.49,0.212,96.24,11.96,1.91,Pressure Anomaly
2026-08-13 07:31:35.383986,42.88,0.229,100.24,11.5,1.78,Pressure Anomaly
2026-08-13 07:31:36.383986,39.25,0.195,99.05,11.63,2.03,Pressure Anomaly
2026-08-13 07:31:37.383986,45.57,0.166,100.51,11.73,1.65,Pressure Anomaly
2026-08-13 07:31:38.383986,40.4,0.272,99.35,12.1,1.84,Pressure Anomaly
2026-08-13 07:31:39.383986,46.15,0.203,99.27,12.02,1.73,Pressure Anomaly
2026-08-13 07:31:40.383986,44.91,0.211,99.09,11.78,1.64,Pressure Anomaly
2026-08-13 07:31:41.383986,47.17,0.188,99.54,11.84,1.62,Pressure Anomaly
2026-08-13 07:31:42.383986,43.31,0.191,98.27,12.19,1.82,Pressure Anomaly
2026-08-13 07:31:43.383986,48.7,0.216,96.51,12.16,1.62,Pressure Anomaly
2026-08-13 07:31:44.383986,45.46,0.169,101.04,12.22,1.71,Pressure Anomaly
2026-08-13 07:31:45.383986,44.75,0.21,99.74,12.0,1.68,Pressure Anomaly
2026-08-13 07:31:46.383986,43.56,0.2,100.09,12.06,1.71,Pressure Anomaly
2026-08-13 07:31:47.383986,46.3,0.185,99.73,12.38,1.76,Pressure Anomaly
2026-08-13 07:31:48.383986,46.6,0.17,98.71,12.0,1.78,Pressure Anomaly
2026-08-13 07:31:49.383986,49.93,0.188,99.39,11.71,1.85,Pressure Anomaly
2026-08-13 07:31:50.383986,47.28,0.179,96.27,11.99,1.8,Pressure Anomaly
2026-08-13 07:31:51.383986,46.45,0.28,98.38,11.87,1.66,Pressure Anomaly
2026-08-13 07:31:52.383986,45.4,0.219,98.19,12.12,1.86,Pressure Anomaly
2026-08-13 07:31:53.383986,45.09,0.164,98.24,11.64,1.83,Pressure Anomaly
2026-08-13 07:31:54.383986,45.05,0.208,99.2,12.06,1.79,Pressure Anomaly
2026-08-13 07:31:55.383986,45.1,0.144,98.1,12.01,1.71,Pressure Anomaly
2026-08-13 07:31:56.383986,46.72,0.174,98.88,12.02,1.89,Pressure Anomaly
2026-08-13 07:31:57.383986,46.8,0.228,96.53,12.18,1.98,Pressure Anomaly
2026-08-13 07:31:58.383986,44.04,0.209,97.73,11.71,1.71,Pressure Anomaly
2026-08-13 07:31:59.383986,43.92,0.186,97.64,11.89,1.8,Pressure Anomaly
2026-08-13 07:32:00.383986,43.46,0.222,99.26,12.36,1.94,Pressure Anomaly
2026-08-13 07:32:01.383986,45.49,0.175,98.85,12.05,1.74,Pressure Anomaly
2026-08-13 07:32:02.383986,46.57,0.144,98.3,12.08,1.77,Pressure Anomaly
2026-08-13 07:32:03.383986,44.59,0.194,97.68,12.18,1.68,Pressure Anomaly
2026-08-13 07:32:04.383986,45.64,0.217,97.55,12.01,1.69,Pressure Anomaly
2026-08-13 07:32:05.383986,47.78,0.154,97.83,11.82,1.64,Pressure Anomaly
2026-08-13 07:32:06.383986,48.18,0.222,98.6,11.9,1.91,Pressure Anomaly
2026-08-13 07:32:07.383986,43.35,0.232,97.57,11.9,1.89,Pressure Anomaly
2026-08-13 07:32:08.383986,46.73,0.224,97.37,11.93,1.82,Pressure Anomaly
2026-08-13 07:32:09.383986,43.3,0.255,96.0,11.88,1.74,Pressure Anomaly
2026-08-13 07:32:10.383986,39.31,0.144,99.01,12.0,1.99,Pressure Anomaly
2026-08-13 07:32:11.383986,48.09,0.217,98.67,12.01,1.48,Pressure Anomaly
2026-08-13 07:32:12.383986,42.21,0.204,98.96,12.04,1.69,Pressure Anomaly
2026-08-13 07:32:13.383986,46.87,0.259,99.26,12.15,1.73,Pressure Anomaly
2026-08-13 07:32:14.383986,47.15,0.206,98.81,12.05,1.79,Pressure Anomaly
2026-08-13 07:32:15.383986,43.28,0.197,99.27,11.93,1.91,Pressure Anomaly
2026-08-13 07:32:16.383986,46.47,0.188,99.65,11.95,1.98,Pressure Anomaly
2026-08-13 07:32:17.383986,45.87,0.199,97.35,11.99,1.78,Pressure Anomaly
2026-08-13 07:32:18.383986,42.48,0.191,97.42,12.09,1.96,Pressure Anomaly
2026-08-13 07:32:19.383986,42.55,0.268,98.07,11.85,1.89,Pressure Anomaly
2026-08-13 07:32:20.383986,44.11,0.197,97.78,11.88,1.89,Pressure Anomaly
2026-08-13 07:32:21.383986,44.43,0.143,98.71,11.82,1.66,Pressure Anomaly
2026-08-13 07:32:22.383986,47.39,0.152,95.82,12.09,1.76,Pressure Anomaly
2026-08-13 07:32:23.383986,44.56,0.187,98.35,11.89,1.98,Pressure Anomaly
2026-08-13 07:32:24.383986,42.05,0.218,98.74,11.89,1.68,Pressure Anomaly
2026-08-13 07:32:25.383986,47.03,0.16,97.47,12.13,1.8,Pressure Anomaly
2026-08-13 07:32:26.383986,41.41,0.27,97.53,11.94,1.83,Pressure Anomaly
2026-08-13 07:32:27.383986,46.25,0.278,96.38,12.12,1.89,Pressure Anomaly
2026-08-13 07:32:28.383986,44.73,0.231,98.95,11.79,2.01,Pressure Anomaly
2026-08-13 07:32:29.383986,41.88,0.155,97.74,12.29,1.76,Pressure Anomaly
2026-08-13 07:32:30.383986,44.94,0.257,97.68,11.82,1.75,Pressure Anomaly
2026-08-13 07:32:31.383986,47.74,0.203,99.89,12.11,1.72,Pressure Anomaly
2026-08-13 07:32:32.383986,45.1,0.166,97.27,12.67,1.92,Pressure Anomaly
2026-08-13 07:32:33.383986,46.72,0.175,99.49,12.16,2.03,Pressure Anomaly
2026-08-13 07:32:34.383986,48.67,0.141,96.79,11.85,1.69,Pressure Anomaly
2026-08-13 07:32:35.383986,45.65,0.177,99.95,12.29,1.8,Pressure Anomaly
2026-08-13 07:32:36.383986,48.91,0.26,97.41,11.7,1.77,Pressure Anomaly
2026-08-13 07:32:37.383986,43.71,0.208,97.93,12.01,1.86,Pressure Anomaly
2026-08-13 07:32:38.383986,42.57,0.216,97.38,12.03,1.91,Pressure Anomaly
2026-08-13 07:32:39.383986,42.55,0.189,97.68,11.92,1.91,Pressure Anomaly
2026-08-13 07:32:40.383986,43.56,0.178,97.07,12.16,1.74,Pressure Anomaly
2026-08-13 07:32:41.383986,45.92,0.279,97.69,12.17,2.0,Pressure Anomaly
2026-08-13 07:32:42.383986,47.05,0.199,98.38,11.81,1.71,Pressure Anomaly
2026-08-13 07:32:43.383986,43.79,0.29,96.91,11.88,1.67,Pressure Anomaly
2026-08-13 07:32:44.383986,46.12,0.206,98.79,12.1,1.63,Pressure Anomaly
2026-08-13 07:32:45.383986,43.39,0.255,97.48,12.18,1.78,Pressure Anomaly
2026-08-13 07:32:46.383986,43.06,0.188,96.69,11.92,1.82,Pressure Anomaly
2026-08-13 07:32:47.383986,46.02,0.136,97.62,11.91,1.72,Pressure Anomaly
2026-08-13 07:32:48.383986,45.27,0.178,99.0,12.18,1.94,Pressure Anomaly
2026-08-13 07:32:49.383986,44.01,0.162,97.68,11.98,1.73,Pressure Anomaly
2026-08-13 07:32:50.383986,42.65,0.198,97.18,12.1,1.88,Pressure Anomaly
2026-08-13 07:32:51.383986,47.2,0.15,97.96,11.89,1.65,Pressure Anomaly
2026-08-13 07:32:52.383986,44.14,0.243,97.17,12.23,1.87,Pressure Anomaly
2026-08-13 07:32:53.383986,44.21,0.246,97.97,11.86,2.02,Pressure Anomaly
2026-08-13 07:32:54.383986,45.52,0.201,96.64,12.18,1.86,Pressure Anomaly
2026-08-13 07:32:55.383986,46.26,0.18,98.31,12.14,1.72,Pressure Anomaly
2026-08-13 07:32:56.383986,42.17,0.223,95.89,12.02,1.75,Pressure Anomaly
2026-08-13 07:32:57.383986,47.44,0.184,98.55,11.92,1.92,Pressure Anomaly
2026-08-13 07:32:58.383986,49.12,0.157,97.71,12.41,1.81,Pressure Anomaly
2026-08-13 07:32:59.383986,45.12,0.232,97.44,11.74,1.94,Pressure Anomaly
2026-08-13 07:33:00.383986,40.99,0.183,98.59,11.95,1.72,Pressure Anomaly
2026-08-13 07:33:01.383986,46.76,0.166,96.14,12.04,1.78,Pressure Anomaly
2026-08-13 07:33:02.383986,42.51,0.225,97.8,11.95,1.77,Pressure Anomaly
2026-08-13 07:33:03.383986,45.94,0.248,97.04,12.1,1.87,Pressure Anomaly
2026-08-13 07:33:04.383986,46.76,0.202,96.39,11.93,1.84,Pressure Anomaly
2026-08-13 07:33:05.383986,48.64,0.181,98.08,11.95,1.81,Pressure Anomaly
2026-08-13 07:33:06.383986,48.03,0.231,96.02,11.91,1.95,Pressure Anomaly
2026-08-13 07:33:07.383986,45.28,0.154,96.42,12.11,1.92,Pressure Anomaly
2026-08-13 07:33:08.383986,45.04,0.299,98.04,11.96,1.7,Pressure Anomaly
2026-08-13 07:33:09.383986,43.05,0.213,96.71,12.25,1.98,Pressure Anomaly
2026-08-13 07:33:10.383986,46.27,0.153,96.51,12.19,1.73,Pressure Anomaly
2026-08-13 07:33:11.383986,47.24,0.219,97.21,11.89,1.79,Pressure Anomaly
2026-08-13 07:33:12.383986,45.38,0.241,96.25,11.96,1.81,Pressure Anomaly
2026-08-13 07:33:13.383986,46.33,0.164,95.8,12.1,1.62,Pressure Anomaly
2026-08-13 07:33:14.383986,47.57,0.194,95.55,11.93,1.85,Pressure Anomaly
2026-08-13 07:33:15.383986,43.93,0.201,97.82,11.97,1.69,Pressure Anomaly
2026-08-13 07:33:16.383986,44.4,0.257,98.75,11.7,1.93,Pressure Anomaly
2026-08-13 07:33:17.383986,45.5,0.237,96.49,11.73,1.87,Pressure Anomaly
2026-08-13 07:33:18.383986,43.12,0.144,95.7,12.09,1.82,Pressure Anomaly
2026-08-13 07:33:19.383986,46.56,0.227,96.58,11.99,1.74,Pressure Anomaly
2026-08-13 07:33:20.383986,44.58,0.161,97.37,12.16,1.7,Pressure Anomaly
2026-08-13 07:33:21.383986,47.56,0.205,97.2,11.75,1.58,Pressure Anomaly
2026-08-13 07:33:22.383986,45.29,0.232,96.27,12.25,1.89,Pressure Anomaly
2026-08-13 07:33:23.383986,43.18,0.201,99.4,11.81,1.86,Pressure Anomaly
2026-08-13 07:33:24.383986,44.35,0.228,98.17,11.94,1.93,Pressure Anomaly
2026-08-13 07:33:25.383986,49.44,0.203,97.66,11.91,1.8,Pressure Anomaly
2026-08-13 07:33:26.383986,44.65,0.232,98.06,11.98,1.98,Pressure Anomaly
2026-08-13 07:33:27.383986,48.06,0.234,96.32,11.91,1.7,Pressure Anomaly
2026-08-13 07:33:28.383986,46.9,0.152,97.5,11.84,1.9,Pressure Anomaly
2026-08-13 07:33:29.383986,45.03,0.253,97.94,12.22,1.98,Pressure Anomaly
2026-08-13 07:33:30.383986,45.29,0.154,95.73,11.69,1.67,Pressure Anomaly
2026-08-13 07:33:31.383986,45.14,0.178,96.58,12.07,1.76,Pressure Anomaly
2026-08-13 07:33:32.383986,42.76,0.198,95.84,11.96,1.96,Pressure Anomaly
2026-08-13 07:33:33.383986,44.46,0.271,98.15,11.91,1.67,Pressure Anomaly
2026-08-13 07:33:34.383986,44.89,0.246,96.21,12.14,1.95,Pressure Anomaly
2026-08-13 07:33:35.383986,43.45,0.173,97.39,12.02,1.72,Pressure Anomaly
2026-08-13 07:33:36.383986,44.3,0.197,95.1,12.11,1.74,Pressure Anomaly
2026-08-13 07:33:37.383986,39.43,0.199,95.9,12.25,1.73,Pressure Anomaly
2026-08-13 07:33:38.383986,42.8,0.22,95.96,11.88,1.86,Pressure Anomaly
2026-08-13 07:33:39.383986,42.92,0.142,98.33,12.09,1.77,Pressure Anomaly
2026-08-13 07:33:40.383986,44.99,0.22,97.55,11.89,1.84,Pressure Anomaly
2026-08-13 07:33:41.383986,43.99,0.192,96.72,12.0,1.89,Pressure Anomaly
2026-08-13 07:33:42.383986,45.97,0.14,95.18,11.94,2.02,Pressure Anomaly
2026-08-13 07:33:43.383986,43.3,0.192,95.98,11.92,1.82,Pressure Anomaly
2026-08-13 07:33:44.383986,47.8,0.218,95.7,12.41,1.81,Pressure Anomaly
2026-08-13 07:33:45.383986,43.85,0.256,96.01,12.25,1.7,Pressure Anomaly
2026-08-13 07:33:46.383986,47.86,0.208,97.75,12.29,1.66,Pressure Anomaly
2026-08-13 07:33:47.383986,47.55,0.144,95.39,11.88,1.86,Pressure Anomaly
2026-08-13 07:33:48.383986,45.07,0.193,96.57,12.09,1.88,Pressure Anomaly
2026-08-13 07:33:49.383986,47.19,0.273,96.38,11.92,1.87,Pressure Anomaly
2026-08-13 07:33:50.383986,42.71,0.173,97.38,11.98,1.66,Pressure Anomaly
2026-08-13 07:33:51.383986,42.02,0.202,97.5,12.17,1.81,Pressure Anomaly
2026-08-13 07:33:52.383986,49.02,0.196,96.2,11.61,1.75,Pressure Anomaly
2026-08-13 07:33:53.383986,46.7,0.263,95.49,12.07,1.93,Pressure Anomaly
2026-08-13 07:33:54.383986,45.02,0.109,96.55,12.11,1.69,Pressure Anomaly
2026-08-13 07:33:55.383986,44.49,0.154,93.71,12.15,1.8,Pressure Anomaly
2026-08-13 07:33:56.383986,48.2,0.234,95.91,11.99,1.87,Pressure Anomaly
2026-08-13 07:33:57.383986,46.93,0.213,97.35,11.96,1.68,Pressure Anomaly
2026-08-13 07:33:58.383986,44.87,0.208,95.02,11.8,1.85,Pressure Anomaly
2026-08-13 07:33:59.383986,44.19,0.193,95.84,12.23,1.95,Pressure Anomaly
2026-08-13 07:34:00.383986,42.53,0.179,97.03,12.09,1.8,Pressure Anomaly
2026-08-13 07:34:01.383986,42.72,0.173,95.64,12.04,2.0,Pressure Anomaly
2026-08-13 07:34:02.383986,43.63,0.159,96.03,12.15,1.63,Pressure Anomaly
2026-08-13 07:34:03.383986,47.91,0.193,95.39,11.76,1.88,Pressure Anomaly
2026-08-13 07:34:04.383986,44.66,0.207,95.2,11.95,1.74,Pressure Anomaly
2026-08-13 07:34:05.383986,44.8,0.173,94.55,12.41,1.64,Pressure Anomaly
2026-08-13 07:34:06.383986,45.36,0.129,94.06,12.01,1.82,Pressure Anomaly
2026-08-13 07:34:07.383986,47.52,0.216,95.89,11.86,1.98,Pressure Anomaly
2026-08-13 07:34:08.383986,46.86,0.15,96.06,12.02,1.76,Pressure Anomaly
2026-08-13 07:34:09.383986,46.54,0.233,95.81,11.96,1.98,Pressure Anomaly
2026-08-13 07:34:10.383986,46.87,0.203,94.35,12.05,1.88,Pressure Anomaly
2026-08-13 07:34:11.383986,39.49,0.21,95.54,11.97,1.69,Pressure Anomaly
2026-08-13 07:34:12.383986,44.7,0.256,95.49,12.14,1.7,Pressure Anomaly
2026-08-13 07:34:13.383986,46.52,0.2,96.27,12.0,1.88,Pressure Anomaly
2026-08-13 07:34:14.383986,39.86,0.143,96.32,11.69,1.74,Pressure Anomaly
2026-08-13 07:34:15.383986,44.89,0.167,95.19,12.04,1.92,Pressure Anomaly
2026-08-13 07:34:16.383986,43.08,0.177,95.13,11.64,1.82,Pressure Anomaly
2026-08-13 07:34:17.383986,46.87,0.241,94.97,11.81,1.8,Pressure Anomaly
2026-08-13 07:34:18.383986,46.66,0.206,96.11,12.17,1.71,Pressure Anomaly
2026-08-13 07:34:19.383986,44.56,0.265,95.6,11.81,1.72,Pressure Anomaly
2026-08-13 07:34:20.383986,43.12,0.214,94.88,12.04,1.71,Pressure Anomaly
2026-08-13 07:34:21.383986,40.75,0.212,95.91,12.08,1.72,Pressure Anomaly
2026-08-13 07:34:22.383986,43.44,0.216,97.26,12.0,1.85,Pressure Anomaly
2026-08-13 07:34:23.383986,44.36,0.138,96.69,12.14,1.89,Pressure Anomaly
2026-08-13 07:34:24.383986,44.64,0.224,96.59,12.24,1.92,Pressure Anomaly
2026-08-13 07:34:25.383986,45.13,0.148,95.84,12.04,1.89,Pressure Anomaly
2026-08-13 07:34:26.383986,47.71,0.196,97.76,11.74,1.85,Pressure Anomaly
2026-08-13 07:34:27.383986,43.4,0.124,95.44,11.78,1.78,Pressure Anomaly
2026-08-13 07:34:28.383986,45.07,0.245,94.11,12.14,1.81,Pressure Anomaly
2026-08-13 07:34:29.383986,47.06,0.183,94.27,11.82,1.64,Pressure Anomaly
2026-08-13 07:34:30.383986,45.96,0.259,95.02,12.09,1.62,Pressure Anomaly
2026-08-13 07:34:31.383986,45.36,0.227,94.11,11.97,1.89,Pressure Anomaly
2026-08-13 07:34:32.383986,39.13,0.253,95.89,12.11,1.75,Pressure Anomaly
2026-08-13 07:34:33.383986,41.55,0.221,95.44,12.0,1.93,Pressure Anomaly
2026-08-13 07:34:34.383986,46.52,0.277,95.65,11.9,1.78,Pressure Anomaly
2026-08-13 07:34:35.383986,45.83,0.241,94.01,12.0,1.99,Pressure Anomaly
2026-08-13 07:34:36.383986,44.52,0.237,95.95,12.14,1.7,Pressure Anomaly
2026-08-13 07:34:37.383986,43.39,0.201,93.91,11.96,1.83,Pressure Anomaly
2026-08-13 07:34:38.383986,48.57,0.216,96.05,12.17,1.68,Pressure Anomaly
2026-08-13 07:34:39.383986,44.67,0.297,95.32,12.17,1.92,Pressure Anomaly
2026-08-13 07:34:40.383986,42.04,0.212,95.53,12.05,1.71,Pressure Anomaly
2026-08-13 07:34:41.383986,42.77,0.181,95.26,12.18,2.02,Pressure Anomaly
2026-08-13 07:34:42.383986,47.79,0.234,94.34,11.94,1.83,Pressure Anomaly
2026-08-13 07:34:43.383986,43.74,0.223,96.04,12.08,1.92,Pressure Anomaly
2026-08-13 07:34:44.383986,43.19,0.237,94.6,11.86,1.86,Pressure Anomaly
2026-08-13 07:34:45.383986,47.43,0.22,95.3,12.05,1.82,Pressure Anomaly
2026-08-13 07:34:46.383986,42.75,0.15,95.18,12.01,1.8,Pressure Anomaly
2026-08-13 07:34:47.383986,46.35,0.191,95.8,11.98,2.02,Pressure Anomaly
2026-08-13 07:34:48.383986,45.16,0.294,95.57,11.97,1.69,Pressure Anomaly
2026-08-13 07:34:49.383986,42.11,0.16,94.32,12.06,1.74,Pressure Anomaly
2026-08-13 07:34:50.383986,45.37,0.251,95.09,12.31,1.66,Pressure Anomaly
2026-08-13 07:34:51.383986,44.7,0.178,96.1,11.66,1.63,Pressure Anomaly
2026-08-13 07:34:52.383986,44.79,0.262,95.37,11.8,1.66,Pressure Anomaly
2026-08-13 07:34:53.383986,48.35,0.175,94.18,12.22,1.92,Pressure Anomaly
2026-08-13 07:34:54.383986,47.55,0.162,93.57,12.02,1.84,Pressure Anomaly
2026-08-13 07:34:55.383986,45.73,0.259,93.35,12.13,1.67,Pressure Anomaly
2026-08-13 07:34:56.383986,46.71,0.181,94.25,11.91,1.63,Pressure Anomaly
2026-08-13 07:34:57.383986,45.08,0.169,95.83,12.1,2.0,Pressure Anomaly
2026-08-13 07:34:58.383986,45.73,0.221,96.42,11.91,1.62,Pressure Anomaly
2026-08-13 07:34:59.383986,45.4,0.143,97.45,12.22,2.06,Pressure Anomaly
2026-08-13 07:35:00.383986,45.12,0.222,94.52,12.13,1.65,Pressure Anomaly
2026-08-13 07:35:01.383986,39.91,0.168,93.5,12.22,2.02,Pressure Anomaly
2026-08-13 07:35:02.383986,42.19,0.252,95.89,11.76,1.75,Pressure Anomaly
2026-08-13 07:35:03.383986,43.84,0.23,93.69,11.99,1.72,Pressure Anomaly
2026-08-13 07:35:04.383986,45.95,0.191,94.36,11.97,2.04,Pressure Anomaly
2026-08-13 07:35:05.383986,44.17,0.158,95.46,11.98,1.63,Pressure Anomaly
2026-08-13 07:35:06.383986,49.46,0.186,94.48,12.02,2.01,Pressure Anomaly
2026-08-13 07:35:07.383986,41.64,0.211,96.93,12.02,1.65,Pressure Anomaly
2026-08-13 07:35:08.383986,43.76,0.208,96.15,11.95,1.9,Pressure Anomaly
2026-08-13 07:35:09.383986,42.13,0.142,94.32,12.22,1.81,Pressure Anomaly
2026-08-13 07:35:10.383986,45.58,0.211,95.89,11.91,1.88,Pressure Anomaly
2026-08-13 07:35:11.383986,43.34,0.279,93.96,11.87,1.87,Pressure Anomaly
2026-08-13 07:35:12.383986,45.16,0.213,94.97,11.84,1.99,Pressure Anomaly
2026-08-13 07:35:13.383986,46.79,0.254,94.19,12.06,1.82,Pressure Anomaly
2026-08-13 07:35:14.383986,47.26,0.246,94.89,11.77,2.01,Pressure Anomaly
2026-08-13 07:35:15.383986,46.11,0.176,95.09,11.77,1.93,Pressure Anomaly
2026-08-13 07:35:16.383986,42.06,0.191,94.9,12.16,1.81,Pressure Anomaly
2026-08-13 07:35:17.383986,46.27,0.199,94.61,12.01,1.78,Pressure Anomaly
2026-08-13 07:35:18.383986,41.63,0.169,94.86,11.96,1.78,Pressure Anomaly
2026-08-13 07:35:19.383986,44.35,0.165,94.11,11.95,1.8,Pressure Anomaly
2026-08-13 07:35:20.383986,45.79,0.193,93.55,11.79,2.11,Pressure Anomaly
2026-08-13 07:35:21.383986,42.74,0.179,95.08,12.05,1.86,Pressure Anomaly
2026-08-13 07:35:22.383986,44.11,0.21,94.6,11.95,1.83,Pressure Anomaly
2026-08-13 07:35:23.383986,47.11,0.199,94.5,12.16,1.92,Pressure Anomaly
2026-08-13 07:35:24.383986,48.17,0.13,95.41,12.09,1.69,Pressure Anomaly
2026-08-13 07:35:25.383986,45.5,0.242,93.65,12.07,1.9,Pressure Anomaly
2026-08-13 07:35:26.383986,42.86,0.194,94.76,11.88,1.69,Pressure Anomaly
2026-08-13 07:35:27.383986,44.73,0.232,95.08,11.87,1.88,Pressure Anomaly
2026-08-13 07:35:28.383986,43.33,0.136,94.05,12.17,1.88,Pressure Anomaly
2026-08-13 07:35:29.383986,45.0,0.183,94.01,12.02,1.67,Pressure Anomaly
2026-08-13 07:35:30.383986,44.3,0.191,93.03,11.87,1.85,Pressure Anomaly
2026-08-13 07:35:31.383986,45.02,0.188,93.45,12.24,1.7,Pressure Anomaly
2026-08-13 07:35:32.383986,45.5,0.18,94.38,12.07,1.64,Pressure Anomaly
2026-08-13 07:35:33.383986,44.99,0.248,96.08,11.98,1.81,Pressure Anomaly
2026-08-13 07:35:34.383986,49.42,0.245,93.68,11.91,1.91,Pressure Anomaly
2026-08-13 07:35:35.383986,42.98,0.244,94.61,12.08,1.77,Pressure Anomaly
2026-08-13 07:35:36.383986,43.74,0.258,94.01,11.94,1.79,Pressure Anomaly
2026-08-13 07:35:37.383986,45.39,0.159,93.68,11.91,1.9,Pressure Anomaly
2026-08-13 07:35:38.383986,43.23,0.13,92.25,11.78,1.96,Pressure Anomaly
2026-08-13 07:35:39.383986,45.03,0.22,94.74,12.01,1.79,Pressure Anomaly
2026-08-13 07:35:40.383986,47.09,0.206,95.58,12.09,1.73,Pressure Anomaly
2026-08-13 07:35:41.383986,44.01,0.171,95.38,11.94,1.7,Pressure Anomaly
2026-08-13 07:35:42.383986,45.64,0.196,94.43,12.28,1.91,Pressure Anomaly
2026-08-13 07:35:43.383986,45.05,0.144,93.62,12.11,1.66,Pressure Anomaly
2026-08-13 07:35:44.383986,49.28,0.201,94.15,11.9,1.86,Pressure Anomaly
2026-08-13 07:35:45.383986,42.68,0.287,95.4,12.15,1.63,Pressure Anomaly
2026-08-13 07:35:46.383986,45.41,0.248,94.65,11.85,1.72,Pressure Anomaly
2026-08-13 07:35:47.383986,44.1,0.176,95.57,11.71,1.88,Pressure Anomaly
2026-08-13 07:35:48.383986,42.42,0.162,92.01,11.92,1.98,Pressure Anomaly
2026-08-13 07:35:49.383986,45.53,0.152,95.02,12.18,1.81,Pressure Anomaly
2026-08-13 07:35:50.383986,49.07,0.233,94.66,11.88,1.88,Pressure Anomaly
2026-08-13 07:35:51.383986,45.43,0.221,93.28,12.02,1.7,Pressure Anomaly
2026-08-13 07:35:52.383986,40.71,0.24,92.44,12.02,1.84,Pressure Anomaly
2026-08-13 07:35:53.383986,45.65,0.189,94.19,12.07,1.89,Pressure Anomaly
2026-08-13 07:35:54.383986,48.47,0.209,93.96,11.86,1.85,Pressure Anomaly
2026-08-13 07:35:55.383986,46.33,0.192,94.42,11.96,1.88,Pressure Anomaly
2026-08-13 07:35:56.383986,46.83,0.236,93.98,11.84,1.73,Pressure Anomaly
2026-08-13 07:35:57.383986,46.19,0.298,93.5,12.07,1.73,Pressure Anomaly
2026-08-13 07:35:58.383986,43.05,0.173,91.74,12.2,1.53,Pressure Anomaly
2026-08-13 07:35:59.383986,44.47,0.153,92.92,12.21,1.82,Pressure Anomaly
2026-08-13 07:36:00.383986,43.07,0.176,93.01,11.99,1.82,Pressure Anomaly
2026-08-13 07:36:01.383986,48.79,0.123,93.73,11.95,1.91,Pressure Anomaly
2026-08-13 07:36:02.383986,45.71,0.224,94.09,11.86,1.95,Pressure Anomaly
2026-08-13 07:36:03.383986,46.6,0.237,94.98,12.06,1.98,Pressure Anomaly
2026-08-13 07:36:04.383986,45.76,0.191,93.69,12.0,1.74,Pressure Anomaly
2026-08-13 07:36:05.383986,48.26,0.212,93.77,12.06,2.16,Pressure Anomaly
2026-08-13 07:36:06.383986,42.74,0.166,92.28,11.97,1.83,Pressure Anomaly
2026-08-13 07:36:07.383986,44.07,0.178,93.78,11.92,1.84,Pressure Anomaly
2026-08-13 07:36:08.383986,47.23,0.227,94.5,12.16,1.83,Pressure Anomaly
2026-08-13 07:36:09.383986,44.68,0.169,93.21,11.92,1.89,Pressure Anomaly
2026-08-13 07:36:10.383986,45.69,0.228,92.42,12.21,1.75,Pressure Anomaly
2026-08-13 07:36:11.383986,42.8,0.182,96.04,11.94,1.76,Pressure Anomaly
2026-08-13 07:36:12.383986,44.62,0.194,92.76,12.02,1.93,Pressure Anomaly
2026-08-13 07:36:13.383986,45.63,0.156,93.18,11.92,1.81,Pressure Anomaly
2026-08-13 07:36:14.383986,47.66,0.194,93.41,12.27,1.91,Pressure Anomaly
2026-08-13 07:36:15.383986,46.15,0.278,93.97,11.7,1.9,Pressure Anomaly
2026-08-13 07:36:16.383986,41.82,0.218,91.75,11.93,1.76,Pressure Anomaly
2026-08-13 07:36:17.383986,43.46,0.186,94.47,11.89,1.87,Pressure Anomaly
2026-08-13 07:36:18.383986,43.07,0.192,93.74,11.85,1.64,Pressure Anomaly
2026-08-13 07:36:19.383986,45.98,0.245,93.32,11.93,1.82,Pressure Anomaly
2026-08-13 07:36:20.383986,45.11,0.21,90.85,11.84,1.7,Pressure Anomaly
2026-08-13 07:36:21.383986,45.3,0.207,94.0,12.04,1.64,Pressure Anomaly
2026-08-13 07:36:22.383986,47.89,0.251,92.08,12.05,1.73,Pressure Anomaly
2026-08-13 07:36:23.383986,45.28,0.242,95.45,12.11,1.84,Pressure Anomaly
2026-08-13 07:36:24.383986,44.32,0.207,94.66,11.99,1.69,Pressure Anomaly
2026-08-13 07:36:25.383986,41.76,0.221,93.53,11.9,1.92,Pressure Anomaly
2026-08-13 07:36:26.383986,44.16,0.195,93.24,11.95,1.83,Pressure Anomaly
2026-08-13 07:36:27.383986,47.3,0.154,93.73,12.03,1.82,Pressure Anomaly
2026-08-13 07:36:28.383986,46.74,0.202,93.7,12.11,1.74,Pressure Anomaly
2026-08-13 07:36:29.383986,45.6,0.19,93.07,11.95,1.86,Pressure Anomaly
2026-08-13 07:36:30.383986,45.16,0.216,93.16,11.76,1.8,Pressure Anomaly
2026-08-13 07:36:31.383986,45.13,0.21,92.57,11.82,1.87,Pressure Anomaly
2026-08-13 07:36:32.383986,44.45,0.207,92.86,12.0,1.75,Pressure Anomaly
2026-08-13 07:36:33.383986,43.06,0.219,92.52,12.02,1.85,Pressure Anomaly
2026-08-13 07:36:34.383986,43.83,0.152,95.53,11.92,1.87,Pressure Anomaly
2026-08-13 07:36:35.383986,48.88,0.232,92.78,11.99,1.7,Pressure Anomaly
2026-08-13 07:36:36.383986,46.76,0.223,92.55,11.84,1.64,Pressure Anomaly
2026-08-13 07:36:37.383986,46.97,0.205,93.25,11.88,1.62,Pressure Anomaly
2026-08-13 07:36:38.383986,46.93,0.202,93.93,11.94,1.77,Pressure Anomaly
2026-08-13 07:36:39.383986,46.43,0.229,93.8,11.96,1.87,Pressure Anomaly
2026-08-13 07:36:40.383986,47.22,0.196,92.47,12.2,1.72,Pressure Anomaly
2026-08-13 07:36:41.383986,46.26,0.198,91.12,12.17,1.47,Pressure Anomaly
2026-08-13 07:36:42.383986,41.03,0.221,93.47,11.9,1.82,Pressure Anomaly
2026-08-13 07:36:43.383986,39.94,0.228,93.17,11.99,1.8,Pressure Anomaly
2026-08-13 07:36:44.383986,45.99,0.199,91.03,12.33,1.94,Pressure Anomaly
2026-08-13 07:36:45.383986,42.43,0.186,92.64,12.16,1.54,Pressure Anomaly
2026-08-13 07:36:46.383986,44.0,0.13,92.57,11.93,1.81,Pressure Anomaly
2026-08-13 07:36:47.383986,43.79,0.17,93.46,12.07,1.87,Pressure Anomaly
2026-08-13 07:36:48.383986,44.65,0.177,92.7,12.08,1.54,Pressure Anomaly
2026-08-13 07:36:49.383986,45.79,0.212,92.86,11.98,1.49,Pressure Anomaly
2026-08-13 07:36:50.383986,44.12,0.272,92.79,11.95,1.8,Pressure Anomaly
2026-08-13 07:36:51.383986,45.71,0.226,92.53,12.06,2.0,Pressure Anomaly
2026-08-13 07:36:52.383986,47.01,0.294,92.08,12.25,1.71,Pressure Anomaly
2026-08-13 07:36:53.383986,45.71,0.229,92.21,12.01,1.91,Pressure Anomaly
2026-08-13 07:36:54.383986,43.58,0.267,91.32,12.29,1.92,Pressure Anomaly
2026-08-13 07:36:55.383986,44.82,0.184,92.17,11.98,1.79,Pressure Anomaly
2026-08-13 07:36:56.383986,47.51,0.279,92.86,11.87,1.73,Pressure Anomaly
2026-08-13 07:36:57.383986,44.63,0.159,91.46,12.31,1.84,Pressure Anomaly
2026-08-13 07:36:58.383986,43.33,0.233,91.44,11.84,1.7,Pressure Anomaly
2026-08-13 07:36:59.383986,48.31,0.19,90.16,12.18,1.76,Pressure Anomaly
2026-08-13 07:37:00.383986,41.3,0.187,93.1,12.06,2.02,Pressure Anomaly
2026-08-13 07:37:01.383986,43.29,0.202,91.86,11.77,1.91,Pressure Anomaly
2026-08-13 07:37:02.383986,45.93,0.211,92.97,11.9,1.68,Pressure Anomaly
2026-08-13 07:37:03.383986,45.08,0.246,94.13,12.12,1.8,Pressure Anomaly
2026-08-13 07:37:04.383986,45.54,0.2,91.47,12.0,1.64,Pressure Anomaly
2026-08-13 07:37:05.383986,44.75,0.265,93.3,11.86,1.79,Pressure Anomaly
2026-08-13 07:37:06.383986,43.33,0.197,93.5,12.1,2.1,Pressure Anomaly
2026-08-13 07:37:07.383986,47.38,0.208,93.12,11.97,1.66,Pressure Anomaly
2026-08-13 07:37:08.383986,47.61,0.24,92.18,12.04,1.95,Pressure Anomaly
2026-08-13 07:37:09.383986,46.69,0.141,92.64,11.97,1.93,Pressure Anomaly
2026-08-13 07:37:10.383986,47.06,0.253,91.26,11.88,1.93,Pressure Anomaly
2026-08-13 07:37:11.383986,43.82,0.139,92.89,11.92,2.01,Pressure Anomaly
2026-08-13 07:37:12.383986,45.59,0.206,91.97,12.24,1.84,Pressure Anomaly
2026-08-13 07:37:13.383986,44.18,0.168,92.25,11.85,1.92,Pressure Anomaly
2026-08-13 07:37:14.383986,41.38,0.194,92.91,12.05,1.71,Pressure Anomaly
2026-08-13 07:37:15.383986,46.32,0.165,92.26,12.1,1.86,Pressure Anomaly
2026-08-13 07:37:16.383986,43.65,0.248,92.35,12.11,1.98,Pressure Anomaly
2026-08-13 07:37:17.383986,47.24,0.245,92.43,12.12,1.83,Pressure Anomaly
2026-08-13 07:37:18.383986,42.58,0.212,92.48,12.09,1.78,Pressure Anomaly
2026-08-13 07:37:19.383986,43.48,0.226,90.89,12.22,1.77,Pressure Anomaly
2026-08-13 07:37:20.383986,45.49,0.222,92.77,11.79,1.9,Pressure Anomaly
2026-08-13 07:37:21.383986,45.61,0.175,91.41,11.95,1.64,Pressure Anomaly
2026-08-13 07:37:22.383986,48.44,0.259,92.59,11.97,1.78,Pressure Anomaly
2026-08-13 07:37:23.383986,46.52,0.27,91.55,11.83,1.99,Pressure Anomaly
2026-08-13 07:37:24.383986,41.43,0.16,91.85,11.77,1.93,Pressure Anomaly
2026-08-13 07:37:25.383986,46.71,0.177,93.36,12.22,1.79,Pressure Anomaly
2026-08-13 07:37:26.383986,44.1,0.29,92.78,12.04,1.96,Pressure Anomaly
2026-08-13 07:37:27.383986,45.6,0.18,92.12,12.16,1.56,Pressure Anomaly
2026-08-13 07:37:28.383986,44.42,0.255,91.51,12.23,1.97,Pressure Anomaly
2026-08-13 07:37:29.383986,44.87,0.177,91.71,12.4,2.02,Pressure Anomaly
2026-08-13 07:37:30.383986,45.25,0.176,92.1,12.04,1.65,Pressure Anomaly
2026-08-13 07:37:31.383986,45.16,0.253,90.16,12.12,1.96,Pressure Anomaly
2026-08-13 07:37:32.383986,43.88,0.268,91.25,12.07,1.76,Pressure Anomaly
2026-08-13 07:37:33.383986,44.39,0.175,92.62,12.13,1.79,Pressure Anomaly
2026-08-13 07:37:34.383986,42.28,0.216,92.32,11.97,2.02,Pressure Anomaly
2026-08-13 07:37:35.383986,41.87,0.111,91.15,12.11,1.67,Pressure Anomaly
2026-08-13 07:37:36.383986,43.04,0.238,92.32,12.06,1.89,Pressure Anomaly
2026-08-13 07:37:37.383986,44.15,0.185,92.65,11.8,1.54,Pressure Anomaly
2026-08-13 07:37:38.383986,44.13,0.237,92.08,12.13,1.56,Pressure Anomaly
2026-08-13 07:37:39.383986,45.63,0.226,90.45,12.13,1.79,Pressure Anomaly
2026-08-13 07:37:40.383986,51.14,0.113,93.15,11.94,1.61,Pressure Anomaly
2026-08-13 07:37:41.383986,43.95,0.211,92.8,12.26,1.97,Pressure Anomaly
2026-08-13 07:37:42.383986,43.07,0.245,92.13,11.9,1.77,Pressure Anomaly
2026-08-13 07:37:43.383986,43.58,0.201,90.99,11.85,1.86,Pressure Anomaly
2026-08-13 07:37:44.383986,46.26,0.192,93.07,11.96,1.76,Pressure Anomaly
2026-08-13 07:37:45.383986,46.32,0.195,91.76,11.62,1.8,Pressure Anomaly
2026-08-13 07:37:46.383986,41.35,0.151,90.32,11.84,1.73,Pressure Anomaly
2026-08-13 07:37:47.383986,44.03,0.227,91.86,11.71,1.81,Pressure Anomaly
2026-08-13 07:37:48.383986,45.64,0.187,91.56,12.03,1.89,Pressure Anomaly
2026-08-13 07:37:49.383986,41.85,0.19,93.11,12.21,1.9,Pressure Anomaly
2026-08-13 07:37:50.383986,46.07,0.266,93.5,11.98,1.68,Pressure Anomaly
2026-08-13 07:37:51.383986,44.46,0.324,89.99,11.93,1.63,Pressure Anomaly
2026-08-13 07:37:52.383986,45.25,0.152,91.43,11.71,1.87,Pressure Anomaly
2026-08-13 07:37:53.383986,47.44,0.185,91.38,11.98,1.82,Pressure Anomaly
2026-08-13 07:37:54.383986,44.92,0.231,92.73,11.88,1.76,Pressure Anomaly
2026-08-13 07:37:55.383986,46.8,0.143,89.51,12.03,1.86,Pressure Anomaly
2026-08-13 07:37:56.383986,43.56,0.177,90.7,11.87,1.88,Pressure Anomaly
2026-08-13 07:37:57.383986,42.64,0.189,90.53,11.78,1.9,Pressure Anomaly
2026-08-13 07:37:58.383986,43.96,0.208,89.91,11.89,1.89,Pressure Anomaly
2026-08-13 07:37:59.383986,50.17,0.121,91.2,12.06,1.73,Pressure Anomaly
2026-08-13 07:38:00.383986,46.7,0.165,91.53,11.92,1.95,Pressure Anomaly
2026-08-13 07:38:01.383986,43.65,0.186,92.31,11.85,1.81,Pressure Anomaly
2026-08-13 07:38:02.383986,41.35,0.156,91.72,11.85,1.73,Pressure Anomaly
2026-08-13 07:38:03.383986,45.99,0.177,92.14,12.03,1.85,Pressure Anomaly
2026-08-13 07:38:04.383986,47.48,0.213,92.84,12.14,1.74,Pressure Anomaly
2026-08-13 07:38:05.383986,47.59,0.211,90.89,12.04,1.93,Pressure Anomaly
2026-08-13 07:38:06.383986,45.91,0.273,92.35,12.08,1.68,Pressure Anomaly
2026-08-13 07:38:07.383986,44.64,0.203,91.94,12.1,1.82,Pressure Anomaly
2026-08-13 07:38:08.383986,45.24,0.229,90.36,12.25,1.55,Pressure Anomaly
2026-08-13 07:38:09.383986,47.91,0.198,92.2,12.05,1.84,Pressure Anomaly
2026-08-13 07:38:10.383986,46.11,0.232,90.85,12.16,1.67,Pressure Anomaly
2026-08-13 07:38:11.383986,44.99,0.233,92.16,12.07,1.75,Pressure Anomaly
2026-08-13 07:38:12.383986,46.79,0.173,92.89,11.99,1.62,Pressure Anomaly
2026-08-13 07:38:13.383986,42.61,0.202,91.26,12.3,1.68,Pressure Anomaly
2026-08-13 07:38:14.383986,45.08,0.158,90.61,12.25,1.66,Pressure Anomaly
2026-08-13 07:38:15.383986,46.17,0.216,91.06,12.08,1.66,Pressure Anomaly
2026-08-13 07:38:16.383986,48.31,0.277,91.11,12.36,1.75,Pressure Anomaly
2026-08-13 07:38:17.383986,45.8,0.257,90.58,11.79,1.61,Pressure Anomaly
2026-08-13 07:38:18.383986,49.12,0.179,90.83,11.83,1.91,Pressure Anomaly
2026-08-13 07:38:19.383986,43.44,0.18,91.3,11.84,1.78,Pressure Anomaly
2026-08-13 07:38:20.383986,47.8,0.217,91.11,12.03,1.75,Pressure Anomaly
2026-08-13 07:38:21.383986,48.99,0.168,91.17,12.02,1.92,Pressure Anomaly
2026-08-13 07:38:22.383986,47.21,0.199,91.23,12.05,1.53,Pressure Anomaly
2026-08-13 07:38:23.383986,41.82,0.176,90.36,11.82,1.89,Pressure Anomaly
2026-08-13 07:38:24.383986,45.0,0.191,89.64,11.99,1.48,Pressure Anomaly
2026-08-13 07:38:25.383986,44.67,0.203,91.12,11.77,1.83,Pressure Anomaly
2026-08-13 07:38:26.383986,42.92,0.168,91.58,12.3,1.81,Pressure Anomaly
2026-08-13 07:38:27.383986,43.37,0.208,91.78,12.09,2.13,Pressure Anomaly
2026-08-13 07:38:28.383986,43.57,0.21,92.37,12.22,1.57,Pressure Anomaly
2026-08-13 07:38:29.383986,44.99,0.259,93.69,12.11,1.76,Pressure Anomaly
2026-08-13 07:38:30.383986,42.98,0.289,91.51,11.87,1.78,Pressure Anomaly
2026-08-13 07:38:31.383986,45.62,0.222,89.86,11.91,1.6,Pressure Anomaly
2026-08-13 07:38:32.383986,47.08,0.186,91.21,12.21,1.83,Pressure Anomaly
2026-08-13 07:38:33.383986,44.77,0.208,90.78,12.19,1.84,Pressure Anomaly
2026-08-13 07:38:34.383986,43.91,0.242,91.93,11.8,1.98,Pressure Anomaly
2026-08-13 07:38:35.383986,45.73,0.211,91.69,11.91,1.91,Pressure Anomaly
2026-08-13 07:38:36.383986,44.25,0.141,89.66,12.09,1.69,Pressure Anomaly
2026-08-13 07:38:37.383986,48.22,0.248,91.97,12.02,1.83,Pressure Anomaly
2026-08-13 07:38:38.383986,42.61,0.24,91.0,12.09,2.0,Pressure Anomaly
2026-08-13 07:38:39.383986,43.79,0.195,90.93,11.86,1.78,Pressure Anomaly
2026-08-13 07:38:40.383986,45.99,0.187,91.89,11.77,1.93,Pressure Anomaly
2026-08-13 07:38:41.383986,46.32,0.177,89.64,11.69,1.7,Pressure Anomaly
2026-08-13 07:38:42.383986,47.09,0.198,91.7,11.91,1.88,Pressure Anomaly
2026-08-13 07:38:43.383986,43.57,0.161,90.41,11.9,1.61,Pressure Anomaly
2026-08-13 07:38:44.383986,44.64,0.204,91.77,12.14,1.95,Pressure Anomaly
2026-08-13 07:38:45.383986,46.44,0.213,89.25,12.02,1.87,Pressure Anomaly
2026-08-13 07:38:46.383986,47.91,0.227,91.7,11.85,1.76,Pressure Anomaly
2026-08-13 07:38:47.383986,45.86,0.246,90.29,11.99,1.88,Pressure Anomaly
2026-08-13 07:38:48.383986,42.75,0.264,89.54,11.71,1.8,Pressure Anomaly
2026-08-13 07:38:49.383986,48.4,0.223,91.15,12.01,1.78,Pressure Anomaly
2026-08-13 07:38:50.383986,41.91,0.11,90.58,12.2,1.84,Pressure Anomaly
2026-08-13 07:38:51.383986,46.25,0.263,90.69,11.98,1.7,Pressure Anomaly
2026-08-13 07:38:52.383986,49.04,0.221,89.4,11.82,1.95,Pressure Anomaly
2026-08-13 07:38:53.383986,42.93,0.274,87.56,12.21,1.86,Pressure Anomaly
2026-08-13 07:38:54.383986,45.24,0.193,92.19,12.11,1.69,Pressure Anomaly
2026-08-13 07:38:55.383986,41.56,0.207,90.28,11.77,1.79,Pressure Anomaly
2026-08-13 07:38:56.383986,43.85,0.2,90.99,12.22,1.91,Pressure Anomaly
2026-08-13 07:38:57.383986,43.56,0.215,90.3,11.8,1.85,Pressure Anomaly
2026-08-13 07:38:58.383986,48.71,0.201,88.63,12.0,1.65,Pressure Anomaly
2026-08-13 07:38:59.383986,46.73,0.221,90.03,11.95,1.77,Pressure Anomaly
2026-08-13 07:39:00.383986,45.02,0.169,88.79,12.17,1.75,Pressure Anomaly
2026-08-13 07:39:01.383986,45.33,0.211,90.48,11.82,1.6,Pressure Anomaly
2026-08-13 07:39:02.383986,43.82,0.216,89.41,11.95,2.06,Pressure Anomaly
2026-08-13 07:39:03.383986,41.31,0.17,92.02,11.99,1.72,Pressure Anomaly
2026-08-13 07:39:04.383986,47.34,0.202,89.75,12.03,1.72,Pressure Anomaly
2026-08-13 07:39:05.383986,42.97,0.195,89.07,12.0,1.84,Pressure Anomaly
2026-08-13 07:39:06.383986,46.71,0.245,89.65,12.07,1.86,Pressure Anomaly
2026-08-13 07:39:07.383986,45.66,0.181,89.01,12.08,1.6,Pressure Anomaly
2026-08-13 07:39:08.383986,44.46,0.098,88.68,11.87,1.93,Pressure Anomaly
2026-08-13 07:39:09.383986,46.38,0.178,90.73,12.13,1.78,Pressure Anomaly
2026-08-13 07:39:10.383986,42.23,0.192,89.88,11.82,1.84,Pressure Anomaly
2026-08-13 07:39:11.383986,45.56,0.218,90.24,12.11,1.78,Pressure Anomaly
2026-08-13 07:39:12.383986,45.4,0.184,89.36,12.2,1.55,Pressure Anomaly
2026-08-13 07:39:13.383986,46.75,0.175,89.17,12.04,1.62,Pressure Anomaly
2026-08-13 07:39:14.383986,43.37,0.166,89.68,11.88,1.99,Pressure Anomaly
2026-08-13 07:39:15.383986,48.59,0.119,90.42,12.13,1.87,Pressure Anomaly
2026-08-13 07:39:16.383986,43.68,0.19,89.11,11.94,1.65,Pressure Anomaly
2026-08-13 07:39:17.383986,44.77,0.14,89.64,11.81,1.82,Pressure Anomaly
2026-08-13 07:39:18.383986,43.64,0.212,90.9,12.24,1.5,Pressure Anomaly
2026-08-13 07:39:19.383986,43.33,0.188,90.26,11.75,1.68,Pressure Anomaly
2026-08-13 07:39:20.383986,45.26,0.203,90.16,12.07,1.84,Pressure Anomaly
2026-08-13 07:39:21.383986,45.39,0.202,90.42,11.66,1.99,Pressure Anomaly
2026-08-13 07:39:22.383986,40.59,0.157,89.51,12.1,1.44,Pressure Anomaly
2026-08-13 07:39:23.383986,44.94,0.232,90.71,11.9,1.76,Pressure Anomaly
2026-08-13 07:39:24.383986,43.77,0.184,88.67,11.87,1.85,Pressure Anomaly
2026-08-13 07:39:25.383986,45.26,0.22,89.89,12.11,1.91,Pressure Anomaly
2026-08-13 07:39:26.383986,41.52,0.166,89.43,12.0,1.72,Pressure Anomaly
2026-08-13 07:39:27.383986,46.82,0.279,89.83,12.01,1.9,Pressure Anomaly
2026-08-13 07:39:28.383986,41.27,0.201,90.6,11.9,1.65,Pressure Anomaly
2026-08-13 07:39:29.383986,44.63,0.198,88.69,12.31,1.74,Pressure Anomaly
2026-08-13 07:39:30.383986,42.69,0.196,90.49,12.0,1.86,Pressure Anomaly
2026-08-13 07:39:31.383986,43.26,0.26,90.12,12.16,1.84,Pressure Anomaly
2026-08-13 07:39:32.383986,46.65,0.165,89.05,12.2,1.99,Pressure Anomaly
2026-08-13 07:39:33.383986,42.71,0.21,89.09,11.9,1.83,Pressure Anomaly
2026-08-13 07:39:34.383986,47.28,0.218,89.18,12.08,1.76,Pressure Anomaly
2026-08-13 07:39:35.383986,45.82,0.256,87.4,12.12,1.62,Pressure Anomaly
2026-08-13 07:39:36.383986,47.46,0.175,88.24,12.1,1.84,Pressure Anomaly
2026-08-13 07:39:37.383986,43.0,0.15,89.25,11.82,1.67,Pressure Anomaly
2026-08-13 07:39:38.383986,45.23,0.161,89.85,12.22,1.78,Pressure Anomaly
2026-08-13 07:39:39.383986,45.26,0.281,88.21,12.18,1.93,Pressure Anomaly
2026-08-13 07:39:40.383986,46.71,0.252,89.66,11.91,1.93,Pressure Anomaly
2026-08-13 07:39:41.383986,47.27,0.244,89.4,11.89,1.82,Pressure Anomaly
2026-08-13 07:39:42.383986,46.88,0.241,88.91,12.05,1.64,Pressure Anomaly
2026-08-13 07:39:43.383986,46.97,0.169,90.11,11.83,1.92,Pressure Anomaly
2026-08-13 07:39:44.383986,45.64,0.169,89.99,11.91,1.89,Pressure Anomaly
2026-08-13 07:39:45.383986,44.45,0.131,88.3,11.94,1.96,Pressure Anomaly
2026-08-13 07:39:46.383986,46.8,0.265,90.91,11.92,1.78,Pressure Anomaly
2026-08-13 07:39:47.383986,44.18,0.173,87.4,12.0,1.65,Pressure Anomaly
2026-08-13 07:39:48.383986,44.93,0.285,88.71,12.03,1.91,Pressure Anomaly
2026-08-13 07:39:49.383986,45.56,0.212,88.84,11.97,1.68,Pressure Anomaly
2026-08-13 07:39:50.383986,46.69,0.13,90.15,11.79,1.92,Pressure Anomaly
2026-08-13 07:39:51.383986,44.29,0.151,89.74,12.14,1.75,Pressure Anomaly
2026-08-13 07:39:52.383986,46.44,0.109,87.82,12.19,1.77,Pressure Anomaly
2026-08-13 07:39:53.383986,41.28,0.172,88.2,11.98,1.76,Pressure Anomaly
2026-08-13 07:39:54.383986,45.36,0.197,90.46,12.06,1.85,Pressure Anomaly
2026-08-13 07:39:55.383986,47.33,0.184,87.82,12.18,1.82,Pressure Anomaly
2026-08-13 07:39:56.383986,45.28,0.175,88.44,12.13,1.92,Pressure Anomaly
2026-08-13 07:39:57.383986,46.57,0.232,89.61,12.02,1.78,Pressure Anomaly
2026-08-13 07:39:58.383986,47.42,0.185,89.39,11.88,1.72,Pressure Anomaly
2026-08-13 07:39:59.383986,44.53,0.168,89.8,11.8,1.81,Pressure Anomaly
2026-08-13 07:40:00.383986,45.27,0.128,88.54,12.04,1.85,Pressure Anomaly
2026-08-13 07:40:01.383986,44.59,0.227,88.85,12.0,1.83,Pressure Anomaly
2026-08-13 07:40:02.383986,46.85,0.173,88.45,11.9,1.76,Pressure Anomaly
2026-08-13 07:40:03.383986,47.85,0.223,87.79,11.91,1.84,Pressure Anomaly
2026-08-13 07:40:04.383986,43.19,0.171,90.24,11.91,1.91,Pressure Anomaly
2026-08-13 07:40:05.383986,47.51,0.171,87.99,11.96,1.67,Pressure Anomaly
2026-08-13 07:40:06.383986,45.24,0.192,89.22,12.21,1.9,Pressure Anomaly
2026-08-13 07:40:07.383986,45.98,0.121,89.28,12.26,1.44,Pressure Anomaly
2026-08-13 07:40:08.383986,46.38,0.194,87.97,12.12,2.01,Pressure Anomaly
2026-08-13 07:40:09.383986,46.55,0.185,87.86,12.02,1.9,Pressure Anomaly
2026-08-13 07:40:10.383986,44.23,0.188,91.6,12.16,1.94,Pressure Anomaly
2026-08-13 07:40:11.383986,42.08,0.172,88.83,11.85,1.99,Pressure Anomaly
2026-08-13 07:40:12.383986,47.82,0.179,90.52,12.0,2.11,Pressure Anomaly
2026-08-13 07:40:13.383986,45.29,0.223,90.12,12.19,1.86,Pressure Anomaly
2026-08-13 07:40:14.383986,44.72,0.221,87.88,12.02,1.67,Pressure Anomaly
2026-08-13 07:40:15.383986,41.44,0.202,89.94,12.14,1.79,Pressure Anomaly
2026-08-13 07:40:16.383986,48.49,0.177,86.74,11.67,1.66,Pressure Anomaly
2026-08-13 07:40:17.383986,46.63,0.175,89.1,12.25,1.67,Pressure Anomaly
2026-08-13 07:40:18.383986,45.96,0.222,87.76,12.2,1.77,Pressure Anomaly
2026-08-13 07:40:19.383986,44.23,0.284,89.12,12.14,1.96,Pressure Anomaly
2026-08-13 07:40:20.383986,43.7,0.25,88.08,11.92,1.77,Pressure Anomaly
2026-08-13 07:40:21.383986,43.76,0.233,88.83,11.93,1.88,Pressure Anomaly
2026-08-13 07:40:22.383986,44.45,0.187,88.59,12.07,1.85,Pressure Anomaly
2026-08-13 07:40:23.383986,44.27,0.234,88.3,11.9,1.62,Pressure Anomaly
2026-08-13 07:40:24.383986,46.97,0.2,88.71,12.16,1.74,Pressure Anomaly
2026-08-13 07:40:25.383986,42.25,0.203,88.79,11.96,1.98,Pressure Anomaly
2026-08-13 07:40:26.383986,40.03,0.245,89.25,12.07,1.4,Pressure Anomaly
2026-08-13 07:40:27.383986,47.57,0.159,87.93,11.97,1.85,Pressure Anomaly
2026-08-13 07:40:28.383986,46.28,0.236,89.24,12.04,1.85,Pressure Anomaly
2026-08-13 07:40:29.383986,42.82,0.17,89.3,12.13,1.89,Pressure Anomaly
2026-08-13 07:40:30.383986,43.97,0.236,87.22,12.16,1.77,Pressure Anomaly
2026-08-13 07:40:31.383986,48.37,0.139,90.12,11.95,1.75,Pressure Anomaly
2026-08-13 07:40:32.383986,45.39,0.172,88.27,11.89,1.72,Pressure Anomaly
2026-08-13 07:40:33.383986,45.97,0.164,87.55,11.79,1.74,Pressure Anomaly
2026-08-13 07:40:34.383986,47.62,0.166,87.57,12.03,1.76,Pressure Anomaly
2026-08-13 07:40:35.383986,49.46,0.193,88.62,12.14,1.91,Pressure Anomaly
2026-08-13 07:40:36.383986,45.47,0.194,90.28,11.99,1.75,Pressure Anomaly
2026-08-13 07:40:37.383986,43.71,0.131,89.06,11.65,1.8,Pressure Anomaly
2026-08-13 07:40:38.383986,44.59,0.29,86.39,11.86,1.78,Pressure Anomaly
2026-08-13 07:40:39.383986,44.6,0.178,88.12,11.81,1.84,Pressure Anomaly
2026-08-13 07:40:40.383986,40.36,0.199,87.58,12.15,2.01,Pressure Anomaly
2026-08-13 07:40:41.383986,44.34,0.256,87.84,11.86,2.01,Pressure Anomaly
2026-08-13 07:40:42.383986,46.04,0.2,88.83,12.04,1.79,Pressure Anomaly
2026-08-13 07:40:43.383986,42.35,0.189,88.74,11.98,1.91,Pressure Anomaly
2026-08-13 07:40:44.383986,45.77,0.165,86.78,11.98,1.74,Pressure Anomaly
2026-08-13 07:40:45.383986,45.67,0.171,87.46,12.16,1.82,Pressure Anomaly
2026-08-13 07:40:46.383986,43.59,0.201,89.44,12.04,1.87,Pressure Anomaly
2026-08-13 07:40:47.383986,43.5,0.241,90.36,11.88,1.66,Pressure Anomaly
2026-08-13 07:40:48.383986,45.35,0.235,87.93,11.84,1.79,Pressure Anomaly
2026-08-13 07:40:49.383986,46.2,0.184,88.61,12.17,1.83,Pressure Anomaly
2026-08-13 07:40:50.383986,44.94,0.233,87.12,11.86,1.77,Pressure Anomaly
2026-08-13 07:40:51.383986,44.02,0.168,89.79,12.33,1.76,Pressure Anomaly
2026-08-13 07:40:52.383986,45.18,0.192,89.05,12.2,1.59,Pressure Anomaly
2026-08-13 07:40:53.383986,45.95,0.148,89.68,12.07,1.7,Pressure Anomaly
2026-08-13 07:40:54.383986,44.52,0.188,88.43,12.16,1.66,Pressure Anomaly
2026-08-13 07:40:55.383986,48.68,0.264,87.0,12.01,2.01,Pressure Anomaly
2026-08-13 07:40:56.383986,47.47,0.187,88.67,12.45,1.81,Pressure Anomaly
2026-08-13 07:40:57.383986,43.73,0.207,88.09,11.92,1.85,Pressure Anomaly
2026-08-13 07:40:58.383986,42.49,0.173,88.58,11.74,1.91,Pressure Anomaly
2026-08-13 07:40:59.383986,40.98,0.131,87.3,12.04,1.96,Pressure Anomaly
2026-08-13 07:41:00.383986,45.12,0.19,88.36,11.87,1.82,Pressure Anomaly
2026-08-13 07:41:01.383986,42.6,0.203,87.63,11.88,1.82,Pressure Anomaly
2026-08-13 07:41:02.383986,45.32,0.247,86.13,11.99,1.71,Pressure Anomaly
2026-08-13 07:41:03.383986,46.74,0.23,88.23,11.89,1.91,Pressure Anomaly
2026-08-13 07:41:04.383986,41.94,0.131,86.42,11.99,1.88,Pressure Anomaly
2026-08-13 07:41:05.383986,39.05,0.253,87.81,11.76,1.81,Pressure Anomaly
2026-08-13 07:41:06.383986,47.19,0.224,88.76,11.8,1.75,Pressure Anomaly
2026-08-13 07:41:07.383986,43.15,0.269,88.28,12.43,1.74,Pressure Anomaly
2026-08-13 07:41:08.383986,43.55,0.194,89.0,11.95,1.81,Pressure Anomaly
2026-08-13 07:41:09.383986,45.19,0.202,86.95,11.98,1.78,Pressure Anomaly
2026-08-13 07:41:10.383986,44.98,0.238,89.34,11.87,1.75,Pressure Anomaly
2026-08-13 07:41:11.383986,43.35,0.207,87.02,12.04,1.93,Pressure Anomaly
2026-08-13 07:41:12.383986,39.95,0.22,87.08,12.07,1.69,Pressure Anomaly
2026-08-13 07:41:13.383986,47.39,0.237,88.09,12.12,1.71,Pressure Anomaly
2026-08-13 07:41:14.383986,43.76,0.23,86.73,12.22,1.76,Pressure Anomaly
2026-08-13 07:41:15.383986,46.0,0.284,86.77,12.01,1.93,Pressure Anomaly
2026-08-13 07:41:16.383986,46.9,0.187,86.94,11.97,1.97,Pressure Anomaly
2026-08-13 07:41:17.383986,44.44,0.203,87.01,12.11,1.82,Pressure Anomaly
2026-08-13 07:41:18.383986,42.99,0.161,85.42,11.88,1.9,Pressure Anomaly
2026-08-13 07:41:19.383986,47.65,0.227,87.95,11.98,1.89,Pressure Anomaly
2026-08-13 07:41:20.383986,45.57,0.272,87.28,12.2,1.9,Pressure Anomaly
2026-08-13 07:41:21.383986,46.47,0.12,88.29,11.98,1.75,Pressure Anomaly
2026-08-13 07:41:22.383986,42.03,0.2,87.37,11.8,1.62,Pressure Anomaly
2026-08-13 07:41:23.383986,45.97,0.235,87.51,12.17,1.79,Pressure Anomaly
2026-08-13 07:41:24.383986,44.89,0.163,85.74,12.28,1.94,Pressure Anomaly
2026-08-13 07:41:25.383986,42.21,0.206,87.18,11.96,1.75,Pressure Anomaly
2026-08-13 07:41:26.383986,45.76,0.233,87.66,11.98,1.78,Pressure Anomaly
2026-08-13 07:41:27.383986,46.87,0.219,87.31,11.99,1.84,Pressure Anomaly
2026-08-13 07:41:28.383986,44.06,0.233,86.14,11.94,1.87,Pressure Anomaly
2026-08-13 07:41:29.383986,42.73,0.137,87.26,11.75,1.64,Pressure Anomaly
2026-08-13 07:41:30.383986,46.51,0.192,88.47,11.82,1.79,Pressure Anomaly
2026-08-13 07:41:31.383986,45.8,0.153,88.19,12.08,1.61,Pressure Anomaly
2026-08-13 07:41:32.383986,44.92,0.215,86.55,11.78,1.83,Pressure Anomaly
2026-08-13 07:41:33.383986,49.42,0.185,88.69,11.89,1.83,Pressure Anomaly
2026-08-13 07:41:34.383986,46.54,0.2,86.8,12.11,2.03,Pressure Anomaly
2026-08-13 07:41:35.383986,45.6,0.179,86.89,12.38,1.82,Pressure Anomaly
2026-08-13 07:41:36.383986,43.81,0.154,85.23,12.05,1.88,Pressure Anomaly
2026-08-13 07:41:37.383986,44.21,0.199,85.87,12.02,1.86,Pressure Anomaly
2026-08-13 07:41:38.383986,43.93,0.268,86.18,12.04,1.9,Pressure Anomaly
2026-08-13 07:41:39.383986,44.85,0.192,85.57,12.2,1.78,Pressure Anomaly
2026-08-13 07:41:40.383986,46.07,0.227,86.35,11.97,1.96,Pressure Anomaly
2026-08-13 07:41:41.383986,42.77,0.285,86.22,11.82,1.82,Pressure Anomaly
2026-08-13 07:41:42.383986,49.42,0.124,86.8,12.07,1.8,Pressure Anomaly
2026-08-13 07:41:43.383986,45.76,0.171,86.32,11.98,1.66,Pressure Anomaly
2026-08-13 07:41:44.383986,44.91,0.184,86.43,12.05,1.58,Pressure Anomaly
2026-08-13 07:41:45.383986,44.54,0.293,85.79,12.19,1.81,Pressure Anomaly
2026-08-13 07:41:46.383986,43.79,0.147,87.0,12.22,1.75,Pressure Anomaly
2026-08-13 07:41:47.383986,44.84,0.24,87.18,11.76,1.81,Pressure Anomaly
2026-08-13 07:41:48.383986,48.02,0.199,84.08,12.06,1.78,Pressure Anomaly
2026-08-13 07:41:49.383986,41.34,0.133,87.78,11.89,1.69,Pressure Anomaly
2026-08-13 07:41:50.383986,44.93,0.174,86.88,11.97,1.66,Pressure Anomaly
2026-08-13 07:41:51.383986,43.98,0.218,86.8,11.99,2.03,Pressure Anomaly
2026-08-13 07:41:52.383986,46.46,0.234,86.57,12.03,1.75,Pressure Anomaly
2026-08-13 07:41:53.383986,46.56,0.196,86.94,12.02,1.8,Pressure Anomaly
2026-08-13 07:41:54.383986,50.88,0.173,86.02,12.1,1.73,Pressure Anomaly
2026-08-13 07:41:55.383986,44.42,0.157,87.17,12.08,1.76,Pressure Anomaly
2026-08-13 07:41:56.383986,46.43,0.126,85.95,11.97,1.66,Pressure Anomaly
2026-08-13 07:41:57.383986,41.5,0.188,87.33,12.19,1.73,Pressure Anomaly
2026-08-13 07:41:58.383986,46.47,0.225,87.84,11.95,1.58,Pressure Anomaly
2026-08-13 07:41:59.383986,45.14,0.159,85.88,11.95,1.76,Pressure Anomaly
2026-08-13 07:42:00.383986,45.28,0.228,86.21,12.06,1.8,Pressure Anomaly
2026-08-13 07:42:01.383986,46.87,0.192,86.48,11.94,1.78,Pressure Anomaly
2026-08-13 07:42:02.383986,43.43,0.165,87.32,11.84,1.76,Pressure Anomaly
2026-08-13 07:42:03.383986,47.03,0.186,87.35,11.91,1.67,Pressure Anomaly
2026-08-13 07:42:04.383986,41.81,0.253,85.36,12.11,1.68,Pressure Anomaly
2026-08-13 07:42:05.383986,47.63,0.288,84.79,11.84,1.89,Pressure Anomaly
2026-08-13 07:42:06.383986,46.03,0.231,85.89,12.3,1.81,Pressure Anomaly
2026-08-13 07:42:07.383986,42.57,0.19,85.24,12.24,1.72,Pressure Anomaly
2026-08-13 07:42:08.383986,45.98,0.181,85.8,11.71,1.87,Pressure Anomaly
2026-08-13 07:42:09.383986,47.6,0.163,84.85,12.12,1.6,Pressure Anomaly
2026-08-13 07:42:10.383986,47.44,0.164,85.28,12.04,1.68,Pressure Anomaly
2026-08-13 07:42:11.383986,43.59,0.214,83.93,12.25,1.81,Pressure Anomaly
2026-08-13 07:42:12.383986,42.41,0.159,87.33,12.09,1.97,Pressure Anomaly
2026-08-13 07:42:13.383986,43.63,0.212,86.75,12.1,1.94,Pressure Anomaly
2026-08-13 07:42:14.383986,43.57,0.195,85.69,11.99,1.88,Pressure Anomaly
2026-08-13 07:42:15.383986,41.69,0.244,85.14,11.95,1.95,Pressure Anomaly
2026-08-13 07:42:16.383986,45.66,0.214,85.08,11.84,1.91,Pressure Anomaly
2026-08-13 07:42:17.383986,43.82,0.18,87.2,11.84,1.83,Pressure Anomaly
2026-08-13 07:42:18.383986,45.09,0.2,85.7,11.91,1.67,Pressure Anomaly
2026-08-13 07:42:19.383986,45.97,0.173,87.17,11.97,1.67,Pressure Anomaly
2026-08-13 07:42:20.383986,44.52,0.184,87.19,11.94,1.77,Pressure Anomaly
2026-08-13 07:42:21.383986,47.82,0.22,87.82,12.19,1.69,Pressure Anomaly
2026-08-13 07:42:22.383986,46.98,0.261,87.67,12.15,1.92,Pressure Anomaly
2026-08-13 07:42:23.383986,44.39,0.167,85.77,11.75,1.96,Pressure Anomaly
2026-08-13 07:42:24.383986,44.43,0.252,84.87,12.16,1.74,Pressure Anomaly
2026-08-13 07:42:25.383986,42.43,0.265,87.19,12.03,1.8,Pressure Anomaly
2026-08-13 07:42:26.383986,45.88,0.208,85.27,11.94,2.04,Pressure Anomaly
2026-08-13 07:42:27.383986,50.34,0.263,86.52,11.95,1.7,Pressure Anomaly
2026-08-13 07:42:28.383986,43.54,0.178,88.17,12.27,1.89,Pressure Anomaly
2026-08-13 07:42:29.383986,43.08,0.236,85.76,11.68,1.83,Pressure Anomaly
2026-08-13 07:42:30.383986,43.32,0.168,85.73,11.93,1.8,Pressure Anomaly
2026-08-13 07:42:31.383986,44.84,0.125,87.48,11.85,1.69,Pressure Anomaly
2026-08-13 07:42:32.383986,44.34,0.196,87.4,12.04,1.87,Pressure Anomaly
2026-08-13 07:42:33.383986,45.55,0.209,86.23,11.71,1.77,Pressure Anomaly
2026-08-13 07:42:34.383986,47.32,0.358,84.7,12.06,1.73,Pressure Anomaly
2026-08-13 07:42:35.383986,49.1,0.146,86.5,11.79,1.76,Pressure Anomaly
2026-08-13 07:42:36.383986,44.93,0.243,84.78,12.1,1.8,Pressure Anomaly
2026-08-13 07:42:37.383986,45.55,0.238,84.56,12.12,1.73,Pressure Anomaly
2026-08-13 07:42:38.383986,47.19,0.213,85.61,11.91,1.9,Pressure Anomaly
2026-08-13 07:42:39.383986,47.52,0.179,84.67,12.1,1.63,Pressure Anomaly
2026-08-13 07:42:40.383986,42.39,0.157,85.36,11.8,1.57,Pressure Anomaly
2026-08-13 07:42:41.383986,42.73,0.226,84.49,11.95,2.03,Pressure Anomaly
2026-08-13 07:42:42.383986,44.9,0.214,84.79,12.32,1.74,Pressure Anomaly
2026-08-13 07:42:43.383986,44.54,0.253,85.54,12.01,1.77,Pressure Anomaly
2026-08-13 07:42:44.383986,44.45,0.215,86.25,11.9,1.71,Pressure Anomaly
2026-08-13 07:42:45.383986,43.78,0.144,84.09,12.04,1.91,Pressure Anomaly
2026-08-13 07:42:46.383986,46.74,0.105,85.41,11.83,1.82,Pressure Anomaly
2026-08-13 07:42:47.383986,44.16,0.224,85.62,11.72,1.68,Pressure Anomaly
2026-08-13 07:42:48.383986,45.01,0.204,84.21,11.77,1.81,Pressure Anomaly
2026-08-13 07:42:49.383986,42.19,0.133,85.15,11.93,1.69,Pressure Anomaly
2026-08-13 07:42:50.383986,43.59,0.201,84.86,12.01,1.75,Pressure Anomaly
2026-08-13 07:42:51.383986,45.34,0.235,86.4,12.19,1.9,Pressure Anomaly
2026-08-13 07:42:52.383986,45.48,0.183,85.15,11.87,1.8,Pressure Anomaly
2026-08-13 07:42:53.383986,46.39,0.171,85.48,11.9,1.83,Pressure Anomaly
2026-08-13 07:42:54.383986,43.9,0.17,84.82,12.08,1.79,Pressure Anomaly
2026-08-13 07:42:55.383986,44.14,0.21,85.07,12.17,1.68,Pressure Anomaly
2026-08-13 07:42:56.383986,44.63,0.144,85.11,11.75,1.89,Pressure Anomaly
2026-08-13 07:42:57.383986,46.53,0.231,85.47,11.87,1.7,Pressure Anomaly
2026-08-13 07:42:58.383986,48.06,0.257,85.54,11.92,1.96,Pressure Anomaly
2026-08-13 07:42:59.383986,43.61,0.209,86.75,11.87,1.9,Pressure Anomaly
2026-08-13 07:43:00.383986,46.04,0.198,84.39,11.89,1.83,Pressure Anomaly
2026-08-13 07:43:01.383986,42.15,0.205,85.9,12.15,1.63,Pressure Anomaly
2026-08-13 07:43:02.383986,47.63,0.268,85.75,11.84,1.76,Pressure Anomaly
2026-08-13 07:43:03.383986,44.9,0.211,85.34,12.04,1.79,Pressure Anomaly
2026-08-13 07:43:04.383986,45.53,0.182,84.96,11.91,2.03,Pressure Anomaly
2026-08-13 07:43:05.383986,47.93,0.222,86.61,12.12,1.82,Pressure Anomaly
2026-08-13 07:43:06.383986,41.99,0.19,84.92,11.83,1.62,Pressure Anomaly
2026-08-13 07:43:07.383986,45.99,0.213,84.07,11.89,1.94,Pressure Anomaly
2026-08-13 07:43:08.383986,43.24,0.207,85.03,12.08,1.7,Pressure Anomaly
2026-08-13 07:43:09.383986,45.18,0.207,85.43,12.01,1.84,Pressure Anomaly
2026-08-13 07:43:10.383986,49.38,0.302,84.54,11.65,1.87,Pressure Anomaly
2026-08-13 07:43:11.383986,45.37,0.242,85.44,12.01,1.94,Pressure Anomaly
2026-08-13 07:43:12.383986,47.54,0.145,84.32,11.98,1.81,Pressure Anomaly
2026-08-13 07:43:13.383986,44.55,0.217,86.12,12.26,1.87,Pressure Anomaly
2026-08-13 07:43:14.383986,43.3,0.194,85.02,12.08,1.85,Pressure Anomaly
2026-08-13 07:43:15.383986,49.1,0.182,85.46,12.35,1.73,Pressure Anomaly
2026-08-13 07:43:16.383986,45.29,0.162,85.14,11.88,1.93,Pressure Anomaly
2026-08-13 07:43:17.383986,45.29,0.163,85.88,12.03,1.91,Pressure Anomaly
2026-08-13 07:43:18.383986,42.7,0.215,85.79,11.94,1.65,Pressure Anomaly
2026-08-13 07:43:19.383986,44.92,0.249,86.13,11.94,1.65,Pressure Anomaly
2026-08-13 07:43:20.383986,44.14,0.181,85.43,11.98,1.71,Pressure Anomaly
2026-08-13 07:43:21.383986,47.21,0.206,85.4,11.74,1.51,Pressure Anomaly
2026-08-13 07:43:22.383986,42.12,0.181,85.52,11.65,1.99,Pressure Anomaly
2026-08-13 07:43:23.383986,45.34,0.254,84.03,12.08,1.81,Pressure Anomaly
2026-08-13 07:43:24.383986,46.64,0.191,85.37,12.17,1.72,Pressure Anomaly
2026-08-13 07:43:25.383986,45.48,0.124,85.58,12.29,1.65,Pressure Anomaly
2026-08-13 07:43:26.383986,44.82,0.235,84.89,12.02,1.75,Pressure Anomaly
2026-08-13 07:43:27.383986,44.14,0.197,84.88,11.82,1.79,Pressure Anomaly
2026-08-13 07:43:28.383986,48.14,0.183,83.58,11.98,1.71,Pressure Anomaly
2026-08-13 07:43:29.383986,42.32,0.206,84.09,11.91,1.82,Pressure Anomaly
2026-08-13 07:43:30.383986,41.93,0.13,85.45,11.71,1.68,Pressure Anomaly
2026-08-13 07:43:31.383986,41.4,0.181,85.19,12.02,2.09,Pressure Anomaly
2026-08-13 07:43:32.383986,47.17,0.163,83.54,12.41,1.93,Pressure Anomaly
2026-08-13 07:43:33.383986,46.18,0.203,84.99,11.78,1.82,Pressure Anomaly
2026-08-13 07:43:34.383986,45.14,0.164,84.16,12.23,1.78,Pressure Anomaly
2026-08-13 07:43:35.383986,49.14,0.13,84.16,11.77,1.65,Pressure Anomaly
2026-08-13 07:43:36.383986,43.34,0.213,84.93,11.9,1.53,Pressure Anomaly
2026-08-13 07:43:37.383986,47.96,0.189,83.52,12.04,1.82,Pressure Anomaly
2026-08-13 07:43:38.383986,44.35,0.206,83.46,12.11,1.68,Pressure Anomaly
2026-08-13 07:43:39.383986,43.79,0.226,85.8,12.24,1.93,Pressure Anomaly
2026-08-13 07:43:40.383986,44.35,0.138,85.99,12.21,1.72,Pressure Anomaly
2026-08-13 07:43:41.383986,46.84,0.187,86.06,11.92,2.04,Pressure Anomaly
2026-08-13 07:43:42.383986,46.57,0.272,84.08,12.06,1.68,Pressure Anomaly
2026-08-13 07:43:43.383986,46.69,0.236,86.92,12.07,1.89,Pressure Anomaly
2026-08-13 07:43:44.383986,44.06,0.222,84.12,12.02,1.82,Pressure Anomaly
2026-08-13 07:43:45.383986,44.3,0.203,84.1,11.94,1.93,Pressure Anomaly
2026-08-13 07:43:46.383986,45.35,0.214,83.0,12.06,1.86,Pressure Anomaly
2026-08-13 07:43:47.383986,44.2,0.283,82.15,12.12,1.89,Pressure Anomaly
2026-08-13 07:43:48.383986,46.08,0.207,84.97,12.13,1.71,Pressure Anomaly
2026-08-13 07:43:49.383986,45.6,0.193,83.31,12.11,1.73,Pressure Anomaly
2026-08-13 07:43:50.383986,42.0,0.178,83.58,12.15,1.82,Pressure Anomaly
2026-08-13 07:43:51.383986,47.76,0.173,85.23,12.43,1.84,Pressure Anomaly
2026-08-13 07:43:52.383986,46.72,0.228,82.92,12.09,1.84,Pressure Anomaly
2026-08-13 07:43:53.383986,44.48,0.165,85.01,11.85,2.06,Pressure Anomaly
2026-08-13 07:43:54.383986,45.23,0.151,83.79,11.96,2.09,Pressure Anomaly
2026-08-13 07:43:55.383986,43.23,0.195,83.74,12.07,1.74,Pressure Anomaly
2026-08-13 07:43:56.383986,42.72,0.192,83.96,11.91,1.74,Pressure Anomaly
2026-08-13 07:43:57.383986,47.37,0.187,83.11,11.93,1.81,Pressure Anomaly
2026-08-13 07:43:58.383986,42.33,0.265,85.09,12.21,1.85,Pressure Anomaly
2026-08-13 07:43:59.383986,40.81,0.261,83.34,11.88,1.82,Pressure Anomaly
2026-08-13 07:44:00.383986,47.76,0.242,85.09,11.95,1.76,Pressure Anomaly
2026-08-13 07:44:01.383986,45.69,0.195,85.05,12.12,1.87,Pressure Anomaly
2026-08-13 07:44:02.383986,39.95,0.205,84.03,12.03,1.71,Pressure Anomaly
2026-08-13 07:44:03.383986,42.35,0.219,83.76,12.09,1.72,Pressure Anomaly
2026-08-13 07:44:04.383986,47.83,0.24,84.4,11.97,1.9,Pressure Anomaly
2026-08-13 07:44:05.383986,45.79,0.21,85.12,12.21,1.65,Pressure Anomaly
2026-08-13 07:44:06.383986,42.9,0.169,82.56,11.99,1.87,Pressure Anomaly
2026-08-13 07:44:07.383986,44.96,0.179,85.17,12.02,1.84,Pressure Anomaly
2026-08-13 07:44:08.383986,47.31,0.195,86.08,11.93,2.04,Pressure Anomaly
2026-08-13 07:44:09.383986,43.05,0.221,83.36,12.17,1.74,Pressure Anomaly
2026-08-13 07:44:10.383986,45.58,0.174,84.92,11.9,2.0,Pressure Anomaly
2026-08-13 07:44:11.383986,43.01,0.146,84.91,11.91,1.8,Pressure Anomaly
2026-08-13 07:44:12.383986,44.36,0.147,83.86,12.19,1.92,Pressure Anomaly
2026-08-13 07:44:13.383986,45.46,0.244,82.86,11.95,1.85,Pressure Anomaly
2026-08-13 07:44:14.383986,44.74,0.19,82.7,11.69,1.9,Pressure Anomaly
2026-08-13 07:44:15.383986,45.49,0.236,83.44,11.89,1.8,Pressure Anomaly
2026-08-13 07:44:16.383986,46.71,0.191,84.66,11.85,1.78,Pressure Anomaly
2026-08-13 07:44:17.383986,44.86,0.249,84.05,12.26,1.64,Pressure Anomaly
2026-08-13 07:44:18.383986,45.26,0.207,84.44,11.88,2.0,Pressure Anomaly
2026-08-13 07:44:19.383986,45.03,0.157,83.78,11.95,2.13,Pressure Anomaly
2026-08-13 07:44:20.383986,47.1,0.202,83.67,12.14,1.92,Pressure Anomaly
2026-08-13 07:44:21.383986,39.18,0.226,83.79,11.8,1.91,Pressure Anomaly
2026-08-13 07:44:22.383986,49.49,0.222,84.84,12.27,1.7,Pressure Anomaly
2026-08-13 07:44:23.383986,41.28,0.226,83.47,11.79,1.79,Pressure Anomaly
2026-08-13 07:44:24.383986,46.46,0.194,82.91,11.97,1.8,Pressure Anomaly
2026-08-13 07:44:25.383986,41.14,0.194,82.34,12.1,1.61,Pressure Anomaly
2026-08-13 07:44:26.383986,47.03,0.184,83.12,12.04,1.7,Pressure Anomaly
2026-08-13 07:44:27.383986,45.56,0.171,83.08,12.06,1.66,Pressure Anomaly
2026-08-13 07:44:28.383986,42.47,0.21,83.59,12.03,1.84,Pressure Anomaly
2026-08-13 07:44:29.383986,45.11,0.224,83.7,11.7,1.59,Pressure Anomaly
2026-08-13 07:44:30.383986,48.86,0.2,84.53,11.95,1.79,Pressure Anomaly
2026-08-13 07:44:31.383986,44.09,0.299,83.81,11.92,1.6,Pressure Anomaly
2026-08-13 07:44:32.383986,48.95,0.193,84.28,12.13,1.74,Pressure Anomaly
2026-08-13 07:44:33.383986,46.34,0.176,82.53,12.17,1.78,Pressure Anomaly
2026-08-13 07:44:34.383986,46.04,0.216,84.14,11.77,1.73,Pressure Anomaly
2026-08-13 07:44:35.383986,44.35,0.167,83.91,12.18,1.96,Pressure Anomaly
2026-08-13 07:44:36.383986,44.32,0.212,83.91,12.09,1.69,Pressure Anomaly
2026-08-13 07:44:37.383986,48.64,0.237,84.39,12.18,1.86,Pressure Anomaly
2026-08-13 07:44:38.383986,42.95,0.194,81.77,12.06,1.78,Pressure Anomaly
2026-08-13 07:44:39.383986,44.92,0.248,82.94,11.96,1.8,Pressure Anomaly
2026-08-13 07:44:40.383986,41.32,0.189,80.89,11.91,1.9,Pressure Anomaly
2026-08-13 07:44:41.383986,45.89,0.176,83.4,11.84,1.8,Pressure Anomaly
2026-08-13 07:44:42.383986,50.86,0.274,83.39,12.02,1.68,Pressure Anomaly
2026-08-13 07:44:43.383986,43.4,0.214,82.8,12.14,1.99,Pressure Anomaly
2026-08-13 07:44:44.383986,45.67,0.204,81.62,12.11,1.66,Pressure Anomaly
2026-08-13 07:44:45.383986,44.16,0.238,84.31,11.93,1.75,Pressure Anomaly
2026-08-13 07:44:46.383986,43.6,0.152,82.63,11.76,1.88,Pressure Anomaly
2026-08-13 07:44:47.383986,45.79,0.222,82.29,11.82,1.81,Pressure Anomaly
2026-08-13 07:44:48.383986,45.13,0.194,82.93,12.26,1.85,Pressure Anomaly
2026-08-13 07:44:49.383986,48.94,0.251,84.9,11.84,1.87,Pressure Anomaly
2026-08-13 07:44:50.383986,44.14,0.133,84.68,11.96,1.67,Pressure Anomaly
2026-08-13 07:44:51.383986,44.17,0.168,82.47,11.97,2.01,Pressure Anomaly
2026-08-13 07:44:52.383986,43.67,0.266,83.99,12.06,1.89,Pressure Anomaly
2026-08-13 07:44:53.383986,45.03,0.251,83.69,11.75,1.84,Pressure Anomaly
2026-08-13 07:44:54.383986,46.57,0.188,83.23,11.91,1.63,Pressure Anomaly
2026-08-13 07:44:55.383986,41.9,0.139,83.75,11.63,1.72,Pressure Anomaly
2026-08-13 07:44:56.383986,43.47,0.189,81.2,12.06,1.65,Pressure Anomaly
2026-08-13 07:44:57.383986,47.26,0.175,82.94,12.0,1.83,Pressure Anomaly
2026-08-13 07:44:58.383986,45.07,0.183,83.36,12.07,1.71,Pressure Anomaly
2026-08-13 07:44:59.383986,45.85,0.248,83.71,12.14,1.82,Pressure Anomaly
2026-08-13 07:45:00.383986,43.13,0.168,83.3,12.14,2.13,Pressure Anomaly
2026-08-13 07:45:01.383986,46.96,0.153,82.19,12.34,1.77,Pressure Anomaly
2026-08-13 07:45:02.383986,45.1,0.162,84.51,12.08,1.71,Pressure Anomaly
2026-08-13 07:45:03.383986,43.01,0.212,82.96,12.12,1.87,Pressure Anomaly
2026-08-13 07:45:04.383986,44.47,0.178,82.74,11.92,1.78,Pressure Anomaly
2026-08-13 07:45:05.383986,45.03,0.164,83.51,11.94,1.7,Pressure Anomaly
2026-08-13 07:45:06.383986,44.3,0.21,82.94,12.06,1.91,Pressure Anomaly
2026-08-13 07:45:07.383986,47.61,0.211,81.77,11.96,1.68,Pressure Anomaly
2026-08-13 07:45:08.383986,48.39,0.279,83.47,12.13,1.83,Pressure Anomaly
2026-08-13 07:45:09.383986,45.73,0.136,82.73,11.87,1.83,Pressure Anomaly
2026-08-13 07:45:10.383986,44.88,0.278,83.7,12.04,1.77,Pressure Anomaly
2026-08-13 07:45:11.383986,48.35,0.199,83.09,12.01,1.75,Pressure Anomaly
2026-08-13 07:45:12.383986,45.07,0.122,81.19,12.05,1.99,Pressure Anomaly
2026-08-13 07:45:13.383986,45.7,0.171,81.28,12.12,1.73,Pressure Anomaly
2026-08-13 07:45:14.383986,46.29,0.216,83.18,12.01,1.85,Pressure Anomaly
2026-08-13 07:45:15.383986,44.76,0.175,81.72,11.64,1.78,Pressure Anomaly
2026-08-13 07:45:16.383986,48.04,0.229,82.89,11.89,1.92,Pressure Anomaly
2026-08-13 07:45:17.383986,44.76,0.263,81.66,11.89,1.7,Pressure Anomaly
2026-08-13 07:45:18.383986,42.04,0.163,82.72,11.89,1.34,Pressure Anomaly
2026-08-13 07:45:19.383986,47.15,0.133,83.19,12.0,2.05,Pressure Anomaly
2026-08-13 07:45:20.383986,46.99,0.18,81.88,12.23,1.62,Pressure Anomaly
2026-08-13 07:45:21.383986,45.38,0.195,82.22,12.05,1.82,Pressure Anomaly
2026-08-13 07:45:22.383986,45.91,0.206,82.96,12.01,1.72,Pressure Anomaly
2026-08-13 07:45:23.383986,45.01,0.171,81.74,11.95,1.79,Pressure Anomaly
2026-08-13 07:45:24.383986,45.07,0.237,82.0,12.03,1.81,Pressure Anomaly
2026-08-13 07:45:25.383986,43.78,0.203,83.48,12.03,1.83,Pressure Anomaly
2026-08-13 07:45:26.383986,43.59,0.279,81.81,11.75,1.9,Pressure Anomaly
2026-08-13 07:45:27.383986,44.77,0.188,81.89,12.28,1.84,Pressure Anomaly
2026-08-13 07:45:28.383986,46.1,0.207,82.69,12.21,1.77,Pressure Anomaly
2026-08-13 07:45:29.383986,42.09,0.235,82.9,12.02,1.86,Pressure Anomaly
2026-08-13 07:45:30.383986,44.26,0.201,82.25,11.91,1.94,Pressure Anomaly
2026-08-13 07:45:31.383986,42.18,0.294,83.24,11.73,1.77,Pressure Anomaly
2026-08-13 07:45:32.383986,44.66,0.216,81.35,12.0,1.79,Pressure Anomaly
2026-08-13 07:45:33.383986,43.52,0.165,83.24,11.75,1.86,Pressure Anomaly
2026-08-13 07:45:34.383986,46.6,0.191,82.35,12.17,1.72,Pressure Anomaly
2026-08-13 07:45:35.383986,43.8,0.18,83.45,12.19,1.63,Pressure Anomaly
2026-08-13 07:45:36.383986,47.01,0.233,83.81,12.06,1.79,Pressure Anomaly
2026-08-13 07:45:37.383986,47.29,0.228,84.48,12.14,1.82,Pressure Anomaly
2026-08-13 07:45:38.383986,42.65,0.177,80.78,11.97,1.91,Pressure Anomaly
2026-08-13 07:45:39.383986,44.99,0.241,82.54,11.94,1.81,Pressure Anomaly
2026-08-13 07:45:40.383986,45.94,0.206,82.33,11.88,1.75,Pressure Anomaly
2026-08-13 07:45:41.383986,49.52,0.249,80.69,11.64,1.81,Pressure Anomaly
2026-08-13 07:45:42.383986,46.79,0.179,83.16,12.01,1.78,Pressure Anomaly
2026-08-13 07:45:43.383986,46.51,0.179,81.83,12.1,1.8,Pressure Anomaly
2026-08-13 07:45:44.383986,48.82,0.228,82.73,11.99,1.9,Pressure Anomaly
2026-08-13 07:45:45.383986,44.35,0.211,81.16,12.16,1.83,Pressure Anomaly
2026-08-13 07:45:46.383986,48.97,0.296,82.82,12.01,1.69,Pressure Anomaly
2026-08-13 07:45:47.383986,46.81,0.208,82.58,12.26,1.7,Pressure Anomaly
2026-08-13 07:45:48.383986,43.15,0.191,82.84,12.08,1.69,Pressure Anomaly
2026-08-13 07:45:49.383986,46.51,0.152,81.16,11.98,1.73,Pressure Anomaly
2026-08-13 07:45:50.383986,46.78,0.211,83.75,11.96,1.79,Pressure Anomaly
2026-08-13 07:45:51.383986,47.42,0.196,83.45,12.08,1.52,Pressure Anomaly
2026-08-13 07:45:52.383986,47.36,0.237,82.89,11.71,1.72,Pressure Anomaly
2026-08-13 07:45:53.383986,43.82,0.166,83.66,12.0,1.8,Pressure Anomaly
2026-08-13 07:45:54.383986,46.1,0.223,78.57,11.9,1.63,Pressure Anomaly
2026-08-13 07:45:55.383986,45.8,0.188,81.9,11.69,1.76,Pressure Anomaly
2026-08-13 07:45:56.383986,47.23,0.256,82.58,11.8,1.95,Pressure Anomaly
2026-08-13 07:45:57.383986,46.45,0.195,79.81,12.14,1.73,Pressure Anomaly
2026-08-13 07:45:58.383986,45.69,0.203,83.36,11.98,1.8,Pressure Anomaly
2026-08-13 07:45:59.383986,48.16,0.174,82.61,11.97,1.68,Pressure Anomaly
2026-08-13 07:46:00.383986,45.0,0.228,83.13,12.22,1.76,Pressure Anomaly
2026-08-13 07:46:01.383986,43.03,0.187,80.58,11.97,1.76,Pressure Anomaly
2026-08-13 07:46:02.383986,46.45,0.112,81.01,11.89,1.94,Pressure Anomaly
2026-08-13 07:46:03.383986,42.77,0.209,81.59,12.16,1.87,Pressure Anomaly
2026-08-13 07:46:04.383986,45.24,0.178,79.85,12.04,1.86,Pressure Anomaly
2026-08-13 07:46:05.383986,41.85,0.151,81.93,12.05,1.68,Pressure Anomaly
2026-08-13 07:46:06.383986,43.85,0.127,83.04,11.81,1.87,Pressure Anomaly
2026-08-13 07:46:07.383986,44.93,0.252,80.85,12.01,1.6,Pressure Anomaly
2026-08-13 07:46:08.383986,41.12,0.224,79.83,11.97,1.92,Pressure Anomaly
2026-08-13 07:46:09.383986,46.49,0.173,80.01,12.08,1.96,Pressure Anomaly
2026-08-13 07:46:10.383986,43.68,0.168,81.06,12.09,1.95,Pressure Anomaly
2026-08-13 07:46:11.383986,42.52,0.14,83.9,11.97,1.83,Pressure Anomaly
2026-08-13 07:46:12.383986,43.62,0.22,82.5,12.04,2.01,Pressure Anomaly
2026-08-13 07:46:13.383986,44.35,0.189,81.75,12.07,1.83,Pressure Anomaly
2026-08-13 07:46:14.383986,42.43,0.213,81.13,11.91,1.8,Pressure Anomaly
2026-08-13 07:46:15.383986,43.08,0.155,78.86,12.26,1.87,Pressure Anomaly
2026-08-13 07:46:16.383986,44.77,0.173,78.58,11.89,1.89,Pressure Anomaly
2026-08-13 07:46:17.383986,46.88,0.226,81.6,12.2,1.76,Pressure Anomaly
2026-08-13 07:46:18.383986,47.17,0.185,80.54,11.85,1.67,Pressure Anomaly
2026-08-13 07:46:19.383986,46.32,0.17,80.37,12.11,1.84,Pressure Anomaly
2026-08-13 07:46:20.383986,46.93,0.221,80.63,12.01,1.82,Pressure Anomaly
2026-08-13 07:46:21.383986,43.16,0.156,80.68,12.31,1.75,Pressure Anomaly
2026-08-13 07:46:22.383986,47.47,0.181,82.23,12.14,1.91,Pressure Anomaly
2026-08-13 07:46:23.383986,45.78,0.255,81.7,12.26,1.61,Pressure Anomaly
2026-08-13 07:46:24.383986,45.7,0.214,100.36,12.14,1.58,Electrical Instability
2026-08-13 07:46:25.383986,43.7,0.1,102.86,11.94,2.13,Electrical Instability
2026-08-13 07:46:26.383986,46.62,0.222,100.71,11.73,1.88,Electrical Instability
2026-08-13 07:46:27.383986,44.87,0.133,99.78,11.75,2.08,Electrical Instability
2026-08-13 07:46:28.383986,49.45,0.21,101.45,11.91,1.66,Electrical Instability
2026-08-13 07:46:29.383986,47.78,0.294,100.41,11.97,1.74,Electrical Instability
2026-08-13 07:46:30.383986,44.19,0.259,99.99,12.1,1.92,Electrical Instability
2026-08-13 07:46:31.383986,44.75,0.245,101.45,12.29,1.58,Electrical Instability
2026-08-13 07:46:32.383986,44.34,0.196,98.63,11.71,1.69,Electrical Instability
2026-08-13 07:46:33.383986,46.94,0.165,100.48,12.19,1.57,Electrical Instability
2026-08-13 07:46:34.383986,40.91,0.182,99.85,11.63,1.9,Electrical Instability
2026-08-13 07:46:35.383986,46.81,0.239,102.41,12.29,1.49,Electrical Instability
2026-08-13 07:46:36.383986,45.96,0.174,100.55,12.12,1.55,Electrical Instability
2026-08-13 07:46:37.383986,41.56,0.232,101.79,12.01,1.68,Electrical Instability
2026-08-13 07:46:38.383986,46.56,0.234,101.39,11.68,1.75,Electrical Instability
2026-08-13 07:46:39.383986,46.75,0.266,100.97,11.91,1.79,Electrical Instability
2026-08-13 07:46:40.383986,45.63,0.171,98.41,12.27,2.09,Electrical Instability
2026-08-13 07:46:41.383986,43.86,0.147,101.16,11.92,1.97,Electrical Instability
2026-08-13 07:46:42.383986,45.2,0.16,99.98,12.18,1.91,Electrical Instability
2026-08-13 07:46:43.383986,47.22,0.152,103.14,11.53,1.93,Electrical Instability
2026-08-13 07:46:44.383986,41.28,0.16,102.86,12.17,1.74,Electrical Instability
2026-08-13 07:46:45.383986,44.07,0.205,101.81,12.27,1.75,Electrical Instability
2026-08-13 07:46:46.383986,41.89,0.208,100.84,11.63,1.87,Electrical Instability
2026-08-13 07:46:47.383986,44.69,0.215,100.41,12.08,1.63,Electrical Instability
2026-08-13 07:46:48.383986,43.46,0.188,103.04,12.15,1.99,Electrical Instability
2026-08-13 07:46:49.383986,47.96,0.38,101.34,12.31,1.98,Electrical Instability
2026-08-13 07:46:50.383986,47.12,0.289,100.88,11.82,1.87,Electrical Instability
2026-08-13 07:46:51.383986,44.77,0.216,102.86,11.83,1.78,Electrical Instability
2026-08-13 07:46:52.383986,45.49,0.189,99.39,11.8,1.93,Electrical Instability
2026-08-13 07:46:53.383986,48.02,0.142,100.14,11.95,1.52,Electrical Instability
2026-08-13 07:46:54.383986,44.26,0.113,102.67,11.75,2.08,Electrical Instability
2026-08-13 07:46:55.383986,47.38,0.168,100.23,11.89,1.82,Electrical Instability
2026-08-13 07:46:56.383986,45.85,0.161,102.05,12.0,1.78,Electrical Instability
2026-08-13 07:46:57.383986,43.74,0.191,100.48,11.95,1.85,Electrical Instability
2026-08-13 07:46:58.383986,45.69,0.288,101.17,12.18,1.87,Electrical Instability
2026-08-13 07:46:59.383986,44.7,0.194,101.24,12.0,1.69,Electrical Instability
2026-08-13 07:47:00.383986,42.25,0.233,102.2,12.11,1.86,Electrical Instability
2026-08-13 07:47:01.383986,46.72,0.236,102.09,11.71,1.67,Electrical Instability
2026-08-13 07:47:02.383986,44.41,0.199,101.06,11.45,2.1,Electrical Instability
2026-08-13 07:47:03.383986,44.65,0.209,102.54,11.34,1.76,Electrical Instability
2026-08-13 07:47:04.383986,44.43,0.183,101.13,12.28,1.94,Electrical Instability
2026-08-13 07:47:05.383986,47.12,0.202,99.9,11.4,1.61,Electrical Instability
2026-08-13 07:47:06.383986,45.93,0.202,101.09,11.82,2.14,Electrical Instability
2026-08-13 07:47:07.383986,43.57,0.246,101.3,11.9,2.02,Electrical Instability
2026-08-13 07:47:08.383986,48.15,0.188,102.1,12.0,1.85,Electrical Instability
2026-08-13 07:47:09.383986,45.63,0.166,100.99,11.76,1.98,Electrical Instability
2026-08-13 07:47:10.383986,45.04,0.135,100.58,11.11,1.77,Electrical Instability
2026-08-13 07:47:11.383986,45.31,0.193,103.28,12.05,1.93,Electrical Instability
2026-08-13 07:47:12.383986,41.95,0.182,100.81,11.71,1.73,Electrical Instability
2026-08-13 07:47:13.383986,41.63,0.136,102.17,11.87,1.77,Electrical Instability
2026-08-13 07:47:14.383986,45.24,0.258,101.3,12.04,1.72,Electrical Instability
2026-08-13 07:47:15.383986,44.02,0.218,103.19,12.26,1.94,Electrical Instability
2026-08-13 07:47:16.383986,45.56,0.27,102.09,11.32,1.69,Electrical Instability
2026-08-13 07:47:17.383986,45.94,0.111,100.4,11.72,1.81,Electrical Instability
2026-08-13 07:47:18.383986,44.7,0.186,102.13,11.83,1.8,Electrical Instability
2026-08-13 07:47:19.383986,42.58,0.251,100.63,11.62,1.89,Electrical Instability
2026-08-13 07:47:20.383986,43.75,0.174,101.56,11.81,2.2,Electrical Instability
2026-08-13 07:47:21.383986,45.14,0.231,99.36,11.67,1.69,Electrical Instability
2026-08-13 07:47:22.383986,43.38,0.221,102.34,11.97,1.82,Electrical Instability
2026-08-13 07:47:23.383986,44.03,0.256,103.37,11.92,2.0,Electrical Instability
2026-08-13 07:47:24.383986,45.99,0.238,100.14,11.76,1.92,Electrical Instability
2026-08-13 07:47:25.383986,47.73,0.159,99.27,11.75,2.01,Electrical Instability
2026-08-13 07:47:26.383986,42.14,0.141,101.46,11.85,1.95,Electrical Instability
2026-08-13 07:47:27.383986,42.86,0.184,102.5,11.58,2.08,Electrical Instability
2026-08-13 07:47:28.383986,43.19,0.242,100.93,11.59,1.79,Electrical Instability
2026-08-13 07:47:29.383986,46.41,0.2,102.42,12.23,1.69,Electrical Instability
2026-08-13 07:47:30.383986,42.82,0.135,100.4,12.14,1.95,Electrical Instability
2026-08-13 07:47:31.383986,44.24,0.199,102.7,12.34,1.91,Electrical Instability
2026-08-13 07:47:32.383986,40.02,0.215,102.23,11.92,1.98,Electrical Instability
2026-08-13 07:47:33.383986,46.06,0.138,100.41,11.78,2.03,Electrical Instability
2026-08-13 07:47:34.383986,43.82,0.223,101.6,12.26,1.86,Electrical Instability
2026-08-13 07:47:35.383986,41.85,0.232,103.44,12.04,1.75,Electrical Instability
2026-08-13 07:47:36.383986,43.2,0.152,103.3,11.77,1.77,Electrical Instability
2026-08-13 07:47:37.383986,45.05,0.184,102.87,11.6,2.05,Electrical Instability
2026-08-13 07:47:38.383986,45.61,0.26,102.88,11.87,1.83,Electrical Instability
2026-08-13 07:47:39.383986,45.51,0.195,99.64,12.24,1.91,Electrical Instability
2026-08-13 07:47:40.383986,43.05,0.097,98.97,12.04,1.78,Electrical Instability
2026-08-13 07:47:41.383986,44.48,0.224,100.78,11.98,1.89,Electrical Instability
2026-08-13 07:47:42.383986,45.22,0.121,100.48,11.99,1.78,Electrical Instability
2026-08-13 07:47:43.383986,47.81,0.317,101.96,12.22,1.99,Electrical Instability
2026-08-13 07:47:44.383986,44.33,0.21,103.31,11.71,1.72,Electrical Instability
2026-08-13 07:47:45.383986,43.14,0.189,100.3,12.26,1.91,Electrical Instability
2026-08-13 07:47:46.383986,47.35,0.185,100.16,11.51,1.75,Electrical Instability
2026-08-13 07:47:47.383986,46.11,0.226,101.9,11.46,1.88,Electrical Instability
2026-08-13 07:47:48.383986,43.37,0.22,101.78,11.54,2.03,Electrical Instability
2026-08-13 07:47:49.383986,50.1,0.242,101.14,11.75,1.85,Electrical Instability
2026-08-13 07:47:50.383986,43.91,0.213,100.16,11.36,1.92,Electrical Instability
2026-08-13 07:47:51.383986,45.48,0.171,100.02,11.9,1.74,Electrical Instability
2026-08-13 07:47:52.383986,45.16,0.288,101.95,11.48,1.7,Electrical Instability
2026-08-13 07:47:53.383986,45.75,0.131,99.3,11.96,1.94,Electrical Instability
2026-08-13 07:47:54.383986,46.35,0.213,101.23,11.65,1.97,Electrical Instability
2026-08-13 07:47:55.383986,48.51,0.175,100.28,11.53,1.76,Electrical Instability
2026-08-13 07:47:56.383986,45.87,0.093,101.74,11.98,1.62,Electrical Instability
2026-08-13 07:47:57.383986,43.51,0.204,101.16,11.94,1.87,Electrical Instability
2026-08-13 07:47:58.383986,48.0,0.184,100.32,11.55,2.0,Electrical Instability
2026-08-13 07:47:59.383986,45.53,0.232,101.91,11.31,1.72,Electrical Instability
2026-08-13 07:48:00.383986,43.44,0.159,100.88,12.06,2.08,Electrical Instability
2026-08-13 07:48:01.383986,44.9,0.187,100.59,11.83,1.93,Electrical Instability
2026-08-13 07:48:02.383986,47.1,0.24,99.0,11.77,2.11,Electrical Instability
2026-08-13 07:48:03.383986,44.62,0.257,100.99,11.85,1.73,Electrical Instability
2026-08-13 07:48:04.383986,43.3,0.236,102.18,11.81,1.72,Electrical Instability
2026-08-13 07:48:05.383986,45.59,0.263,103.04,11.72,1.65,Electrical Instability
2026-08-13 07:48:06.383986,47.19,0.186,102.24,11.87,1.77,Electrical Instability
2026-08-13 07:48:07.383986,45.63,0.265,101.15,11.54,1.66,Electrical Instability
2026-08-13 07:48:08.383986,43.98,0.179,102.12,11.51,2.14,Electrical Instability
2026-08-13 07:48:09.383986,42.85,0.317,103.03,11.83,1.66,Electrical Instability
2026-08-13 07:48:10.383986,45.42,0.181,100.03,11.86,1.78,Electrical Instability
2026-08-13 07:48:11.383986,44.11,0.19,100.73,12.31,1.83,Electrical Instability
2026-08-13 07:48:12.383986,46.42,0.207,101.65,11.89,2.04,Electrical Instability
2026-08-13 07:48:13.383986,46.08,0.211,101.36,11.75,1.77,Electrical Instability
2026-08-13 07:48:14.383986,45.43,0.212,101.7,11.83,1.88,Electrical Instability
2026-08-13 07:48:15.383986,45.44,0.172,101.61,11.72,1.94,Electrical Instability
2026-08-13 07:48:16.383986,47.56,0.165,101.9,11.78,2.22,Electrical Instability
2026-08-13 07:48:17.383986,45.13,0.235,101.32,11.43,1.83,Electrical Instability
2026-08-13 07:48:18.383986,47.33,0.178,99.08,11.76,1.75,Electrical Instability
2026-08-13 07:48:19.383986,45.84,0.278,102.07,12.15,1.83,Electrical Instability
2026-08-13 07:48:20.383986,45.29,0.148,100.62,11.54,1.72,Electrical Instability
2026-08-13 07:48:21.383986,48.32,0.095,102.67,12.08,1.99,Electrical Instability
2026-08-13 07:48:22.383986,43.36,0.121,100.75,11.92,1.92,Electrical Instability
2026-08-13 07:48:23.383986,43.51,0.257,102.98,11.71,1.94,Electrical Instability
2026-08-13 07:48:24.383986,42.58,0.179,101.81,11.85,1.84,Electrical Instability
2026-08-13 07:48:25.383986,45.06,0.178,101.02,11.86,1.63,Electrical Instability
2026-08-13 07:48:26.383986,45.46,0.217,100.73,11.64,1.85,Electrical Instability
2026-08-13 07:48:27.383986,44.66,0.2,101.43,11.23,2.02,Electrical Instability
2026-08-13 07:48:28.383986,45.04,0.297,100.11,11.54,1.89,Electrical Instability
2026-08-13 07:48:29.383986,46.45,0.102,100.47,11.9,1.78,Electrical Instability
2026-08-13 07:48:30.383986,48.37,0.177,100.4,11.9,2.17,Electrical Instability
2026-08-13 07:48:31.383986,46.47,0.263,102.98,11.52,2.07,Electrical Instability
2026-08-13 07:48:32.383986,42.59,0.221,101.23,12.05,2.1,Electrical Instability
2026-08-13 07:48:33.383986,46.78,0.215,101.81,11.76,1.92,Electrical Instability
2026-08-13 07:48:34.383986,48.54,0.278,101.16,11.8,1.94,Electrical Instability
2026-08-13 07:48:35.383986,42.43,0.183,102.9,11.55,2.25,Electrical Instability
2026-08-13 07:48:36.383986,48.0,0.22,101.86,11.51,1.89,Electrical Instability
2026-08-13 07:48:37.383986,48.55,0.169,102.36,11.39,1.75,Electrical Instability
2026-08-13 07:48:38.383986,49.47,0.199,100.76,12.07,2.12,Electrical Instability
2026-08-13 07:48:39.383986,47.52,0.172,101.01,11.81,2.04,Electrical Instability
2026-08-13 07:48:40.383986,44.66,0.209,101.57,12.05,2.05,Electrical Instability
2026-08-13 07:48:41.383986,42.67,0.189,100.37,11.87,2.08,Electrical Instability
2026-08-13 07:48:42.383986,45.89,0.187,101.37,11.78,1.84,Electrical Instability
2026-08-13 07:48:43.383986,43.26,0.097,102.57,11.85,1.99,Electrical Instability
2026-08-13 07:48:44.383986,48.23,0.137,99.56,11.82,1.98,Electrical Instability
2026-08-13 07:48:45.383986,42.24,0.218,100.9,11.52,1.89,Electrical Instability
2026-08-13 07:48:46.383986,40.83,0.17,100.6,11.86,1.92,Electrical Instability
2026-08-13 07:48:47.383986,46.99,0.073,100.46,11.85,1.9,Electrical Instability
2026-08-13 07:48:48.383986,47.41,0.11,102.03,11.55,1.83,Electrical Instability
2026-08-13 07:48:49.383986,47.71,0.258,102.33,12.22,2.14,Electrical Instability
2026-08-13 07:48:50.383986,44.14,0.207,100.94,12.22,2.11,Electrical Instability
2026-08-13 07:48:51.383986,45.36,0.244,100.07,11.77,1.81,Electrical Instability
2026-08-13 07:48:52.383986,42.36,0.239,102.21,11.82,1.92,Electrical Instability
2026-08-13 07:48:53.383986,43.21,0.142,100.33,11.64,2.11,Electrical Instability
2026-08-13 07:48:54.383986,47.87,0.118,100.61,11.52,1.57,Electrical Instability
2026-08-13 07:48:55.383986,46.89,0.188,101.19,12.03,1.96,Electrical Instability
2026-08-13 07:48:56.383986,44.9,0.229,102.36,11.77,2.06,Electrical Instability
2026-08-13 07:48:57.383986,45.47,0.196,101.41,11.51,1.87,Electrical Instability
2026-08-13 07:48:58.383986,48.53,0.3,102.89,11.36,1.74,Electrical Instability
2026-08-13 07:48:59.383986,43.39,0.207,98.49,11.54,2.17,Electrical Instability
2026-08-13 07:49:00.383986,47.74,0.175,100.87,11.83,2.1,Electrical Instability
2026-08-13 07:49:01.383986,44.72,0.188,100.73,11.35,1.92,Electrical Instability
2026-08-13 07:49:02.383986,45.2,0.137,101.95,11.8,2.06,Electrical Instability
2026-08-13 07:49:03.383986,44.26,0.101,101.77,11.52,1.83,Electrical Instability
2026-08-13 07:49:04.383986,43.29,0.186,102.88,11.55,1.8,Electrical Instability
2026-08-13 07:49:05.383986,47.11,0.209,99.18,11.84,2.28,Electrical Instability
2026-08-13 07:49:06.383986,40.61,0.138,98.45,11.66,2.11,Electrical Instability
2026-08-13 07:49:07.383986,46.03,0.27,102.13,12.1,2.14,Electrical Instability
2026-08-13 07:49:08.383986,45.01,0.203,100.43,11.61,1.97,Electrical Instability
2026-08-13 07:49:09.383986,45.66,0.267,100.97,11.44,1.83,Electrical Instability
2026-08-13 07:49:10.383986,47.14,0.13,101.1,12.0,2.01,Electrical Instability
2026-08-13 07:49:11.383986,45.69,0.198,100.27,11.45,1.94,Electrical Instability
2026-08-13 07:49:12.383986,46.38,0.247,101.39,12.0,2.21,Electrical Instability
2026-08-13 07:49:13.383986,47.44,0.261,100.31,11.37,2.05,Electrical Instability
2026-08-13 07:49:14.383986,43.17,0.185,102.07,12.01,1.93,Electrical Instability
2026-08-13 07:49:15.383986,44.56,0.216,100.23,11.61,1.97,Electrical Instability
2026-08-13 07:49:16.383986,45.8,0.204,100.47,11.47,1.86,Electrical Instability
2026-08-13 07:49:17.383986,42.62,0.217,102.19,11.85,1.93,Electrical Instability
2026-08-13 07:49:18.383986,44.25,0.237,101.94,11.71,2.24,Electrical Instability
2026-08-13 07:49:19.383986,45.82,0.187,100.9,11.26,2.07,Electrical Instability
2026-08-13 07:49:20.383986,45.67,0.225,103.14,11.55,1.63,Electrical Instability
2026-08-13 07:49:21.383986,46.85,0.208,100.57,11.75,2.09,Electrical Instability
2026-08-13 07:49:22.383986,44.0,0.185,102.78,11.46,1.99,Electrical Instability
2026-08-13 07:49:23.383986,40.65,0.126,101.46,11.95,1.77,Electrical Instability
2026-08-13 07:49:24.383986,46.05,0.181,102.25,11.34,2.04,Electrical Instability
2026-08-13 07:49:25.383986,44.6,0.211,101.37,11.58,2.05,Electrical Instability
2026-08-13 07:49:26.383986,46.0,0.193,100.94,11.66,2.02,Electrical Instability
2026-08-13 07:49:27.383986,43.94,0.183,100.24,11.62,1.89,Electrical Instability
2026-08-13 07:49:28.383986,47.46,0.234,100.38,11.63,2.08,Electrical Instability
2026-08-13 07:49:29.383986,45.57,0.164,100.21,11.84,2.12,Electrical Instability
2026-08-13 07:49:30.383986,45.51,0.238,98.33,11.96,1.96,Electrical Instability
2026-08-13 07:49:31.383986,46.22,0.184,102.7,11.36,2.21,Electrical Instability
2026-08-13 07:49:32.383986,46.73,0.231,100.97,11.3,2.13,Electrical Instability
2026-08-13 07:49:33.383986,46.57,0.268,101.11,11.52,2.2,Electrical Instability
2026-08-13 07:49:34.383986,49.77,0.2,100.55,11.82,1.95,Electrical Instability
2026-08-13 07:49:35.383986,47.15,0.187,102.86,11.44,2.06,Electrical Instability
2026-08-13 07:49:36.383986,44.98,0.186,100.89,11.8,2.13,Electrical Instability
2026-08-13 07:49:37.383986,47.08,0.195,101.44,11.84,2.13,Electrical Instability
2026-08-13 07:49:38.383986,40.59,0.186,101.08,11.78,1.98,Electrical Instability
2026-08-13 07:49:39.383986,47.41,0.146,101.56,11.84,1.77,Electrical Instability
2026-08-13 07:49:40.383986,51.01,0.26,101.3,11.4,1.97,Electrical Instability
2026-08-13 07:49:41.383986,46.15,0.222,102.8,11.49,2.08,Electrical Instability
2026-08-13 07:49:42.383986,43.41,0.179,101.68,11.78,1.89,Electrical Instability
2026-08-13 07:49:43.383986,45.11,0.273,102.46,11.65,1.66,Electrical Instability
2026-08-13 07:49:44.383986,51.02,0.199,100.99,11.47,2.06,Electrical Instability
2026-08-13 07:49:45.383986,46.78,0.248,100.37,11.52,2.31,Electrical Instability
2026-08-13 07:49:46.383986,46.46,0.191,100.36,11.72,2.16,Electrical Instability
2026-08-13 07:49:47.383986,47.76,0.187,101.66,12.01,2.16,Electrical Instability
2026-08-13 07:49:48.383986,44.45,0.073,101.6,11.79,1.84,Electrical Instability
2026-08-13 07:49:49.383986,46.01,0.187,101.4,11.45,2.2,Electrical Instability
2026-08-13 07:49:50.383986,46.33,0.156,102.22,11.27,2.2,Electrical Instability
2026-08-13 07:49:51.383986,48.02,0.269,101.14,11.46,2.02,Electrical Instability
2026-08-13 07:49:52.383986,45.87,0.167,100.75,11.49,1.83,Electrical Instability
2026-08-13 07:49:53.383986,47.4,0.197,100.99,11.3,1.83,Electrical Instability
2026-08-13 07:49:54.383986,49.92,0.169,101.91,11.62,1.59,Electrical Instability
2026-08-13 07:49:55.383986,49.64,0.234,100.53,11.57,1.84,Electrical Instability
2026-08-13 07:49:56.383986,49.71,0.155,100.78,11.39,2.02,Electrical Instability
2026-08-13 07:49:57.383986,48.81,0.289,100.9,11.67,2.03,Electrical Instability
2026-08-13 07:49:58.383986,44.11,0.321,102.66,11.62,2.25,Electrical Instability
2026-08-13 07:49:59.383986,48.5,0.204,101.63,11.95,1.87,Electrical Instability
2026-08-13 07:50:00.383986,49.43,0.189,102.82,11.57,2.07,Electrical Instability
2026-08-13 07:50:01.383986,46.02,0.173,101.03,11.91,1.67,Electrical Instability
2026-08-13 07:50:02.383986,43.61,0.164,100.22,11.94,2.21,Electrical Instability
2026-08-13 07:50:03.383986,47.28,0.168,102.64,11.16,2.34,Electrical Instability
2026-08-13 07:50:04.383986,44.73,0.187,100.87,11.29,2.31,Electrical Instability
2026-08-13 07:50:05.383986,47.68,0.261,100.08,11.6,2.1,Electrical Instability
2026-08-13 07:50:06.383986,46.65,0.142,102.38,11.59,1.88,Electrical Instability
2026-08-13 07:50:07.383986,42.4,0.23,103.75,11.3,2.05,Electrical Instability
2026-08-13 07:50:08.383986,48.34,0.137,100.82,11.34,2.17,Electrical Instability
2026-08-13 07:50:09.383986,48.78,0.208,100.46,11.44,1.93,Electrical Instability
2026-08-13 07:50:10.383986,44.18,0.195,101.87,11.67,2.02,Electrical Instability
2026-08-13 07:50:11.383986,46.25,0.196,100.0,11.59,1.94,Electrical Instability
2026-08-13 07:50:12.383986,43.45,0.219,100.69,11.6,2.16,Electrical Instability
2026-08-13 07:50:13.383986,44.24,0.205,99.49,11.93,1.83,Electrical Instability
2026-08-13 07:50:14.383986,45.12,0.267,101.07,11.24,2.14,Electrical Instability
2026-08-13 07:50:15.383986,47.54,0.168,100.78,11.43,2.0,Electrical Instability
2026-08-13 07:50:16.383986,42.37,0.191,103.08,11.31,1.94,Electrical Instability
2026-08-13 07:50:17.383986,43.8,0.231,102.5,11.83,1.85,Electrical Instability
2026-08-13 07:50:18.383986,47.17,0.272,101.81,11.65,1.96,Electrical Instability
2026-08-13 07:50:19.383986,46.62,0.262,101.63,11.22,1.97,Electrical Instability
2026-08-13 07:50:20.383986,48.6,0.216,101.42,11.39,2.21,Electrical Instability
2026-08-13 07:50:21.383986,49.51,0.263,102.74,11.44,1.96,Electrical Instability
2026-08-13 07:50:22.383986,45.88,0.202,102.73,11.82,2.12,Electrical Instability
2026-08-13 07:50:23.383986,43.33,0.116,101.54,11.74,2.03,Electrical Instability
2026-08-13 07:50:24.383986,50.03,0.146,100.09,11.35,1.93,Electrical Instability
2026-08-13 07:50:25.383986,47.26,0.179,99.75,11.74,1.78,Electrical Instability
2026-08-13 07:50:26.383986,44.07,0.119,101.51,11.56,2.33,Electrical Instability
2026-08-13 07:50:27.383986,48.04,0.272,101.59,11.27,2.06,Electrical Instability
2026-08-13 07:50:28.383986,47.4,0.235,100.83,11.63,1.9,Electrical Instability
2026-08-13 07:50:29.383986,44.14,0.144,101.32,11.22,1.98,Electrical Instability
2026-08-13 07:50:30.383986,48.04,0.149,100.8,11.53,2.08,Electrical Instability
2026-08-13 07:50:31.383986,45.24,0.239,101.89,11.79,2.03,Electrical Instability
2026-08-13 07:50:32.383986,45.21,0.166,101.61,11.41,1.96,Electrical Instability
2026-08-13 07:50:33.383986,45.35,0.166,101.5,11.15,2.09,Electrical Instability
2026-08-13 07:50:34.383986,47.6,0.171,103.22,11.5,1.82,Electrical Instability
2026-08-13 07:50:35.383986,45.69,0.203,101.75,11.43,1.9,Electrical Instability
2026-08-13 07:50:36.383986,44.07,0.167,100.74,11.21,1.94,Electrical Instability
2026-08-13 07:50:37.383986,47.58,0.282,102.06,11.82,2.2,Electrical Instability
2026-08-13 07:50:38.383986,47.94,0.183,101.44,11.39,2.02,Electrical Instability
2026-08-13 07:50:39.383986,46.41,0.236,101.72,11.45,2.06,Electrical Instability
2026-08-13 07:50:40.383986,47.15,0.233,99.78,11.22,2.22,Electrical Instability
2026-08-13 07:50:41.383986,46.16,0.179,101.04,11.42,2.14,Electrical Instability
2026-08-13 07:50:42.383986,44.07,0.201,101.55,11.58,2.09,Electrical Instability
2026-08-13 07:50:43.383986,47.33,0.171,100.36,12.1,2.01,Electrical Instability
2026-08-13 07:50:44.383986,45.93,0.234,102.9,11.34,1.91,Electrical Instability
2026-08-13 07:50:45.383986,43.82,0.28,100.26,11.47,1.91,Electrical Instability
2026-08-13 07:50:46.383986,43.41,0.185,100.36,11.3,2.36,Electrical Instability
2026-08-13 07:50:47.383986,47.16,0.247,102.12,11.45,2.0,Electrical Instability
2026-08-13 07:50:48.383986,46.82,0.208,100.73,11.5,1.96,Electrical Instability
2026-08-13 07:50:49.383986,45.98,0.183,100.03,10.88,1.92,Electrical Instability
2026-08-13 07:50:50.383986,49.94,0.185,102.08,10.94,1.91,Electrical Instability
2026-08-13 07:50:51.383986,43.63,0.19,103.72,11.58,2.32,Electrical Instability
2026-08-13 07:50:52.383986,45.83,0.268,103.37,11.44,1.99,Electrical Instability
2026-08-13 07:50:53.383986,43.71,0.185,101.38,11.97,1.87,Electrical Instability
2026-08-13 07:50:54.383986,46.47,0.109,100.87,11.54,2.15,Electrical Instability
2026-08-13 07:50:55.383986,47.53,0.22,101.88,11.47,1.91,Electrical Instability
2026-08-13 07:50:56.383986,42.66,0.173,101.17,11.77,2.06,Electrical Instability
2026-08-13 07:50:57.383986,45.97,0.219,101.03,11.66,2.37,Electrical Instability
2026-08-13 07:50:58.383986,50.75,0.205,101.64,11.85,2.05,Electrical Instability
2026-08-13 07:50:59.383986,47.73,0.143,100.99,11.74,1.97,Electrical Instability
2026-08-13 07:51:00.383986,46.12,0.121,103.31,11.76,2.1,Electrical Instability
2026-08-13 07:51:01.383986,47.4,0.22,102.68,11.32,2.19,Electrical Instability
2026-08-13 07:51:02.383986,48.54,0.261,99.04,11.29,1.93,Electrical Instability
2026-08-13 07:51:03.383986,46.69,0.099,99.25,11.98,2.17,Electrical Instability
2026-08-13 07:51:04.383986,46.64,0.218,101.45,11.69,1.99,Electrical Instability
2026-08-13 07:51:05.383986,46.78,0.211,100.25,11.76,2.01,Electrical Instability
2026-08-13 07:51:06.383986,48.44,0.206,102.93,11.18,1.92,Electrical Instability
2026-08-13 07:51:07.383986,44.6,0.207,102.84,11.83,1.74,Electrical Instability
2026-08-13 07:51:08.383986,46.92,0.039,102.1,11.71,2.08,Electrical Instability
2026-08-13 07:51:09.383986,46.59,0.204,100.52,11.54,2.05,Electrical Instability
2026-08-13 07:51:10.383986,48.29,0.194,100.44,11.04,1.81,Electrical Instability
2026-08-13 07:51:11.383986,49.06,0.177,101.64,11.87,2.0,Electrical Instability
2026-08-13 07:51:12.383986,45.19,0.193,101.33,11.9,2.32,Electrical Instability
2026-08-13 07:51:13.383986,47.69,0.272,101.12,11.5,2.04,Electrical Instability
2026-08-13 07:51:14.383986,43.87,0.26,101.83,11.42,2.09,Electrical Instability
2026-08-13 07:51:15.383986,43.44,0.151,101.64,11.29,2.06,Electrical Instability
2026-08-13 07:51:16.383986,46.25,0.166,100.33,11.01,2.07,Electrical Instability
2026-08-13 07:51:17.383986,47.7,0.118,101.28,11.48,1.94,Electrical Instability
2026-08-13 07:51:18.383986,49.31,0.181,101.2,11.37,1.83,Electrical Instability
2026-08-13 07:51:19.383986,48.49,0.152,101.06,11.56,2.31,Electrical Instability
2026-08-13 07:51:20.383986,44.32,0.178,102.68,11.52,2.2,Electrical Instability
2026-08-13 07:51:21.383986,44.38,0.181,101.13,11.19,1.85,Electrical Instability
2026-08-13 07:51:22.383986,45.47,0.268,101.36,11.75,2.12,Electrical Instability
2026-08-13 07:51:23.383986,44.97,0.264,101.51,11.64,1.94,Electrical Instability
2026-08-13 07:51:24.383986,48.58,0.253,101.59,11.2,2.09,Electrical Instability
2026-08-13 07:51:25.383986,47.73,0.212,101.9,11.65,2.0,Electrical Instability
2026-08-13 07:51:26.383986,44.2,0.198,100.97,11.59,1.94,Electrical Instability
2026-08-13 07:51:27.383986,48.56,0.268,101.3,11.41,1.99,Electrical Instability
2026-08-13 07:51:28.383986,45.43,0.18,102.74,11.37,1.91,Electrical Instability
2026-08-13 07:51:29.383986,47.04,0.241,101.27,11.76,2.22,Electrical Instability
2026-08-13 07:51:30.383986,44.43,0.172,101.53,10.97,2.16,Electrical Instability
2026-08-13 07:51:31.383986,43.01,0.251,102.21,11.51,2.01,Electrical Instability
2026-08-13 07:51:32.383986,46.88,0.174,100.27,11.3,2.21,Electrical Instability
2026-08-13 07:51:33.383986,46.63,0.273,102.07,11.55,1.87,Electrical Instability
2026-08-13 07:51:34.383986,45.98,0.147,101.12,11.21,2.05,Electrical Instability
2026-08-13 07:51:35.383986,48.68,0.224,102.31,10.98,2.12,Electrical Instability
2026-08-13 07:51:36.383986,48.49,0.275,99.75,11.29,2.27,Electrical Instability
2026-08-13 07:51:37.383986,46.18,0.154,99.75,11.14,1.86,Electrical Instability
2026-08-13 07:51:38.383986,46.69,0.245,100.04,11.44,2.24,Electrical Instability
2026-08-13 07:51:39.383986,46.57,0.119,101.69,11.36,2.09,Electrical Instability
2026-08-13 07:51:40.383986,45.49,0.204,101.81,11.97,2.13,Electrical Instability
2026-08-13 07:51:41.383986,49.61,0.218,101.2,11.4,1.93,Electrical Instability
2026-08-13 07:51:42.383986,47.2,0.1,100.44,11.39,2.3,Electrical Instability
2026-08-13 07:51:43.383986,49.46,0.188,101.46,11.61,1.92,Electrical Instability
2026-08-13 07:51:44.383986,47.41,0.159,101.13,11.25,2.19,Electrical Instability
2026-08-13 07:51:45.383986,47.71,0.245,101.65,11.4,2.4,Electrical Instability
2026-08-13 07:51:46.383986,43.56,0.285,101.01,11.5,2.07,Electrical Instability
2026-08-13 07:51:47.383986,45.21,0.224,102.34,11.47,2.04,Electrical Instability
2026-08-13 07:51:48.383986,53.84,0.26,102.23,11.26,2.03,Electrical Instability
2026-08-13 07:51:49.383986,46.07,0.254,100.31,11.08,2.21,Electrical Instability
2026-08-13 07:51:50.383986,47.27,0.161,100.21,11.71,2.18,Electrical Instability
2026-08-13 07:51:51.383986,43.91,0.135,100.94,11.53,2.22,Electrical Instability
2026-08-13 07:51:52.383986,48.9,0.125,101.52,11.7,2.33,Electrical Instability
2026-08-13 07:51:53.383986,47.36,0.317,101.91,11.6,2.14,Electrical Instability
2026-08-13 07:51:54.383986,45.09,0.156,101.48,11.29,1.86,Electrical Instability
2026-08-13 07:51:55.383986,44.6,0.184,102.03,11.33,2.12,Electrical Instability
2026-08-13 07:51:56.383986,44.69,0.201,102.62,11.37,1.91,Electrical Instability
2026-08-13 07:51:57.383986,44.16,0.229,101.08,11.32,2.04,Electrical Instability
2026-08-13 07:51:58.383986,47.68,0.185,101.11,11.12,2.27,Electrical Instability
2026-08-13 07:51:59.383986,46.23,0.23,100.11,11.76,2.33,Electrical Instability
2026-08-13 07:52:00.383986,42.86,0.16,101.78,11.0,2.12,Electrical Instability
2026-08-13 07:52:01.383986,47.54,0.191,101.84,11.15,1.8,Electrical Instability
2026-08-13 07:52:02.383986,48.65,0.249,103.8,10.77,2.25,Electrical Instability
2026-08-13 07:52:03.383986,42.76,0.288,101.79,11.08,2.26,Electrical Instability
2026-08-13 07:52:04.383986,45.59,0.215,101.51,11.76,2.41,Electrical Instability
2026-08-13 07:52:05.383986,45.51,0.253,101.65,10.96,2.04,Electrical Instability
2026-08-13 07:52:06.383986,51.38,0.218,102.3,11.26,2.06,Electrical Instability
2026-08-13 07:52:07.383986,46.77,0.187,99.81,11.06,2.25,Electrical Instability
2026-08-13 07:52:08.383986,45.96,0.201,101.53,11.39,2.32,Electrical Instability
2026-08-13 07:52:09.383986,44.53,0.229,102.06,11.56,1.93,Electrical Instability
2026-08-13 07:52:10.383986,47.24,0.286,101.2,11.43,2.26,Electrical Instability
2026-08-13 07:52:11.383986,44.68,0.292,101.8,11.44,1.9,Electrical Instability
2026-08-13 07:52:12.383986,48.33,0.225,102.92,11.23,2.0,Electrical Instability
2026-08-13 07:52:13.383986,45.38,0.175,100.18,11.62,2.35,Electrical Instability
2026-08-13 07:52:14.383986,46.36,0.18,99.48,11.47,2.4,Electrical Instability
2026-08-13 07:52:15.383986,45.48,0.194,101.73,11.73,2.18,Electrical Instability
2026-08-13 07:52:16.383986,47.15,0.209,99.87,10.93,2.03,Electrical Instability
2026-08-13 07:52:17.383986,48.79,0.183,100.77,11.16,2.13,Electrical Instability
2026-08-13 07:52:18.383986,50.17,0.192,100.51,11.3,2.42,Electrical Instability
2026-08-13 07:52:19.383986,45.77,0.141,100.8,11.32,2.26,Electrical Instability
2026-08-13 07:52:20.383986,48.79,0.148,100.35,11.21,2.26,Electrical Instability
2026-08-13 07:52:21.383986,44.26,0.17,100.71,11.52,2.24,Electrical Instability
2026-08-13 07:52:22.383986,48.6,0.267,100.99,10.99,1.98,Electrical Instability
2026-08-13 07:52:23.383986,43.12,0.177,100.92,11.48,2.16,Electrical Instability
2026-08-13 07:52:24.383986,45.82,0.194,100.26,11.54,2.04,Electrical Instability
2026-08-13 07:52:25.383986,44.53,0.241,101.87,10.85,2.29,Electrical Instability
2026-08-13 07:52:26.383986,45.33,0.181,101.49,11.42,2.23,Electrical Instability
2026-08-13 07:52:27.383986,46.72,0.179,101.71,11.24,2.43,Electrical Instability
2026-08-13 07:52:28.383986,47.99,0.154,100.82,11.28,2.36,Electrical Instability
2026-08-13 07:52:29.383986,49.65,0.18,100.37,11.0,2.2,Electrical Instability
2026-08-13 07:52:30.383986,51.44,0.227,99.71,11.09,2.07,Electrical Instability
2026-08-13 07:52:31.383986,45.19,0.181,101.67,11.44,2.33,Electrical Instability
2026-08-13 07:52:32.383986,47.89,0.102,100.24,11.22,2.19,Electrical Instability
2026-08-13 07:52:33.383986,48.57,0.202,101.35,11.32,2.13,Electrical Instability
2026-08-13 07:52:34.383986,47.02,0.256,101.22,11.25,2.16,Electrical Instability
2026-08-13 07:52:35.383986,49.45,0.145,103.08,10.96,2.07,Electrical Instability
2026-08-13 07:52:36.383986,48.35,0.252,99.9,10.98,2.21,Electrical Instability
2026-08-13 07:52:37.383986,51.55,0.262,101.05,10.65,2.19,Electrical Instability
2026-08-13 07:52:38.383986,47.59,0.181,100.45,11.29,2.03,Electrical Instability
2026-08-13 07:52:39.383986,50.62,0.276,101.96,11.27,2.08,Electrical Instability
2026-08-13 07:52:40.383986,46.84,0.282,102.17,11.3,2.31,Electrical Instability
2026-08-13 07:52:41.383986,47.98,0.22,102.28,11.38,2.31,Electrical Instability
2026-08-13 07:52:42.383986,47.21,0.187,100.75,11.08,1.94,Electrical Instability
2026-08-13 07:52:43.383986,45.07,0.153,100.79,11.63,2.16,Electrical Instability
2026-08-13 07:52:44.383986,47.38,0.214,102.89,11.1,2.15,Electrical Instability
2026-08-13 07:52:45.383986,46.69,0.257,102.64,11.36,2.37,Electrical Instability
2026-08-13 07:52:46.383986,47.27,0.191,102.48,11.36,2.07,Electrical Instability
2026-08-13 07:52:47.383986,48.91,0.19,100.97,11.46,2.17,Electrical Instability
2026-08-13 07:52:48.383986,47.7,0.233,100.52,11.33,2.39,Electrical Instability
2026-08-13 07:52:49.383986,45.01,0.222,100.47,11.49,2.34,Electrical Instability
2026-08-13 07:52:50.383986,46.22,0.31,102.41,11.4,2.28,Electrical Instability
2026-08-13 07:52:51.383986,48.9,0.15,101.49,11.32,2.13,Electrical Instability
2026-08-13 07:52:52.383986,47.87,0.262,100.88,11.21,2.06,Electrical Instability
2026-08-13 07:52:53.383986,43.37,0.239,101.27,11.23,2.04,Electrical Instability
2026-08-13 07:52:54.383986,46.58,0.255,101.3,11.23,2.22,Electrical Instability
2026-08-13 07:52:55.383986,44.48,0.231,100.04,10.98,2.03,Electrical Instability
2026-08-13 07:52:56.383986,46.61,0.182,101.3,10.99,2.34,Electrical Instability
2026-08-13 07:52:57.383986,48.63,0.191,100.82,11.07,2.15,Electrical Instability
2026-08-13 07:52:58.383986,44.17,0.152,102.16,11.29,2.44,Electrical Instability
2026-08-13 07:52:59.383986,46.38,0.182,100.89,11.13,2.1,Electrical Instability
2026-08-13 07:53:00.383986,47.52,0.201,100.79,11.52,2.48,Electrical Instability
2026-08-13 07:53:01.383986,49.32,0.228,102.06,11.67,2.31,Electrical Instability
2026-08-13 07:53:02.383986,45.82,0.22,101.93,10.96,2.16,Electrical Instability
2026-08-13 07:53:03.383986,49.2,0.109,100.05,11.16,2.25,Electrical Instability
2026-08-13 07:53:04.383986,44.28,0.194,102.45,11.22,2.34,Electrical Instability
2026-08-13 07:53:05.383986,45.82,0.16,102.15,11.29,2.02,Electrical Instability
2026-08-13 07:53:06.383986,45.41,0.278,100.38,11.43,2.13,Electrical Instability
2026-08-13 07:53:07.383986,47.01,0.215,99.2,10.83,2.22,Electrical Instability
2026-08-13 07:53:08.383986,45.57,0.25,99.69,11.33,2.0,Electrical Instability
2026-08-13 07:53:09.383986,46.32,0.147,103.2,10.86,2.19,Electrical Instability
2026-08-13 07:53:10.383986,43.58,0.28,101.7,11.22,2.43,Electrical Instability
2026-08-13 07:53:11.383986,47.33,0.211,101.43,11.33,2.13,Electrical Instability
2026-08-13 07:53:12.383986,46.61,0.241,101.58,11.16,2.0,Electrical Instability
2026-08-13 07:53:13.383986,50.04,0.167,102.29,11.23,2.01,Electrical Instability
2026-08-13 07:53:14.383986,49.55,0.213,102.64,11.13,2.32,Electrical Instability
2026-08-13 07:53:15.383986,43.53,0.175,100.03,11.08,2.28,Electrical Instability
2026-08-13 07:53:16.383986,45.85,0.243,100.44,11.4,2.41,Electrical Instability
2026-08-13 07:53:17.383986,49.09,0.183,99.17,11.32,2.19,Electrical Instability
2026-08-13 07:53:18.383986,45.11,0.172,102.73,10.89,2.28,Electrical Instability
2026-08-13 07:53:19.383986,47.51,0.182,101.94,11.58,2.17,Electrical Instability
2026-08-13 07:53:20.383986,46.59,0.231,102.22,11.14,2.17,Electrical Instability
2026-08-13 07:53:21.383986,42.65,0.161,100.16,11.34,2.18,Electrical Instability
2026-08-13 07:53:22.383986,46.52,0.2,100.43,11.55,2.41,Electrical Instability
2026-08-13 07:53:23.383986,50.33,0.234,101.27,11.57,2.12,Electrical Instability
2026-08-13 07:53:24.383986,45.36,0.17,101.82,10.97,2.2,Electrical Instability
2026-08-13 07:53:25.383986,43.9,0.224,99.78,10.92,2.4,Electrical Instability
2026-08-13 07:53:26.383986,49.47,0.219,101.58,11.02,2.11,Electrical Instability
2026-08-13 07:53:27.383986,46.39,0.124,101.55,11.17,2.08,Electrical Instability
2026-08-13 07:53:28.383986,50.26,0.23,101.99,11.03,2.22,Electrical Instability
2026-08-13 07:53:29.383986,48.38,0.208,102.9,11.1,2.15,Electrical Instability
2026-08-13 07:53:30.383986,48.4,0.137,102.22,10.82,2.32,Electrical Instability
2026-08-13 07:53:31.383986,45.84,0.224,102.21,11.18,2.05,Electrical Instability
2026-08-13 07:53:32.383986,45.35,0.164,99.4,11.43,2.24,Electrical Instability
2026-08-13 07:53:33.383986,44.87,0.273,100.6,11.2,2.11,Electrical Instability
2026-08-13 07:53:34.383986,43.11,0.132,100.85,11.36,2.28,Electrical Instability
2026-08-13 07:53:35.383986,47.44,0.099,102.57,11.19,2.21,Electrical Instability
2026-08-13 07:53:36.383986,49.42,0.262,102.45,11.07,2.08,Electrical Instability
2026-08-13 07:53:37.383986,49.14,0.132,103.25,11.14,2.07,Electrical Instability
2026-08-13 07:53:38.383986,44.71,0.136,101.44,11.13,2.05,Electrical Instability
2026-08-13 07:53:39.383986,46.46,0.132,101.89,11.12,2.18,Electrical Instability
2026-08-13 07:53:40.383986,44.6,0.185,100.89,11.21,2.26,Electrical Instability
2026-08-13 07:53:41.383986,48.77,0.176,99.44,11.37,2.1,Electrical Instability
2026-08-13 07:53:42.383986,44.98,0.198,101.6,10.99,2.16,Electrical Instability
2026-08-13 07:53:43.383986,46.41,0.271,101.3,10.88,2.1,Electrical Instability
2026-08-13 07:53:44.383986,46.7,0.212,101.78,11.15,2.11,Electrical Instability
2026-08-13 07:53:45.383986,46.36,0.237,100.15,11.0,2.33,Electrical Instability
2026-08-13 07:53:46.383986,48.96,0.19,100.89,10.79,2.32,Electrical Instability
2026-08-13 07:53:47.383986,49.85,0.328,101.69,11.1,2.11,Electrical Instability
2026-08-13 07:53:48.383986,43.46,0.209,103.65,11.43,2.41,Electrical Instability
2026-08-13 07:53:49.383986,47.72,0.218,98.88,11.3,2.16,Electrical Instability
2026-08-13 07:53:50.383986,45.83,0.184,100.94,10.93,2.25,Electrical Instability
2026-08-13 07:53:51.383986,46.12,0.205,99.81,11.05,2.08,Electrical Instability
2026-08-13 07:53:52.383986,45.96,0.207,99.7,10.9,2.33,Electrical Instability
2026-08-13 07:53:53.383986,44.42,0.289,102.5,10.98,2.13,Electrical Instability
2026-08-13 07:53:54.383986,47.65,0.128,99.3,10.99,2.23,Electrical Instability
2026-08-13 07:53:55.383986,47.44,0.169,102.57,10.72,2.08,Electrical Instability
2026-08-13 07:53:56.383986,48.23,0.142,100.1,11.13,2.09,Electrical Instability
2026-08-13 07:53:57.383986,47.0,0.165,100.44,10.57,2.27,Electrical Instability
2026-08-13 07:53:58.383986,44.78,0.192,100.79,11.04,2.23,Electrical Instability
2026-08-13 07:53:59.383986,47.66,0.164,102.54,10.63,2.22,Electrical Instability
2026-08-13 07:54:00.383986,48.95,0.224,100.33,10.89,2.1,Electrical Instability
2026-08-13 07:54:01.383986,48.48,0.163,101.56,11.15,2.61,Electrical Instability
2026-08-13 07:54:02.383986,47.92,0.159,99.84,11.02,2.24,Electrical Instability
2026-08-13 07:54:03.383986,42.87,0.164,101.6,10.95,2.4,Electrical Instability
2026-08-13 07:54:04.383986,44.18,0.234,102.21,11.32,2.03,Electrical Instability
2026-08-13 07:54:05.383986,47.93,0.167,99.89,10.97,2.13,Electrical Instability
2026-08-13 07:54:06.383986,49.15,0.226,100.15,10.89,2.2,Electrical Instability
2026-08-13 07:54:07.383986,47.17,0.25,101.99,11.09,2.22,Electrical Instability
2026-08-13 07:54:08.383986,43.77,0.265,100.85,11.46,2.29,Electrical Instability
2026-08-13 07:54:09.383986,51.38,0.23,99.87,10.92,2.24,Electrical Instability
2026-08-13 07:54:10.383986,45.58,0.181,99.93,11.07,2.3,Electrical Instability
2026-08-13 07:54:11.383986,45.33,0.297,101.36,10.86,2.02,Electrical Instability
2026-08-13 07:54:12.383986,47.46,0.187,102.08,11.03,2.09,Electrical Instability
2026-08-13 07:54:13.383986,50.69,0.222,101.05,11.1,2.34,Electrical Instability
2026-08-13 07:54:14.383986,44.49,0.208,100.85,11.19,2.16,Electrical Instability
2026-08-13 07:54:15.383986,46.15,0.283,102.53,10.23,2.44,Electrical Instability
2026-08-13 07:54:16.383986,47.21,0.165,100.29,10.82,2.17,Electrical Instability
2026-08-13 07:54:17.383986,45.11,0.132,100.26,11.13,2.28,Electrical Instability
2026-08-13 07:54:18.383986,48.48,0.197,99.99,11.18,2.12,Electrical Instability
2026-08-13 07:54:19.383986,48.67,0.142,100.61,10.96,2.38,Electrical Instability
2026-08-13 07:54:20.383986,47.73,0.201,103.19,10.59,2.12,Electrical Instability
2026-08-13 07:54:21.383986,45.22,0.111,100.58,11.22,2.19,Electrical Instability
2026-08-13 07:54:22.383986,46.72,0.114,100.5,10.93,2.37,Electrical Instability
2026-08-13 07:54:23.383986,44.05,0.177,102.39,10.93,1.96,Electrical Instability
2026-08-13 07:54:24.383986,49.96,0.237,102.17,10.6,2.51,Electrical Instability
2026-08-13 07:54:25.383986,45.86,0.175,100.6,11.27,2.25,Electrical Instability
2026-08-13 07:54:26.383986,48.37,0.204,101.2,10.8,2.55,Electrical Instability
2026-08-13 07:54:27.383986,44.49,0.221,101.68,11.32,2.49,Electrical Instability
2026-08-13 07:54:28.383986,47.15,0.227,103.06,11.02,2.12,Electrical Instability
2026-08-13 07:54:29.383986,46.66,0.135,101.67,11.3,2.27,Electrical Instability
2026-08-13 07:54:30.383986,44.19,0.251,99.52,10.64,2.26,Electrical Instability
2026-08-13 07:54:31.383986,47.94,0.221,101.23,11.47,2.3,Electrical Instability
2026-08-13 07:54:32.383986,49.51,0.239,100.01,10.98,2.61,Electrical Instability
2026-08-13 07:54:33.383986,46.44,0.166,101.47,10.9,2.17,Electrical Instability
2026-08-13 07:54:34.383986,46.48,0.272,101.16,10.69,2.06,Electrical Instability
2026-08-13 07:54:35.383986,51.87,0.189,101.73,10.83,2.34,Electrical Instability
2026-08-13 07:54:36.383986,50.38,0.167,101.76,10.66,2.6,Electrical Instability
2026-08-13 07:54:37.383986,48.0,0.179,101.0,10.89,2.22,Electrical Instability
2026-08-13 07:54:38.383986,42.58,0.195,101.16,11.13,2.22,Electrical Instability
2026-08-13 07:54:39.383986,45.93,0.2,99.69,11.05,2.02,Electrical Instability
2026-08-13 07:54:40.383986,49.72,0.234,100.37,11.17,2.31,Electrical Instability
2026-08-13 07:54:41.383986,45.47,0.099,101.62,10.81,2.46,Electrical Instability
2026-08-13 07:54:42.383986,47.52,0.165,103.1,11.15,1.75,Electrical Instability
2026-08-13 07:54:43.383986,46.52,0.131,100.5,10.97,2.35,Electrical Instability
2026-08-13 07:54:44.383986,48.02,0.254,101.94,11.14,2.33,Electrical Instability
2026-08-13 07:54:45.383986,50.08,0.184,101.01,10.52,2.46,Electrical Instability
2026-08-13 07:54:46.383986,47.36,0.347,100.89,11.02,2.38,Electrical Instability
2026-08-13 07:54:47.383986,45.31,0.218,101.33,10.92,2.48,Electrical Instability
2026-08-13 07:54:48.383986,45.71,0.214,102.75,10.82,2.26,Electrical Instability
2026-08-13 07:54:49.383986,52.22,0.224,100.79,11.19,2.22,Electrical Instability
2026-08-13 07:54:50.383986,44.4,0.269,100.2,11.6,2.23,Electrical Instability
2026-08-13 07:54:51.383986,51.8,0.132,102.33,11.11,2.43,Electrical Instability
2026-08-13 07:54:52.383986,49.48,0.175,99.99,10.97,2.34,Electrical Instability
2026-08-13 07:54:53.383986,46.6,0.214,101.63,10.75,2.37,Electrical Instability
2026-08-13 07:54:54.383986,47.02,0.165,102.09,10.79,2.24,Electrical Instability
2026-08-13 07:54:55.383986,47.7,0.269,101.49,11.11,2.27,Electrical Instability
2026-08-13 07:54:56.383986,47.4,0.198,101.59,10.9,2.51,Electrical Instability
2026-08-13 07:54:57.383986,46.82,0.115,104.04,10.89,2.51,Electrical Instability
2026-08-13 07:54:58.383986,50.38,0.247,101.1,11.04,2.12,Electrical Instability
2026-08-13 07:54:59.383986,51.56,0.157,101.05,10.99,2.3,Electrical Instability
2026-08-13 07:55:00.383986,46.27,0.27,102.25,11.05,2.26,Electrical Instability
2026-08-13 07:55:01.383986,49.71,0.177,102.87,10.99,2.5,Electrical Instability
2026-08-13 07:55:02.383986,47.36,0.204,102.53,11.51,2.55,Electrical Instability
2026-08-13 07:55:03.383986,49.35,0.229,100.79,11.04,2.18,Electrical Instability
2026-08-13 07:55:04.383986,48.35,0.222,99.34,10.97,2.38,Electrical Instability
2026-08-13 07:55:05.383986,47.44,0.218,99.96,10.76,2.48,Electrical Instability
2026-08-13 07:55:06.383986,47.61,0.217,100.75,10.96,1.98,Electrical Instability
2026-08-13 07:55:07.383986,49.31,0.29,100.23,10.72,2.39,Electrical Instability
2026-08-13 07:55:08.383986,50.57,0.2,100.07,10.9,2.17,Electrical Instability
2026-08-13 07:55:09.383986,46.29,0.185,100.37,10.76,2.34,Electrical Instability
2026-08-13 07:55:10.383986,48.06,0.129,101.7,10.85,2.43,Electrical Instability
2026-08-13 07:55:11.383986,49.2,0.173,101.91,10.74,2.53,Electrical Instability
2026-08-13 07:55:12.383986,46.04,0.218,101.11,10.69,2.46,Electrical Instability
2026-08-13 07:55:13.383986,46.42,0.115,98.42,10.72,2.54,Electrical Instability
2026-08-13 07:55:14.383986,50.17,0.164,100.93,10.82,2.13,Electrical Instability
2026-08-13 07:55:15.383986,45.76,0.249,101.8,11.01,2.13,Electrical Instability
2026-08-13 07:55:16.383986,47.86,0.085,102.14,11.0,2.13,Electrical Instability
2026-08-13 07:55:17.383986,50.9,0.11,101.83,11.07,2.15,Electrical Instability
2026-08-13 07:55:18.383986,47.59,0.118,98.45,10.67,2.24,Electrical Instability
2026-08-13 07:55:19.383986,48.96,0.203,101.39,10.68,2.26,Electrical Instability
2026-08-13 07:55:20.383986,45.82,0.139,100.71,10.95,2.25,Electrical Instability
2026-08-13 07:55:21.383986,47.04,0.235,100.8,10.59,2.42,Electrical Instability
2026-08-13 07:55:22.383986,48.22,0.216,101.93,11.04,2.34,Electrical Instability
2026-08-13 07:55:23.383986,52.48,0.136,100.71,11.16,2.36,Electrical Instability
2026-08-13 07:55:24.383986,49.22,0.208,102.67,10.67,2.54,Electrical Instability
2026-08-13 07:55:25.383986,50.05,0.139,101.93,10.91,2.25,Electrical Instability
2026-08-13 07:55:26.383986,43.93,0.149,102.01,11.12,2.31,Electrical Instability
2026-08-13 07:55:27.383986,49.35,0.247,101.45,10.73,2.41,Electrical Instability
2026-08-13 07:55:28.383986,48.69,0.234,102.17,10.57,2.27,Electrical Instability
2026-08-13 07:55:29.383986,43.93,0.237,101.09,11.02,2.12,Electrical Instability
2026-08-13 07:55:30.383986,50.53,0.14,102.07,10.94,2.32,Electrical Instability
2026-08-13 07:55:31.383986,47.19,0.168,102.6,10.91,2.16,Electrical Instability
2026-08-13 07:55:32.383986,46.97,0.206,102.2,10.75,2.27,Electrical Instability
2026-08-13 07:55:33.383986,47.79,0.244,99.93,11.03,2.28,Electrical Instability
2026-08-13 07:55:34.383986,47.1,0.3,101.1,11.09,2.46,Electrical Instability
2026-08-13 07:55:35.383986,45.39,0.108,102.12,10.63,2.1,Electrical Instability
2026-08-13 07:55:36.383986,49.81,0.149,100.53,11.39,2.1,Electrical Instability
2026-08-13 07:55:37.383986,45.25,0.177,101.06,10.67,2.18,Electrical Instability
2026-08-13 07:55:38.383986,50.79,0.213,101.89,10.86,2.4,Electrical Instability
2026-08-13 07:55:39.383986,49.64,0.15,101.56,11.06,2.59,Electrical Instability
2026-08-13 07:55:40.383986,51.68,0.203,102.44,10.22,2.59,Electrical Instability
2026-08-13 07:55:41.383986,46.33,0.188,101.74,10.85,2.39,Electrical Instability
2026-08-13 07:55:42.383986,50.97,0.181,100.21,11.34,2.44,Electrical Instability
2026-08-13 07:55:43.383986,51.64,0.243,99.98,11.04,2.21,Electrical Instability
2026-08-13 07:55:44.383986,47.81,0.196,99.68,10.68,2.69,Electrical Instability
2026-08-13 07:55:45.383986,48.28,0.191,103.11,10.78,2.35,Electrical Instability
2026-08-13 07:55:46.383986,49.79,0.18,100.55,10.31,2.22,Electrical Instability
2026-08-13 07:55:47.383986,45.92,0.208,100.69,11.41,2.2,Electrical Instability
2026-08-13 07:55:48.383986,50.62,0.211,102.11,11.06,2.03,Electrical Instability
2026-08-13 07:55:49.383986,47.8,0.187,100.17,10.98,2.62,Electrical Instability
2026-08-13 07:55:50.383986,42.48,0.173,100.05,10.89,2.32,Electrical Instability
2026-08-13 07:55:51.383986,46.62,0.234,102.94,11.53,2.26,Electrical Instability
2026-08-13 07:55:52.383986,44.2,0.228,102.91,11.07,2.61,Electrical Instability
2026-08-13 07:55:53.383986,47.39,0.17,101.42,10.78,2.47,Electrical Instability
2026-08-13 07:55:54.383986,49.79,0.252,101.81,10.92,2.49,Electrical Instability
2026-08-13 07:55:55.383986,43.93,0.211,101.35,10.91,2.36,Electrical Instability
2026-08-13 07:55:56.383986,48.72,0.171,102.43,10.97,2.39,Electrical Instability
2026-08-13 07:55:57.383986,46.47,0.241,101.51,10.67,2.36,Electrical Instability
2026-08-13 07:55:58.383986,49.13,0.228,101.79,10.88,2.53,Electrical Instability
2026-08-13 07:55:59.383986,50.35,0.237,100.71,10.59,2.29,Electrical Instability
2026-08-13 07:56:00.383986,51.79,0.214,103.43,10.82,2.34,Electrical Instability
2026-08-13 07:56:01.383986,47.74,0.195,100.53,10.56,2.45,Electrical Instability
2026-08-13 07:56:02.383986,50.0,0.322,100.87,10.76,2.26,Electrical Instability
2026-08-13 07:56:03.383986,50.15,0.241,100.42,10.62,2.52,Electrical Instability
2026-08-13 07:56:04.383986,48.67,0.238,100.42,10.37,2.25,Electrical Instability
2026-08-13 07:56:05.383986,49.28,0.306,100.87,11.41,2.51,Electrical Instability
2026-08-13 07:56:06.383986,45.12,0.211,102.16,10.23,2.48,Electrical Instability
2026-08-13 07:56:07.383986,50.26,0.22,101.24,10.79,2.35,Electrical Instability
2026-08-13 07:56:08.383986,45.57,0.166,100.88,10.86,2.3,Electrical Instability
2026-08-13 07:56:09.383986,46.19,0.238,101.67,10.7,2.46,Electrical Instability
2026-08-13 07:56:10.383986,47.02,0.203,102.28,10.68,2.21,Electrical Instability
2026-08-13 07:56:11.383986,47.64,0.132,101.02,10.76,2.02,Electrical Instability
2026-08-13 07:56:12.383986,49.0,0.191,102.48,10.88,2.5,Electrical Instability
2026-08-13 07:56:13.383986,50.33,0.193,101.3,10.43,2.57,Electrical Instability
2026-08-13 07:56:14.383986,47.66,0.15,102.04,10.28,2.33,Electrical Instability
2026-08-13 07:56:15.383986,49.77,0.178,100.58,10.71,2.09,Electrical Instability
2026-08-13 07:56:16.383986,49.39,0.194,101.03,10.75,2.39,Electrical Instability
2026-08-13 07:56:17.383986,49.27,0.197,99.94,10.96,2.47,Electrical Instability
2026-08-13 07:56:18.383986,48.38,0.254,101.33,11.09,2.61,Electrical Instability
2026-08-13 07:56:19.383986,49.14,0.163,101.17,11.12,2.17,Electrical Instability
2026-08-13 07:56:20.383986,47.2,0.183,100.43,11.03,2.45,Electrical Instability
2026-08-13 07:56:21.383986,46.56,0.23,101.14,10.58,2.29,Electrical Instability
2026-08-13 07:56:22.383986,48.86,0.247,100.81,10.94,2.64,Electrical Instability
2026-08-13 07:56:23.383986,45.48,0.218,102.13,10.78,2.58,Electrical Instability
2026-08-13 07:56:24.383986,52.4,0.217,101.07,11.04,2.53,Electrical Instability
2026-08-13 07:56:25.383986,42.97,0.2,100.91,10.9,2.37,Electrical Instability
2026-08-13 07:56:26.383986,47.84,0.157,102.03,11.21,2.27,Electrical Instability
2026-08-13 07:56:27.383986,45.22,0.201,101.27,11.09,2.22,Electrical Instability
2026-08-13 07:56:28.383986,46.94,0.093,102.67,10.85,2.33,Electrical Instability
2026-08-13 07:56:29.383986,45.38,0.138,101.71,10.51,2.42,Electrical Instability
2026-08-13 07:56:30.383986,52.12,0.183,100.34,10.88,2.22,Electrical Instability
2026-08-13 07:56:31.383986,51.47,0.27,101.14,10.56,2.34,Electrical Instability
2026-08-13 07:56:32.383986,47.45,0.219,102.34,10.52,2.56,Electrical Instability
2026-08-13 07:56:33.383986,49.28,0.175,100.21,10.81,2.25,Electrical Instability
2026-08-13 07:56:34.383986,50.1,0.144,101.85,10.76,2.33,Electrical Instability
2026-08-13 07:56:35.383986,47.85,0.254,100.11,10.67,2.3,Electrical Instability
2026-08-13 07:56:36.383986,47.98,0.166,99.53,10.51,2.66,Electrical Instability
2026-08-13 07:56:37.383986,48.56,0.211,101.02,10.76,2.35,Electrical Instability
2026-08-13 07:56:38.383986,49.12,0.205,100.13,10.84,2.05,Electrical Instability
2026-08-13 07:56:39.383986,48.9,0.13,101.2,10.47,2.42,Electrical Instability
2026-08-13 07:56:40.383986,49.24,0.275,99.76,11.01,2.44,Electrical Instability
2026-08-13 07:56:41.383986,47.18,0.238,101.06,10.95,2.27,Electrical Instability
2026-08-13 07:56:42.383986,46.82,0.247,102.79,10.76,2.0,Electrical Instability
2026-08-13 07:56:43.383986,47.7,0.202,101.07,10.85,2.35,Electrical Instability
2026-08-13 07:56:44.383986,49.78,0.142,102.54,11.15,2.28,Electrical Instability
2026-08-13 07:56:45.383986,46.28,0.221,100.11,10.63,2.59,Electrical Instability
2026-08-13 07:56:46.383986,49.59,0.299,101.47,10.6,2.43,Electrical Instability
2026-08-13 07:56:47.383986,47.81,0.193,101.28,10.52,2.47,Electrical Instability
2026-08-13 07:56:48.383986,45.3,0.164,101.18,10.19,2.54,Electrical Instability
2026-08-13 07:56:49.383986,44.02,0.233,100.01,10.65,2.5,Electrical Instability
2026-08-13 07:56:50.383986,52.53,0.206,99.32,10.99,2.39,Electrical Instability
2026-08-13 07:56:51.383986,48.27,0.228,99.07,10.75,2.37,Electrical Instability
2026-08-13 07:56:52.383986,50.58,0.236,99.67,11.06,2.5,Electrical Instability
2026-08-13 07:56:53.383986,45.05,0.203,102.33,10.44,2.64,Electrical Instability
2026-08-13 07:56:54.383986,45.12,0.16,100.36,11.08,2.36,Electrical Instability
2026-08-13 07:56:55.383986,45.83,0.222,101.96,10.9,2.39,Electrical Instability
2026-08-13 07:56:56.383986,48.67,0.167,102.97,11.02,2.59,Electrical Instability
2026-08-13 07:56:57.383986,49.75,0.226,100.06,10.89,2.45,Electrical Instability
2026-08-13 07:56:58.383986,50.7,0.24,101.85,10.31,2.42,Electrical Instability
2026-08-13 07:56:59.383986,47.06,0.213,100.88,10.66,2.5,Electrical Instability
2026-08-13 07:57:00.383986,47.32,0.206,99.78,10.52,2.53,Electrical Instability
2026-08-13 07:57:01.383986,45.72,0.262,102.27,10.66,2.89,Electrical Instability
2026-08-13 07:57:02.383986,50.68,0.153,102.05,10.74,2.32,Electrical Instability
2026-08-13 07:57:03.383986,46.06,0.25,100.7,10.7,2.3,Electrical Instability
2026-08-13 07:57:04.383986,46.7,0.194,101.69,10.07,2.44,Electrical Instability
2026-08-13 07:57:05.383986,46.71,0.27,104.24,10.63,2.18,Electrical Instability
2026-08-13 07:57:06.383986,48.44,0.19,103.27,11.13,2.57,Electrical Instability
2026-08-13 07:57:07.383986,47.04,0.234,101.57,10.77,2.21,Electrical Instability
2026-08-13 07:57:08.383986,50.34,0.205,101.2,10.56,2.32,Electrical Instability
2026-08-13 07:57:09.383986,48.86,0.113,102.09,10.45,2.14,Electrical Instability
2026-08-13 07:57:10.383986,51.87,0.157,100.58,10.99,2.72,Electrical Instability
2026-08-13 07:57:11.383986,45.17,0.152,100.42,10.94,2.69,Electrical Instability
2026-08-13 07:57:12.383986,46.08,0.271,100.59,10.79,2.26,Electrical Instability
2026-08-13 07:57:13.383986,48.0,0.194,100.98,10.8,2.3,Electrical Instability
2026-08-13 07:57:14.383986,46.48,0.222,102.64,10.69,2.53,Electrical Instability
2026-08-13 07:57:15.383986,49.77,0.242,100.35,10.5,2.35,Electrical Instability
2026-08-13 07:57:16.383986,52.12,0.225,101.76,10.79,2.25,Electrical Instability
2026-08-13 07:57:17.383986,52.14,0.224,102.02,10.25,2.57,Electrical Instability
2026-08-13 07:57:18.383986,47.56,0.134,100.35,10.38,2.26,Electrical Instability
2026-08-13 07:57:19.383986,48.4,0.181,101.63,11.11,2.44,Electrical Instability
2026-08-13 07:57:20.383986,43.79,0.188,102.49,10.67,2.69,Electrical Instability
2026-08-13 07:57:21.383986,49.19,0.108,101.41,10.76,2.62,Electrical Instability
2026-08-13 07:57:22.383986,51.93,0.245,101.74,10.85,2.43,Electrical Instability
2026-08-13 07:57:23.383986,45.37,0.202,101.67,10.38,2.66,Electrical Instability
2026-08-13 07:57:24.383986,50.31,0.131,102.67,10.6,2.34,Electrical Instability
2026-08-13 07:57:25.383986,50.46,0.197,103.2,10.46,2.2,Electrical Instability
2026-08-13 07:57:26.383986,47.75,0.239,100.37,10.34,2.5,Electrical Instability
2026-08-13 07:57:27.383986,45.39,0.215,100.96,10.8,2.26,Electrical Instability
2026-08-13 07:57:28.383986,50.92,0.191,102.06,10.91,2.29,Electrical Instability
2026-08-13 07:57:29.383986,50.09,0.129,99.93,11.16,2.63,Electrical Instability
2026-08-13 07:57:30.383986,52.48,0.181,101.4,10.8,2.46,Electrical Instability
2026-08-13 07:57:31.383986,46.84,0.155,101.51,10.4,2.3,Electrical Instability
2026-08-13 07:57:32.383986,49.13,0.195,102.24,10.56,2.38,Electrical Instability
2026-08-13 07:57:33.383986,49.19,0.159,100.64,10.51,2.44,Electrical Instability
2026-08-13 07:57:34.383986,51.89,0.131,102.6,10.84,2.71,Electrical Instability
2026-08-13 07:57:35.383986,54.63,0.272,102.23,10.33,2.29,Electrical Instability
2026-08-13 07:57:36.383986,49.08,0.115,101.92,10.12,2.64,Electrical Instability
2026-08-13 07:57:37.383986,47.72,0.206,100.55,10.18,2.66,Electrical Instability
2026-08-13 07:57:38.383986,51.04,0.182,101.96,10.55,2.52,Electrical Instability
2026-08-13 07:57:39.383986,49.89,0.228,102.64,10.78,2.48,Electrical Instability
2026-08-13 07:57:40.383986,46.86,0.176,102.11,10.27,2.64,Electrical Instability
2026-08-13 07:57:41.383986,47.82,0.159,100.2,10.81,2.47,Electrical Instability
2026-08-13 07:57:42.383986,51.57,0.137,100.72,10.62,2.37,Electrical Instability
2026-08-13 07:57:43.383986,48.41,0.216,101.78,11.02,2.28,Electrical Instability
2026-08-13 07:57:44.383986,49.08,0.168,101.73,10.75,2.33,Electrical Instability
2026-08-13 07:57:45.383986,46.6,0.226,101.32,10.58,2.58,Electrical Instability
2026-08-13 07:57:46.383986,49.87,0.174,100.45,10.32,2.49,Electrical Instability
2026-08-13 07:57:47.383986,45.57,0.205,102.52,10.55,2.4,Electrical Instability
2026-08-13 07:57:48.383986,52.42,0.275,100.54,10.67,2.53,Electrical Instability
2026-08-13 07:57:49.383986,48.83,0.291,101.39,10.69,2.59,Electrical Instability
2026-08-13 07:57:50.383986,50.81,0.247,101.84,10.24,2.41,Electrical Instability
2026-08-13 07:57:51.383986,50.07,0.213,102.13,11.1,2.31,Electrical Instability
2026-08-13 07:57:52.383986,50.72,0.183,102.24,10.61,2.81,Electrical Instability
2026-08-13 07:57:53.383986,48.71,0.168,101.72,10.7,2.66,Electrical Instability
2026-08-13 07:57:54.383986,49.35,0.324,101.19,10.6,2.4,Electrical Instability
2026-08-13 07:57:55.383986,48.63,0.212,101.58,10.63,2.4,Electrical Instability
2026-08-13 07:57:56.383986,46.7,0.181,102.44,10.96,2.48,Electrical Instability
2026-08-13 07:57:57.383986,46.58,0.196,103.39,10.86,2.58,Electrical Instability
2026-08-13 07:57:58.383986,50.4,0.277,100.15,10.51,2.41,Electrical Instability
2026-08-13 07:57:59.383986,49.65,0.208,102.06,10.48,2.7,Electrical Instability
2026-08-13 07:58:00.383986,48.34,0.235,102.5,10.89,2.55,Electrical Instability
2026-08-13 07:58:01.383986,50.12,0.287,101.81,10.42,2.58,Electrical Instability
2026-08-13 07:58:02.383986,48.42,0.083,101.76,10.63,2.67,Electrical Instability
2026-08-13 07:58:03.383986,46.99,0.125,101.47,10.7,2.51,Electrical Instability
2026-08-13 07:58:04.383986,48.54,0.147,101.16,10.51,2.66,Electrical Instability
2026-08-13 07:58:05.383986,49.26,0.186,103.02,10.53,2.58,Electrical Instability
2026-08-13 07:58:06.383986,48.18,0.282,101.39,10.63,2.48,Electrical Instability
2026-08-13 07:58:07.383986,48.91,0.26,102.15,10.6,2.76,Electrical Instability
2026-08-13 07:58:08.383986,50.27,0.178,99.92,10.49,2.57,Electrical Instability
2026-08-13 07:58:09.383986,49.72,0.268,100.21,10.48,2.33,Electrical Instability
2026-08-13 07:58:10.383986,45.85,0.169,101.67,10.78,2.36,Electrical Instability
2026-08-13 07:58:11.383986,46.92,0.111,101.51,10.4,2.76,Electrical Instability
2026-08-13 07:58:12.383986,49.36,0.191,100.66,10.21,2.3,Electrical Instability
2026-08-13 07:58:13.383986,47.3,0.165,100.3,10.68,2.59,Electrical Instability
2026-08-13 07:58:14.383986,47.63,0.297,99.55,10.59,2.48,Electrical Instability
2026-08-13 07:58:15.383986,47.45,0.165,101.29,10.52,2.45,Electrical Instability
2026-08-13 07:58:16.383986,45.96,0.119,101.01,10.48,2.48,Electrical Instability
2026-08-13 07:58:17.383986,48.35,0.174,101.09,10.36,2.74,Electrical Instability
2026-08-13 07:58:18.383986,46.97,0.181,100.58,10.39,2.52,Electrical Instability
2026-08-13 07:58:19.383986,48.37,0.177,101.02,10.39,2.58,Electrical Instability
2026-08-13 07:58:20.383986,52.69,0.156,101.69,10.58,2.62,Electrical Instability
2026-08-13 07:58:21.383986,49.98,0.21,101.26,10.46,2.4,Electrical Instability
2026-08-13 07:58:22.383986,48.4,0.136,100.71,10.84,2.53,Electrical Instability
2026-08-13 07:58:23.383986,50.38,0.273,101.12,10.61,2.47,Electrical Instability
2026-08-13 07:58:24.383986,46.97,0.152,102.14,10.61,2.8,Electrical Instability
2026-08-13 07:58:25.383986,50.55,0.163,102.14,10.48,2.7,Electrical Instability
2026-08-13 07:58:26.383986,47.64,0.147,100.5,10.37,2.4,Electrical Instability
2026-08-13 07:58:27.383986,47.47,0.243,103.1,10.22,2.71,Electrical Instability
2026-08-13 07:58:28.383986,47.66,0.217,99.65,10.68,2.22,Electrical Instability
2026-08-13 07:58:29.383986,49.25,0.213,101.49,10.37,2.61,Electrical Instability
2026-08-13 07:58:30.383986,49.41,0.19,101.97,10.52,2.61,Electrical Instability
2026-08-13 07:58:31.383986,48.38,0.211,101.87,10.45,2.34,Electrical Instability
2026-08-13 07:58:32.383986,49.19,0.259,101.6,10.62,2.52,Electrical Instability
2026-08-13 07:58:33.383986,50.12,0.191,100.85,10.82,2.45,Electrical Instability
2026-08-13 07:58:34.383986,50.43,0.255,101.87,10.23,2.53,Electrical Instability
2026-08-13 07:58:35.383986,48.25,0.175,101.44,10.73,2.46,Electrical Instability
2026-08-13 07:58:36.383986,48.32,0.188,102.46,10.47,2.35,Electrical Instability
2026-08-13 07:58:37.383986,45.52,0.218,100.54,10.7,2.33,Electrical Instability
2026-08-13 07:58:38.383986,47.59,0.133,101.73,10.69,2.58,Electrical Instability
2026-08-13 07:58:39.383986,46.5,0.163,101.53,10.11,2.5,Electrical Instability
2026-08-13 07:58:40.383986,51.71,0.191,99.81,10.38,2.44,Electrical Instability
2026-08-13 07:58:41.383986,52.97,0.283,102.03,10.44,2.72,Electrical Instability
2026-08-13 07:58:42.383986,46.42,0.254,102.23,10.49,2.71,Electrical Instability
2026-08-13 07:58:43.383986,47.8,0.137,102.28,10.5,2.63,Electrical Instability
2026-08-13 07:58:44.383986,52.34,0.164,101.16,10.91,2.64,Electrical Instability
2026-08-13 07:58:45.383986,47.31,0.152,100.77,10.33,2.58,Electrical Instability
2026-08-13 07:58:46.383986,48.87,0.214,100.46,10.5,2.23,Electrical Instability
2026-08-13 07:58:47.383986,49.01,0.259,99.88,10.63,2.45,Electrical Instability
2026-08-13 07:58:48.383986,50.33,0.208,101.7,10.53,2.74,Electrical Instability
2026-08-13 07:58:49.383986,49.42,0.165,101.4,10.42,2.57,Electrical Instability
2026-08-13 07:58:50.383986,47.89,0.166,101.5,10.52,2.71,Electrical Instability
2026-08-13 07:58:51.383986,47.91,0.101,100.94,10.1,2.61,Electrical Instability
2026-08-13 07:58:52.383986,45.39,0.151,100.94,10.89,2.39,Electrical Instability
2026-08-13 07:58:53.383986,48.77,0.229,102.78,10.7,2.71,Electrical Instability
2026-08-13 07:58:54.383986,50.48,0.14,101.66,10.71,2.41,Electrical Instability
2026-08-13 07:58:55.383986,47.6,0.16,102.07,10.48,2.5,Electrical Instability
2026-08-13 07:58:56.383986,46.2,0.197,100.73,10.56,2.38,Electrical Instability
2026-08-13 07:58:57.383986,49.12,0.178,100.05,10.16,2.38,Electrical Instability
2026-08-13 07:58:58.383986,48.36,0.206,101.57,10.57,2.44,Electrical Instability
2026-08-13 07:58:59.383986,50.89,0.178,101.75,10.45,2.61,Electrical Instability
2026-08-13 07:59:00.383986,48.35,0.22,101.29,10.69,2.43,Electrical Instability
2026-08-13 07:59:01.383986,45.25,0.151,102.37,10.45,2.57,Electrical Instability
2026-08-13 07:59:02.383986,46.68,0.203,100.28,10.27,2.5,Electrical Instability
2026-08-13 07:59:03.383986,49.69,0.228,101.88,10.08,2.56,Electrical Instability
2026-08-13 07:59:04.383986,48.41,0.123,101.32,10.42,2.64,Electrical Instability
2026-08-13 07:59:05.383986,48.97,0.173,102.23,9.92,2.55,Electrical Instability
2026-08-13 07:59:06.383986,45.28,0.154,101.82,10.16,2.35,Electrical Instability
2026-08-13 07:59:07.383986,53.58,0.132,102.95,10.43,2.48,Electrical Instability
2026-08-13 07:59:08.383986,49.95,0.267,100.15,10.34,2.69,Electrical Instability
2026-08-13 07:59:09.383986,49.4,0.255,101.82,10.92,2.59,Electrical Instability
2026-08-13 07:59:10.383986,49.27,0.216,101.16,10.68,2.6,Electrical Instability
2026-08-13 07:59:11.383986,50.41,0.247,101.73,10.59,2.42,Electrical Instability
2026-08-13 07:59:12.383986,47.74,0.242,102.72,9.98,2.48,Electrical Instability
2026-08-13 07:59:13.383986,48.89,0.156,100.48,10.58,2.81,Electrical Instability
2026-08-13 07:59:14.383986,44.79,0.191,101.76,10.66,2.62,Electrical Instability
2026-08-13 07:59:15.383986,52.38,0.201,102.61,10.3,2.58,Electrical Instability
2026-08-13 07:59:16.383986,46.43,0.245,101.18,10.55,2.52,Electrical Instability
2026-08-13 07:59:17.383986,50.04,0.22,100.31,10.22,2.57,Electrical Instability
2026-08-13 07:59:18.383986,50.19,0.293,101.6,10.7,2.33,Electrical Instability
2026-08-13 07:59:19.383986,52.9,0.23,101.25,10.41,2.41,Electrical Instability
2026-08-13 07:59:20.383986,47.24,0.296,100.31,10.2,2.47,Electrical Instability
2026-08-13 07:59:21.383986,46.49,0.201,102.39,10.29,2.37,Electrical Instability
2026-08-13 07:59:22.383986,49.47,0.197,102.3,10.33,2.54,Electrical Instability
2026-08-13 07:59:23.383986,48.6,0.204,100.91,10.3,2.3,Electrical Instability
2026-08-13 07:59:24.383986,47.77,0.236,102.15,10.32,2.77,Electrical Instability
2026-08-13 07:59:25.383986,48.85,0.133,99.65,10.74,2.53,Electrical Instability
2026-08-13 07:59:26.383986,46.48,0.087,100.9,10.54,2.48,Electrical Instability
2026-08-13 07:59:27.383986,46.81,0.173,102.54,10.09,2.49,Electrical Instability
2026-08-13 07:59:28.383986,51.34,0.225,101.48,10.27,2.59,Electrical Instability
2026-08-13 07:59:29.383986,47.85,0.157,100.22,10.63,2.58,Electrical Instability
2026-08-13 07:59:30.383986,49.56,0.208,101.74,10.36,2.51,Electrical Instability
2026-08-13 07:59:31.383986,47.3,0.129,100.18,10.33,2.35,Electrical Instability
2026-08-13 07:59:32.383986,46.18,0.252,101.52,10.31,2.93,Electrical Instability
2026-08-13 07:59:33.383986,45.65,0.249,101.19,10.62,2.61,Electrical Instability
2026-08-13 07:59:34.383986,45.21,0.205,101.64,9.87,2.88,Electrical Instability
2026-08-13 07:59:35.383986,49.58,0.234,100.13,10.59,2.75,Electrical Instability
2026-08-13 07:59:36.383986,49.47,0.2,100.41,10.36,2.52,Electrical Instability
2026-08-13 07:59:37.383986,50.11,0.158,101.86,10.2,2.55,Electrical Instability
2026-08-13 07:59:38.383986,50.2,0.165,101.95,10.55,2.55,Electrical Instability
2026-08-13 07:59:39.383986,51.3,0.204,102.4,10.86,2.56,Electrical Instability
2026-08-13 07:59:40.383986,50.27,0.168,100.27,10.36,2.39,Electrical Instability
2026-08-13 07:59:41.383986,47.11,0.23,100.79,10.58,2.64,Electrical Instability
2026-08-13 07:59:42.383986,52.69,0.226,102.41,10.5,2.64,Electrical Instability
2026-08-13 07:59:43.383986,51.32,0.233,101.51,10.45,2.68,Electrical Instability
2026-08-13 07:59:44.383986,47.66,0.164,102.73,10.87,2.46,Electrical Instability
2026-08-13 07:59:45.383986,47.67,0.257,101.83,10.57,2.74,Electrical Instability
2026-08-13 07:59:46.383986,48.53,0.216,101.55,10.18,2.65,Electrical Instability
2026-08-13 07:59:47.383986,51.49,0.183,101.45,10.45,2.56,Electrical Instability
2026-08-13 07:59:48.383986,50.37,0.166,102.63,10.55,2.46,Electrical Instability
2026-08-13 07:59:49.383986,52.42,0.208,100.58,10.67,2.68,Electrical Instability
2026-08-13 07:59:50.383986,45.49,0.174,101.58,9.85,2.62,Electrical Instability
2026-08-13 07:59:51.383986,49.35,0.141,101.57,10.39,2.43,Electrical Instability
2026-08-13 07:59:52.383986,50.88,0.242,101.01,10.33,2.72,Electrical Instability
2026-08-13 07:59:53.383986,48.64,0.103,101.79,10.18,2.55,Electrical Instability
2026-08-13 07:59:54.383986,51.97,0.193,101.3,10.51,2.69,Electrical Instability
2026-08-13 07:59:55.383986,47.22,0.197,101.34,10.45,2.65,Electrical Instability
2026-08-13 07:59:56.383986,54.23,0.141,102.28,10.67,2.69,Electrical Instability
2026-08-13 07:59:57.383986,47.76,0.283,99.11,10.2,2.79,Electrical Instability
2026-08-13 07:59:58.383986,48.33,0.28,99.79,10.09,2.53,Electrical Instability
2026-08-13 07:59:59.383986,49.91,0.189,100.81,10.73,2.84,Electrical Instability
2026-08-13 08:00:00.383986,48.25,0.115,99.14,10.43,2.71,Electrical Instability
2026-08-13 08:00:01.383986,49.21,0.196,100.5,10.53,2.87,Electrical Instability
2026-08-13 08:00:02.383986,44.66,0.196,100.33,9.99,2.45,Electrical Instability
2026-08-13 08:00:03.383986,49.85,0.22,102.76,10.36,2.36,Electrical Instability
2026-08-13 08:00:04.383986,48.62,0.131,100.09,10.51,2.65,Electrical Instability
2026-08-13 08:00:05.383986,50.28,0.182,102.09,10.25,2.79,Electrical Instability
2026-08-13 08:00:06.383986,49.8,0.19,101.51,10.35,2.86,Electrical Instability
2026-08-13 08:00:07.383986,49.61,0.2,101.06,10.56,2.73,Electrical Instability
2026-08-13 08:00:08.383986,48.57,0.142,100.4,10.31,2.83,Electrical Instability
2026-08-13 08:00:09.383986,48.62,0.17,99.54,10.73,2.71,Electrical Instability
2026-08-13 08:00:10.383986,50.72,0.248,101.14,10.37,2.85,Electrical Instability
2026-08-13 08:00:11.383986,49.49,0.229,102.17,10.51,2.61,Electrical Instability
2026-08-13 08:00:12.383986,49.07,0.239,102.08,10.64,2.71,Electrical Instability
2026-08-13 08:00:13.383986,50.34,0.178,100.72,10.54,2.54,Electrical Instability
2026-08-13 08:00:14.383986,49.11,0.269,102.52,10.42,2.59,Electrical Instability
2026-08-13 08:00:15.383986,48.91,0.243,101.26,10.2,2.81,Electrical Instability
2026-08-13 08:00:16.383986,49.52,0.171,101.78,10.58,2.48,Electrical Instability
2026-08-13 08:00:17.383986,48.76,0.188,101.75,10.49,2.55,Electrical Instability
2026-08-13 08:00:18.383986,46.18,0.252,100.18,10.4,2.61,Electrical Instability
2026-08-13 08:00:19.383986,49.5,0.283,104.34,9.92,2.78,Electrical Instability
2026-08-13 08:00:20.383986,48.87,0.252,102.26,10.68,2.68,Electrical Instability
2026-08-13 08:00:21.383986,47.41,0.246,101.42,10.27,2.57,Electrical Instability
2026-08-13 08:00:22.383986,51.2,0.28,100.1,10.48,2.58,Electrical Instability
2026-08-13 08:00:23.383986,46.26,0.207,100.47,9.93,2.52,Electrical Instability
2026-08-13 08:00:24.383986,47.14,0.168,99.97,10.22,2.53,Electrical Instability
2026-08-13 08:00:25.383986,49.96,0.23,101.56,10.26,2.6,Electrical Instability
2026-08-13 08:00:26.383986,47.54,0.159,102.0,9.88,2.63,Electrical Instability
2026-08-13 08:00:27.383986,48.57,0.23,99.87,10.32,2.69,Electrical Instability
2026-08-13 08:00:28.383986,45.41,0.146,101.21,10.44,2.67,Electrical Instability
2026-08-13 08:00:29.383986,50.35,0.146,99.71,10.33,2.46,Electrical Instability
2026-08-13 08:00:30.383986,47.5,0.247,101.49,10.17,2.54,Electrical Instability
2026-08-13 08:00:31.383986,50.48,0.211,100.09,9.82,2.93,Electrical Instability
2026-08-13 08:00:32.383986,46.8,0.226,102.81,10.34,2.56,Electrical Instability
2026-08-13 08:00:33.383986,46.39,0.128,101.68,10.66,2.59,Electrical Instability
2026-08-13 08:00:34.383986,48.14,0.235,100.61,10.37,2.66,Electrical Instability
2026-08-13 08:00:35.383986,48.44,0.199,103.06,10.45,2.81,Electrical Instability
2026-08-13 08:00:36.383986,47.42,0.255,101.94,9.92,2.73,Electrical Instability
2026-08-13 08:00:37.383986,48.24,0.123,101.43,10.43,2.68,Electrical Instability
2026-08-13 08:00:38.383986,49.05,0.183,103.77,10.0,2.78,Electrical Instability
2026-08-13 08:00:39.383986,49.31,0.157,101.25,9.94,2.57,Electrical Instability
2026-08-13 08:00:40.383986,49.19,0.122,101.81,10.05,2.44,Electrical Instability
2026-08-13 08:00:41.383986,47.12,0.309,99.32,10.4,2.54,Electrical Instability
2026-08-13 08:00:42.383986,48.59,0.23,101.85,10.11,2.45,Electrical Instability
2026-08-13 08:00:43.383986,50.54,0.228,101.02,10.39,2.59,Electrical Instability
2026-08-13 08:00:44.383986,47.65,0.2,101.82,10.36,2.74,Electrical Instability
2026-08-13 08:00:45.383986,47.78,0.279,100.96,10.25,2.46,Electrical Instability
2026-08-13 08:00:46.383986,48.92,0.227,102.06,10.67,2.74,Electrical Instability
2026-08-13 08:00:47.383986,49.87,0.178,100.64,10.52,2.81,Electrical Instability
2026-08-13 08:00:48.383986,47.17,0.236,101.95,9.99,2.75,Electrical Instability
2026-08-13 08:00:49.383986,47.23,0.079,101.14,10.33,2.65,Electrical Instability
2026-08-13 08:00:50.383986,55.06,0.219,101.45,10.38,2.6,Electrical Instability
2026-08-13 08:00:51.383986,51.19,0.218,101.62,10.11,2.43,Electrical Instability
2026-08-13 08:00:52.383986,48.34,0.214,100.86,10.34,2.63,Electrical Instability
2026-08-13 08:00:53.383986,50.21,0.151,101.49,10.1,2.44,Electrical Instability
2026-08-13 08:00:54.383986,49.02,0.277,99.84,10.29,2.79,Electrical Instability
2026-08-13 08:00:55.383986,53.96,0.175,100.67,9.97,2.84,Electrical Instability
2026-08-13 08:00:56.383986,47.63,0.181,99.45,10.48,2.85,Electrical Instability
2026-08-13 08:00:57.383986,51.06,0.12,101.91,9.84,2.68,Electrical Instability
2026-08-13 08:00:58.383986,49.78,0.216,101.83,10.25,2.38,Electrical Instability
2026-08-13 08:00:59.383986,50.45,0.205,100.4,9.86,2.91,Electrical Instability
2026-08-13 08:01:00.383986,51.84,0.235,100.62,9.62,2.79,Electrical Instability
2026-08-13 08:01:01.383986,50.12,0.181,102.42,10.46,2.7,Electrical Instability
2026-08-13 08:01:02.383986,49.46,0.203,101.98,10.03,2.74,Electrical Instability
2026-08-13 08:01:03.383986,47.55,0.267,101.83,10.07,2.69,Electrical Instability
2026-08-13 08:01:04.383986,47.69,0.275,102.92,10.41,2.91,Electrical Instability
2026-08-13 08:01:05.383986,49.71,0.238,102.52,10.24,2.69,Electrical Instability
2026-08-13 08:01:06.383986,51.28,0.232,100.54,9.69,2.66,Electrical Instability
2026-08-13 08:01:07.383986,45.22,0.15,100.43,10.09,2.81,Electrical Instability
2026-08-13 08:01:08.383986,51.5,0.225,101.93,10.4,2.31,Electrical Instability
2026-08-13 08:01:09.383986,49.45,0.11,101.81,9.71,2.66,Electrical Instability
2026-08-13 08:01:10.383986,50.53,0.144,102.26,10.35,2.74,Electrical Instability
2026-08-13 08:01:11.383986,50.83,0.182,101.45,10.23,2.69,Electrical Instability
2026-08-13 08:01:12.383986,48.1,0.138,100.96,10.13,2.58,Electrical Instability
2026-08-13 08:01:13.383986,51.15,0.141,101.13,10.51,2.83,Electrical Instability
2026-08-13 08:01:14.383986,51.88,0.17,102.08,9.95,2.65,Electrical Instability
2026-08-13 08:01:15.383986,49.09,0.171,100.94,10.09,2.54,Electrical Instability
2026-08-13 08:01:16.383986,51.17,0.191,101.5,10.26,2.7,Electrical Instability
2026-08-13 08:01:17.383986,49.65,0.185,102.72,10.4,2.7,Electrical Instability
2026-08-13 08:01:18.383986,48.58,0.194,101.72,10.59,2.49,Electrical Instability
2026-08-13 08:01:19.383986,50.79,0.256,99.81,10.16,2.54,Electrical Instability
2026-08-13 08:01:20.383986,50.34,0.182,101.17,10.11,2.8,Electrical Instability
2026-08-13 08:01:21.383986,49.94,0.212,101.46,10.35,2.66,Electrical Instability
2026-08-13 08:01:22.383986,52.89,0.138,99.57,9.75,2.39,Electrical Instability
2026-08-13 08:01:23.383986,50.84,0.228,102.51,9.94,2.81,Electrical Instability
2026-08-13 08:01:24.383986,49.61,0.208,101.93,10.01,3.09,Electrical Instability
2026-08-13 08:01:25.383986,52.17,0.173,100.21,10.18,2.73,Electrical Instability
2026-08-13 08:01:26.383986,51.64,0.142,101.59,9.81,2.77,Electrical Instability
2026-08-13 08:01:27.383986,49.3,0.297,99.75,10.54,2.45,Electrical Instability
2026-08-13 08:01:28.383986,46.87,0.116,101.55,9.9,2.5,Electrical Instability
2026-08-13 08:01:29.383986,49.93,0.223,101.34,10.15,2.98,Electrical Instability
2026-08-13 08:01:30.383986,49.82,0.24,101.44,9.91,2.79,Electrical Instability
2026-08-13 08:01:31.383986,48.22,0.195,101.61,9.7,2.47,Electrical Instability
2026-08-13 08:01:32.383986,51.36,0.167,100.68,10.23,2.65,Electrical Instability
2026-08-13 08:01:33.383986,50.38,0.197,101.5,10.01,2.74,Electrical Instability
2026-08-13 08:01:34.383986,51.76,0.172,102.22,10.17,2.82,Electrical Instability
2026-08-13 08:01:35.383986,49.81,0.198,101.65,10.48,2.75,Electrical Instability
2026-08-13 08:01:36.383986,50.52,0.182,102.87,10.34,2.72,Electrical Instability
2026-08-13 08:01:37.383986,49.32,0.249,100.69,9.73,2.72,Electrical Instability
2026-08-13 08:01:38.383986,51.95,0.28,101.19,10.18,2.79,Electrical Instability
2026-08-13 08:01:39.383986,49.05,0.226,101.21,10.42,2.82,Electrical Instability
2026-08-13 08:01:40.383986,51.2,0.19,103.23,10.29,2.75,Electrical Instability
2026-08-13 08:01:41.383986,48.06,0.195,101.41,9.97,2.67,Electrical Instability
2026-08-13 08:01:42.383986,49.26,0.203,99.54,10.13,2.66,Electrical Instability
2026-08-13 08:01:43.383986,49.55,0.252,103.35,10.33,2.53,Electrical Instability
2026-08-13 08:01:44.383986,48.91,0.23,101.78,10.41,2.71,Electrical Instability
2026-08-13 08:01:45.383986,48.88,0.288,101.36,9.9,2.94,Electrical Instability
2026-08-13 08:01:46.383986,46.62,0.025,102.07,10.38,2.78,Electrical Instability
2026-08-13 08:01:47.383986,47.01,0.197,101.02,10.02,2.93,Electrical Instability
2026-08-13 08:01:48.383986,47.53,0.216,102.49,10.25,2.91,Electrical Instability
2026-08-13 08:01:49.383986,50.75,0.221,101.67,10.3,2.67,Electrical Instability
2026-08-13 08:01:50.383986,47.03,0.248,102.46,10.21,2.64,Electrical Instability
2026-08-13 08:01:51.383986,46.52,0.204,99.95,9.77,2.72,Electrical Instability
2026-08-13 08:01:52.383986,48.11,0.217,101.14,9.99,2.47,Electrical Instability
2026-08-13 08:01:53.383986,47.94,0.159,100.07,10.06,2.56,Electrical Instability
2026-08-13 08:01:54.383986,49.32,0.212,100.47,10.25,2.53,Electrical Instability
2026-08-13 08:01:55.383986,47.43,0.194,101.99,10.35,2.97,Electrical Instability
2026-08-13 08:01:56.383986,48.91,0.194,100.27,9.82,2.77,Electrical Instability
2026-08-13 08:01:57.383986,48.11,0.262,99.84,10.26,2.58,Electrical Instability
2026-08-13 08:01:58.383986,48.03,0.227,100.62,10.0,2.61,Electrical Instability
2026-08-13 08:01:59.383986,53.25,0.169,101.35,10.08,2.77,Electrical Instability
2026-08-13 08:02:00.383986,48.45,0.19,101.69,9.91,2.9,Electrical Instability
2026-08-13 08:02:01.383986,52.06,0.23,101.37,9.38,2.8,Electrical Instability
2026-08-13 08:02:02.383986,48.91,0.188,99.4,10.25,2.52,Electrical Instability
2026-08-13 08:02:03.383986,49.93,0.245,100.83,10.43,2.63,Electrical Instability
2026-08-13 08:02:04.383986,50.9,0.135,102.33,10.34,2.81,Electrical Instability
2026-08-13 08:02:05.383986,48.92,0.13,100.91,10.4,2.76,Electrical Instability
2026-08-13 08:02:06.383986,46.6,0.144,102.55,10.24,2.56,Electrical Instability
2026-08-13 08:02:07.383986,46.18,0.169,99.45,10.08,3.11,Electrical Instability
2026-08-13 08:02:08.383986,46.53,0.191,102.61,10.3,2.72,Electrical Instability
2026-08-13 08:02:09.383986,49.43,0.142,101.03,10.17,2.91,Electrical Instability
2026-08-13 08:02:10.383986,48.49,0.191,100.35,10.16,2.86,Electrical Instability
2026-08-13 08:02:11.383986,50.99,0.141,101.45,9.94,2.9,Electrical Instability
2026-08-13 08:02:12.383986,49.42,0.124,101.08,10.22,2.78,Electrical Instability
2026-08-13 08:02:13.383986,48.72,0.171,100.31,10.0,2.62,Electrical Instability
2026-08-13 08:02:14.383986,51.69,0.155,101.42,10.11,2.89,Electrical Instability
2026-08-13 08:02:15.383986,51.93,0.235,101.65,9.84,2.59,Electrical Instability
2026-08-13 08:02:16.383986,48.07,0.238,101.37,10.31,2.9,Electrical Instability
2026-08-13 08:02:17.383986,48.31,0.202,101.29,10.01,2.67,Electrical Instability
2026-08-13 08:02:18.383986,52.14,0.203,101.31,9.89,2.86,Electrical Instability
2026-08-13 08:02:19.383986,47.76,0.223,101.78,9.99,2.8,Electrical Instability
2026-08-13 08:02:20.383986,50.15,0.198,101.31,10.1,2.78,Electrical Instability
2026-08-13 08:02:21.383986,49.91,0.145,101.15,10.15,2.77,Electrical Instability
2026-08-13 08:02:22.383986,51.7,0.231,100.43,10.04,2.71,Electrical Instability
2026-08-13 08:02:23.383986,49.79,0.2,101.91,10.13,2.94,Electrical Instability
2026-08-13 08:02:24.383986,50.28,0.158,100.83,10.23,2.52,Electrical Instability
2026-08-13 08:02:25.383986,47.11,0.201,102.25,10.4,2.73,Electrical Instability
2026-08-13 08:02:26.383986,51.93,0.204,99.77,10.07,2.67,Electrical Instability
2026-08-13 08:02:27.383986,51.65,0.199,100.02,9.7,2.76,Electrical Instability
2026-08-13 08:02:28.383986,44.98,0.174,101.53,9.81,2.91,Electrical Instability
2026-08-13 08:02:29.383986,52.21,0.149,101.0,10.32,2.76,Electrical Instability
2026-08-13 08:02:30.383986,47.04,0.193,100.45,10.35,2.86,Electrical Instability
2026-08-13 08:02:31.383986,49.21,0.207,99.99,9.88,3.0,Electrical Instability
2026-08-13 08:02:32.383986,49.95,0.247,101.53,10.39,2.47,Electrical Instability
2026-08-13 08:02:33.383986,49.47,0.282,102.26,10.39,2.77,Electrical Instability
2026-08-13 08:02:34.383986,48.78,0.149,100.2,10.26,2.85,Electrical Instability
2026-08-13 08:02:35.383986,49.72,0.225,101.44,10.3,2.91,Electrical Instability
2026-08-13 08:02:36.383986,47.73,0.214,99.63,10.09,2.86,Electrical Instability
2026-08-13 08:02:37.383986,47.24,0.179,101.31,10.11,2.73,Electrical Instability
2026-08-13 08:02:38.383986,47.53,0.197,99.65,9.99,2.71,Electrical Instability
2026-08-13 08:02:39.383986,49.61,0.172,99.79,9.96,2.91,Electrical Instability
2026-08-13 08:02:40.383986,52.4,0.322,102.99,9.75,2.71,Electrical Instability
2026-08-13 08:02:41.383986,49.84,0.196,101.37,10.65,2.61,Electrical Instability
2026-08-13 08:02:42.383986,48.46,0.282,100.68,10.14,2.93,Electrical Instability
2026-08-13 08:02:43.383986,50.87,0.21,102.24,9.82,2.7,Electrical Instability
2026-08-13 08:02:44.383986,50.97,0.097,102.72,10.12,2.8,Electrical Instability
2026-08-13 08:02:45.383986,46.64,0.136,100.9,10.24,2.47,Electrical Instability
2026-08-13 08:02:46.383986,51.49,0.182,101.08,10.1,2.82,Electrical Instability
2026-08-13 08:02:47.383986,48.49,0.231,98.98,9.92,2.81,Electrical Instability
2026-08-13 08:02:48.383986,49.23,0.109,102.06,9.72,2.77,Electrical Instability
2026-08-13 08:02:49.383986,50.23,0.201,102.47,10.02,2.85,Electrical Instability
2026-08-13 08:02:50.383986,49.82,0.231,102.69,10.06,2.9,Electrical Instability
2026-08-13 08:02:51.383986,52.85,0.268,100.91,10.29,2.82,Electrical Instability
2026-08-13 08:02:52.383986,52.17,0.228,101.58,10.13,2.83,Electrical Instability
2026-08-13 08:02:53.383986,50.53,0.192,101.05,10.46,2.86,Electrical Instability
2026-08-13 08:02:54.383986,48.8,0.186,102.36,9.84,2.57,Electrical Instability
2026-08-13 08:02:55.383986,47.14,0.114,100.0,9.72,3.0,Electrical Instability
2026-08-13 08:02:56.383986,49.87,0.182,99.86,9.98,2.53,Electrical Instability
2026-08-13 08:02:57.383986,49.23,0.303,101.96,9.96,2.9,Electrical Instability
2026-08-13 08:02:58.383986,48.93,0.16,103.0,9.73,2.74,Electrical Instability
2026-08-13 08:02:59.383986,50.59,0.153,101.95,9.93,2.89,Electrical Instability
2026-08-13 08:03:00.383986,51.15,0.188,103.01,9.84,3.0,Electrical Instability
2026-08-13 08:03:01.383986,52.33,0.289,101.47,9.81,3.11,Electrical Instability
2026-08-13 08:03:02.383986,49.32,0.159,101.11,9.76,2.88,Electrical Instability
2026-08-13 08:03:03.383986,48.78,0.186,102.27,10.16,2.8,Electrical Instability
